reviewer_id,week,capability_estimate,interval_lo,interval_hi,capability_prob,n_evidence,committed_frac
C000,1,-0.12209352499731291,-0.36507658983767155,0.12088953984304576,0.46951447954823794,16.266334186948075,0.6360972577895031
C000,2,-0.11210638014521604,-0.3543682819930462,0.13015552170261413,0.4720027209350115,20.14727853812648,0.7794217517330218
C000,3,-0.10795632831066387,-0.34955678665837464,0.13364413003704687,0.47303709958536844,16.524964640877723,0.6468735267032385
C000,4,-0.09565183450636655,-0.3366507107581175,0.1453470417453844,0.4761052568908265,20.9186154596609,0.836744618386436
C000,5,-0.08506524183029532,-0.325552827160446,0.15542234349985534,0.4787465040240407,19.883156102067485,0.7953262440826994
C000,6,-0.07307128248072789,-0.31306942942246596,0.16692686446101015,0.4817403033276799,21.297519985264874,0.8317054538756761
C000,7,-0.05922442351958506,-0.29881676885005676,0.18036792181088662,0.4851982203439415,21.994063327831427,0.8747526386596428
C000,8,-0.045317533178290494,-0.2846125045494026,0.19397743819282165,0.4886725552168571,22.028854523111335,0.8708197618744059
C000,9,-0.043725845945612504,-0.2827944062811653,0.19534271438994033,0.48907027988094504,15.922382858315219,0.5873810390143283
C000,10,-0.034701587396177555,-0.2736094152265829,0.20420624043422775,0.4913254736223287,19.207370389156562,0.7586404328815234
C000,11,-0.026218900589368755,-0.2650390948347479,0.21260129365601038,0.493445650320148,19.159719352854772,0.7460747544719466
C000,12,-0.0160980215612586,-0.2549166166297158,0.2227205735071986,0.49597558151873933,19.535536862315865,0.7814214744926347
C000,13,-0.006654113768523942,-0.24557497095567338,0.23226674341862547,0.4983364776958778,18.943112295165168,0.7577244918066067
C000,14,-0.00035149025879491896,-0.23941589590853865,0.23871291539094883,0.49991212743620594,17.82694012240295,0.6881278314088238
C000,15,0.005168301879002829,-0.23407669929726813,0.24441330305527378,0.501292072593669,16.827947843892435,0.6731179137556973
C000,16,0.017089833815269545,-0.22240594935247868,0.25658561698301774,0.5042723544714748,20.86357570357663,0.8201554653728971
C000,17,0.03019516341037689,-0.20964728553845888,0.27003761235921264,0.5075482173553696,21.407909686457085,0.8438221602807429
C000,18,0.03321825976962959,-0.20701306383832754,0.27344958337758674,0.508303801385388,15.731839177203213,0.6138266323834672
C000,19,0.04590871489191831,-0.19476747158234683,0.2865849013661835,0.5114751633629187,21.595316399772567,0.8378722095129794
C000,20,0.05016122981834739,-0.1910616400503155,0.2913840996870103,0.5125376786758772,17.032986791029096,0.637863035955868
C000,21,0.057509421538871314,-0.18430608794708334,0.29932493102482594,0.514373394135659,17.787534763295024,0.7115013905318008
C000,22,0.06918057276954448,-0.17329340281065134,0.31165454834974027,0.5172882486821235,20.2829522256933,0.8113180890277321
C000,23,0.07663647811673797,-0.166537423168726,0.3198103794022019,0.5191497480016335,19.0531117902295,0.716814847153786
C000,24,0.08674892349542714,-0.15714703621277631,0.33064488320363056,0.5216736407207979,19.756406146503988,0.7815169227709995
C001,1,-0.6922719860724977,-0.8702446234028506,-0.5142993487421449,0.33352784935801993,25.0,0.34761890471391005
C001,2,-0.6944161451146523,-0.871409657705476,-0.5174226325238287,0.33305140087494683,25.0,0.4968081858513743
C001,3,-0.7105464518018116,-0.8866633625849367,-0.5344295410186866,0.32947810556395346,25.0,0.16635747742774368
C001,4,-0.7265468649102174,-0.9018695649516063,-0.5512241648688284,0.3259529510743464,25.0,0.17269017091244143
C001,5,-0.7386225202441961,-0.9132454429469363,-0.5639995975414558,0.32330543406715767,25.0,0.26207976935677096
C001,6,-0.7444986279167813,-0.9185226489066941,-0.5704746069268686,0.3220212020111316,25.0,0.3932270261075042
C001,7,-0.745044792266809,-0.9185676114032545,-0.5715219731303635,0.3219019730654278,25.0,0.5131025329705069
C001,8,-0.7634897411336221,-0.9365839157352689,-0.5903955665319753,0.3178890856116158,25.0,0.10390690368679258
C001,9,-0.7759237675952816,-0.9486766055864484,-0.6031709296041148,0.3151990716880051,25.0,0.2453207659954842
C001,10,-0.7856236720853749,-0.9581277711658878,-0.613119573004862,0.31310912344594377,25.0,0.307858930309188
C001,11,-0.7996982879002055,-0.9720160277713845,-0.6273805480290264,0.31009006171504233,25.0,0.2136677276227444
C001,12,-0.8137878621389169,-0.985981541986001,-0.6415941822918327,0.3070839131389533,25.0,0.22038821231194602
C001,13,-0.8297017846796859,-1.0018581386064531,-0.6575454307529187,0.30370812992955376,25.0,0.18040218708703148
C001,14,-0.8481537628202662,-1.0203527272236679,-0.6759547984168646,0.2998202912626567,25.0,0.12618898356524832
C001,15,-0.860914437152301,-1.033256450073346,-0.6885724242312559,0.2971483289397442,25.0,0.25171034722813473
C001,16,-0.8753466129940047,-1.0479185221447973,-0.7027747038432121,0.2941430022346901,25.0,0.21593685608927551
C001,17,-0.8816555852845286,-1.0545539593461462,-0.7087572112229109,0.29283481847167725,25.0,0.4030455159619298
C001,18,-0.8977443359537292,-1.0710564507689349,-0.7244322211385233,0.2895142575046735,25.0,0.1801995284514876
C001,19,-0.9111162897590016,-1.084939215444756,-0.7372933640732473,0.28677146415940036,25.0,0.24213698788723131
C001,20,-0.9235478014564501,-1.0979790409042782,-0.749116562008622,0.28423555714602133,25.0,0.26312681988983183
C001,21,-0.9402774926422715,-1.1153901177783183,-0.7651648675062246,0.2808442937710055,25.0,0.17072862903853894
C001,22,-0.9572195270546368,-1.1331161517015627,-0.7813229024077107,0.2774352371034573,25.0,0.15836266971539725
C001,23,-0.9717972922864332,-1.148576885335129,-0.7950176992377374,0.27452240871684397,25.0,0.21263040292682495
C001,24,-0.9908985622717549,-1.168650869441082,-0.8131462551024278,0.2707346313167167,25.0,0.11255813678611769
C002,1,0.3812163504891848,0.02231894851326094,0.7401137524651087,0.5941664383520104,11.716599875757025,0.39620908526168286
C002,2,0.3765641565365684,0.0181658510622858,0.734962462010851,0.593044152720189,14.390567601064843,0.44160882110867594
C002,3,0.3724613014200896,0.014559963285491584,0.7303626395546876,0.5920535814795594,13.554929532718402,0.454996644415162
C002,4,0.3695642845585828,0.01212428852170594,0.7270042805954597,0.5913536900267842,14.691906988042629,0.48459534940213145
C002,5,0.36543063880328364,0.008417171831595793,0.7224441057749715,0.5903543999821034,14.697724704868293,0.45777498446675213
C002,6,0.36151146383128085,0.004886620388202645,0.7181363072743591,0.5894062675265799,15.361963832626598,0.4645535462570333
C002,7,0.3560897334812291,-0.00021032429728146118,0.7123897912597397,0.588093540324467,13.604232749596852,0.4302116374798426
C002,8,0.35000121956042113,-0.005976069114945914,0.7059785082357881,0.586617874657524,12.72329155939305,0.4153948361615739
C002,9,0.3388677231061259,-0.01686659177494715,0.6946020379871989,0.5839154531483698,10.216269940265764,0.29601285429836965
C002,10,0.34046629041800003,-0.01505874544593716,0.6959913262819373,0.5843037860043898,16.433753532119546,0.5920835015295023
C002,11,0.32234310058693866,-0.03301208274776052,0.6776982839216379,0.579895177340971,8.609474671040228,0.13734077216001203
C002,12,0.3106720189430694,-0.04454582372224192,0.6658898616083807,0.5770492848520756,10.750788104813648,0.28753940524068233
C002,13,0.309446187974873,-0.04566794378312605,0.664560319732872,0.5767500761460936,14.680129909298028,0.530914995877183
C002,14,0.2954811335384145,-0.05959153462180944,0.6505538016986384,0.5733374724938755,8.196600998094235,0.2362091362770107
C002,15,0.2920898108519795,-0.0629739051123917,0.6471535268163506,0.572507676076669,13.59989599627644,0.4818134543762019
C002,16,0.27699578440762274,-0.07814227033831944,0.6321338391535649,0.5688095471011937,7.5832281387189315,0.20832855175995144
C002,17,0.2656281823735269,-0.08961622804972391,0.6208725927967778,0.5660193169191126,11.60699165545861,0.2951048239715058
C002,18,0.25661447248194924,-0.09879596837340915,0.6120249133373077,0.5638038727889387,10.034920510149938,0.34934437000651897
C002,19,0.2476932422368859,-0.10794059895409633,0.6033270834278681,0.5616086479865363,12.0094757185602,0.35047378592801
C002,20,0.24212269713541773,-0.11373669095928335,0.5979820852301188,0.5602366881139551,13.575331467369455,0.4287665733684728
C002,21,0.22684380233506146,-0.12927597279284142,0.5829635774629643,0.5564690089625258,9.11264204602384,0.20563210230119208
C002,22,0.21927122685360106,-0.13717802150550423,0.5757204752127063,0.5545992215188038,13.23096263845258,0.38057698097118847
C002,23,0.20581936184117913,-0.15104240633466828,0.5626811300170266,0.5512739641537222,7.570749000915768,0.24220647830068556
C002,24,0.18932116559823367,-0.16800583025531415,0.5466481614517815,0.5471894265938668,9.22302842737058,0.16963307512476727
C003,1,-0.6244692752684176,-1.0462903191324004,-0.20264823140443472,0.34876566819740257,10.99953592085992,0.3636152691299963
C003,2,-0.6426221865584547,-1.0640828370217226,-0.22116153609518674,0.344654031313909,4.962802268424326,0.12881748993149247
C003,3,-0.6608431367150509,-1.0819928251442454,-0.23969344828585637,0.34055023802097595,4.0412852052485135,0.1267202168853547
C003,4,-0.6783501398876908,-1.0992217062835006,-0.25747857349188086,0.33662963369807153,5.312709783690782,0.1440308601604688
C003,5,-0.6940051494975681,-1.1146547899585444,-0.27335550903659184,0.33314270084057057,4.607900245804386,0.18431600983217541
C003,6,-0.7077949254445148,-1.1282259655449045,-0.28736388534412505,0.33008626401147423,7.2496604928550425,0.2282461083850019
C003,7,-0.7233392154281266,-1.1436277447409224,-0.30305068611533076,0.32665808918438455,5.419354149112917,0.1841397562130382
C003,8,-0.7444588120465869,-1.1646585009158252,-0.3242591231773487,0.3220298948147573,2.3102106909463864,0.0545921121227661
C003,9,-0.7626221044387786,-1.1827573557692883,-0.34248685310826904,0.3180772498671161,3.9459513402334956,0.12274797250972898
C003,10,-0.7823151439779756,-1.202415500203376,-0.36221478775257526,0.31382113415295,2.2097743182642295,0.08839097273056919
C003,11,-0.7997509867924553,-1.219819973658732,-0.37968199992617835,0.31007878773171266,4.3905698191762195,0.14127374246567578
C003,12,-0.8224016452414354,-1.2424740424669074,-0.40232924801596354,0.30525409521695424,3.4727968267390423,0.021490764851774657
C003,13,-0.8439087132160692,-1.2639873820652485,-0.42383004436689,0.30071220297636303,1.2148606885840136,0.04859442754336054
C003,14,-0.8667640918255779,-1.2868563361489451,-0.4466718475022106,0.2959280729945159,1.4291273410824528,0.01788030587843553
C003,15,-0.8856314956921774,-1.305749922100683,-0.46551306928367187,0.2920121553433618,4.514169935751076,0.10931173633700329
C003,16,-0.9061218192703383,-1.3263137109607563,-0.4859299275799204,0.2877940880776274,5.493515057542706,0.07111976464489074
C003,17,-0.926939199570385,-1.347240622448776,-0.5066377766919938,0.28354609693371163,4.444419081629338,0.0656554128013335
C003,18,-0.9469750053778745,-1.3674326147402365,-0.5265173960155126,0.2794935795485211,2.9969234206328355,0.08320514252636817
C003,19,-0.9682748770339584,-1.3889137363780546,-0.5476360176898624,0.27522448931524,6.037072547243898,0.05185362736219492
C003,20,-0.9888420279398418,-1.4097261110209687,-0.5679579448587149,0.2711408594793383,5.415852215313755,0.06742153406255975
C003,21,-1.0079294375198053,-1.4291009352845696,-0.5867579397550411,0.267385258629698,5.279571743433211,0.10361689742878231
C003,22,-1.0270156082228574,-1.4485137008697448,-0.60551751557597,0.2636630997108959,2.642001148680675,0.10568004594722699
C003,23,-1.047262675198113,-1.4691152997238974,-0.6254100506723284,0.25975108865284835,4.73215860666798,0.07873448212127179
C003,24,-1.0653176846155703,-1.4875739289604575,-0.6430614402706831,0.25629455043653354,4.977070659927305,0.12943785477944805
C004,1,-0.31501453273064395,-0.7712036764742566,0.1411746110129687,0.42189122259292156,6.135485369897782,0.24541941479591123
C004,2,-0.3278867235494108,-0.7836950533824945,0.12792160628367283,0.4187549045383596,7.776395557685474,0.25114763294284664
C004,3,-0.34142559338307377,-0.7969220048454009,0.1140708180792534,0.4154632250039828,5.894962666502641,0.23579850666010568
C004,4,-0.35891909090903473,-0.8141510057145137,0.09631282389644424,0.41122124871189203,3.614182499647919,0.14456729998591678
C004,5,-0.3767600941040007,-0.8317691643374281,0.07824897612942677,0.40690856002371256,4.221809280914655,0.13424205337144393
C004,6,-0.39726165322920426,-0.8520952891170352,0.057571982658626675,0.40197043455775416,3.6334514843447634,0.07101962975412017
C004,7,-0.4130910939447451,-0.8677913108362016,0.04160912294671154,0.3981711669278055,6.075064002849473,0.17717669577606404
C004,8,-0.4316074692605577,-0.8862125077422334,0.022997569221117897,0.393742548149883,6.443172970252783,0.11634157001203727
C004,9,-0.44416716908173914,-0.898740433672597,0.010406095509118807,0.3907484654667581,7.840906901667209,0.25395247398553084
C004,10,-0.4648224364256408,-0.9193732678342709,-0.010271605017010743,0.3858424332640627,4.489106229603488,0.0676866468001585
C004,11,-0.48687514407605936,-0.9414418049874809,-0.0323084831646378,0.3806299796440605,0.8938027219715516,0.035752108878862064
C004,12,-0.5059805362952163,-0.9605659450114146,-0.051395127579018096,0.376136253309014,7.0872003793317155,0.10436001896658582
C004,13,-0.521013574418076,-0.9756588940561415,-0.06636825478001063,0.3726152566487343,8.213623301604265,0.20064872864782216
C004,14,-0.5429314642795848,-0.9976787900675126,-0.08818413849165702,0.3675059128471488,2.9990566425425413,0.04343724532793656
C004,15,-0.5627744239807269,-1.0176562195869672,-0.1078926283744866,0.3629057548903231,4.0931517655109415,0.0910065985004757
C004,16,-0.583050704701353,-1.0380730282647899,-0.1280283811379161,0.35823092906251486,5.717998192730179,0.08180943774905611
C004,17,-0.6053550247134212,-1.0605809375834714,-0.15012911184337097,0.35311950629575617,0.8435277958543995,0.03374111183417598
C004,18,-0.625974736407587,-1.0814076667167172,-0.17054180609845698,0.3484238134506615,3.6821484023455247,0.07313688705850105
C004,19,-0.6437696160458606,-1.0994341826281615,-0.1881050494635596,0.34439491035134595,4.255997833270872,0.1356665763862863
C004,20,-0.6638951903372236,-1.119830848269318,-0.2079595324051291,0.33986515464539396,6.641553347604788,0.08207766738023936
C004,21,-0.6849122910483847,-1.1411836979219803,-0.22864088417478906,0.33516581347004165,1.5419124322606153,0.06167649729042461
C004,22,-0.7060229994495464,-1.162634042172649,-0.24941195672644362,0.33047820670737477,2.440234107970959,0.06000975449878996
C004,23,-0.7233722999221983,-1.1803266061029025,-0.26641799374149416,0.32665081220622444,6.2501783341271295,0.14773537882396043
C004,24,-0.743673747918102,-1.201043276815404,-0.28630421902080005,0.32220131917167194,1.930199482810707,0.07720797931242827
C005,1,0.4019833512452453,0.15960807961572507,0.6443586228747655,0.5991640881531725,25.0,0.46255048566806417
C005,2,0.4037119466971898,0.16204703728666636,0.6453768561077132,0.5995791675904404,25.0,0.587352898356995
C005,3,0.3998039197350699,0.15875449075466885,0.640853348715471,0.5986405488102888,25.0,0.45239011134250107
C005,4,0.40582159434970194,0.16534444203636817,0.6462987466630357,0.6000855536471932,25.0,0.6851396434072347
C005,5,0.3950475496132543,0.15506348654804897,0.6350316126784596,0.5974972012907805,25.0,0.2949779765710595
C005,6,0.395871090828062,0.15633714703503673,0.6354050346210872,0.5976952423427531,25.0,0.5664582804881634
C005,7,0.39511069600336374,0.15593290973518895,0.6342884822715386,0.5975123875438978,25.0,0.5259903494360237
C005,8,0.39036695122848986,0.1514836402077303,0.6292502622492494,0.5963710322126999,25.0,0.4348419024362585
C005,9,0.38062600643312283,0.14194347617780953,0.6193085366884361,0.5940240791968395,25.0,0.31523134134155806
C005,10,0.37044611050846216,0.13190281989566574,0.6089894011212585,0.5915667700595948,25.0,0.30622230860954003
C005,11,0.36964874717498686,0.13115115613339778,0.6081463382165759,0.5913741006409003,25.0,0.5198825126446723
C005,12,0.36280492599428504,0.12429156672124159,0.6013182852673284,0.5897192575635902,25.0,0.3812453072648703
C005,13,0.35681867965929315,0.11824691343597665,0.5953904458826096,0.5882701085564634,25.0,0.4040788050801969
C005,14,0.35140806819361764,0.11268436463973006,0.5901317717475052,0.5869589900902008,25.0,0.41440757082488594
C005,15,0.35044059865522453,0.11152227219541144,0.5893589251150376,0.5867244188643482,25.0,0.5202551186658689
C005,16,0.34951653015244477,0.11036085355822564,0.5886722067466639,0.5865003338311388,25.0,0.5243812665325339
C005,17,0.3460776736706421,0.10657763217140315,0.5855777151698811,0.5856661029631414,25.0,0.45959231012232
C005,18,0.3401513416106581,0.10026407868756201,0.5800386045337541,0.5842272851535764,25.0,0.40487757700213245
C005,19,0.33479487269004493,0.09442624681562023,0.5751634985644696,0.5829255838114147,25.0,0.4148366644049545
C005,20,0.3348649413084693,0.09393581312559152,0.575794069491347,0.5829426190294944,25.0,0.5397676099503874
C005,21,0.32550998569501005,0.08399814044853882,0.5670218309414813,0.5806664878315867,25.0,0.3247780732082984
C005,22,0.3146128790429148,0.07249602562486915,0.5567297324609605,0.5780108113945678,25.0,0.292393866993103
C005,23,0.31278431430952514,0.07001902022598688,0.5555496083930633,0.5775647347757253,25.0,0.5055302557577622
C005,24,0.3085092261782692,0.06505190906085187,0.5519665432956865,0.5765213385076956,25.0,0.45206400309684486
C006,1,0.08863662348329074,-0.16878527891488018,0.3460585258814617,0.5221446595661003,21.689409093313813,0.8423528139673243
C006,2,0.10432359901965443,-0.1524410270397717,0.36108822507908056,0.526057271369363,23.044739501561722,0.91112452279826
C006,3,0.12161068751728388,-0.1345208499704002,0.37774222500496796,0.5303652580470821,24.037706952453732,0.9518853476226866
C006,4,0.13541378253661668,-0.12015099685103797,0.39097856192427133,0.5338018097335021,22.59956914546991,0.8736615339721003
C006,5,0.1452652862895582,-0.10975674556245502,0.4002873181415714,0.5362525937856323,20.070548557404173,0.7856760242349641
C006,6,0.15645663248288827,-0.09808664209661794,0.4109999070623945,0.5390345643770129,21.5386848177055,0.8178255167213422
C006,7,0.17133524910342987,-0.08283373023408094,0.4255042284409407,0.5427293340159304,22.664114945498447,0.8984397802390629
C006,8,0.18526048436346298,-0.06859571248322077,0.43911668121014674,0.5461831073312776,22.56769762451574,0.8783848812257868
C006,9,0.19939418047039384,-0.054246307698236435,0.4530346686390241,0.5496840424162146,22.363267924452806,0.8801485420205821
C006,10,0.20848979058794992,-0.045030624512085615,0.46201020568798545,0.5519344599015551,20.209663976556914,0.7604831988278458
C006,11,0.22013036628885027,-0.03335874189088536,0.4736194744685859,0.5548114352508843,21.140962714405237,0.8162363197335827
C006,12,0.23314313528819797,-0.020338314181660377,0.4866245847580563,0.5580231972186158,22.173622675316512,0.8512432987008692
C006,13,0.24153940494735962,-0.012043306352794075,0.49512211624751334,0.560092976473175,19.229752461710696,0.73771602098685
C006,14,0.25588481203098984,0.002179748561057515,0.5095898755009222,0.563624419729366,22.689336338330325,0.8783861230700171
C006,15,0.2673998861461083,0.013507882219554013,0.5212918900726626,0.5664544697902043,20.91442681915965,0.8142921281436203
C006,16,0.27735951035129586,0.02321652603387525,0.5315024946687165,0.5688987542006856,20.36200140053172,0.7791429238348438
C006,17,0.28938055091685966,0.034906168870504684,0.5438549329632146,0.5718444747810534,20.620389956991325,0.8248155982796531
C006,18,0.29948814004897195,0.04461103281401879,0.5543652472839251,0.5743173836268479,20.160982036299767,0.7800446380136258
C006,19,0.31016880755667864,0.05484451269885232,0.5654931024145049,0.5769264646069134,20.705707875824764,0.7955098988487981
C006,20,0.3191224735820674,0.06335117351074249,0.5748937736533923,0.5791103773622833,19.880415919756732,0.7562102818931775
C006,21,0.32994281972455364,0.07369761256891144,0.5861880268801958,0.5817454639349587,20.847338716903234,0.8022542246144395
C006,22,0.337933995195967,0.08115062263571049,0.5947173677562235,0.5836885785389923,20.005536722648994,0.7371335117183682
C006,23,0.3452149242989249,0.08779854002720616,0.6026313085706436,0.5854567316014934,18.165711388371648,0.7152379745154853
C006,24,0.3552144457960019,0.09711159390454843,0.6133172976874555,0.5878814947118958,19.916418801327534,0.7789747304925017
C007,1,0.02250142295130697,-0.3319380257471675,0.37694087164978146,0.50562511840013,13.635721591756448,0.5454288636702579
C007,2,0.022317955960868496,-0.3316167479307065,0.3762526598524435,0.5055792574105741,15.020841529139906,0.5464018876881775
C007,3,0.015641019591675742,-0.3378590617394406,0.36914110092279206,0.5039101751823191,10.537010863285003,0.3973754526368752
C007,4,0.015311760313045375,-0.3377575171605192,0.36838103778660997,0.5038278652916341,14.543749330870014,0.5453804056900006
C007,5,0.016264297432599273,-0.3364072058379326,0.36893580070313114,0.5040659847281908,15.288502099257428,0.5777609608372795
C007,6,0.010637119228585346,-0.3417186287685166,0.3629928672256873,0.5026592547330131,10.63845456845916,0.4255381827383664
C007,7,0.008582816897860557,-0.3434591276617436,0.3606247614574647,0.5021456910526658,13.706423574348712,0.5089749380151614
C007,8,-0.0007075507369941336,-0.3525097986305891,0.35109469715660085,0.49982311232313104,8.54472220918328,0.34178888836733123
C007,9,-0.005352140153214224,-0.35693285925478285,0.3462285789483544,0.49866196815573355,11.824841168282127,0.451035048678422
C007,10,-0.0011162330246697362,-0.3525345214144551,0.35030205536511566,0.49972094177280757,16.442034643768057,0.6576813857507223
C007,11,-0.00404257012272876,-0.35544216915952404,0.34735702891406656,0.49898935884567375,13.548712774704246,0.4794869443047384
C007,12,-0.009668459799760235,-0.36108705408262026,0.3417501344830998,0.49758290387903115,10.487412823051331,0.41949651292205314
C007,13,-0.012588193857605859,-0.36406177631709663,0.33888538860188494,0.49685299309240333,13.648349167345827,0.48401587124299217
C007,14,-0.017669617777919422,-0.36925892651033826,0.3339196909544994,0.49558271048373703,10.890491772790856,0.43561967091163434
C007,15,-0.022867112966503303,-0.37457418611363663,0.32883996018063005,0.4942834708562737,12.539354441837196,0.4336070200835089
C007,16,-0.0270426690374714,-0.37894798574376987,0.3248626476688271,0.49323974472018595,12.496365565813907,0.4563637202527785
C007,17,-0.03892483772109124,-0.39112146974948664,0.3132717943073042,0.49027001906474027,6.860203055324937,0.2744081222129975
C007,18,-0.049385853985604,-0.40190791836029327,0.3031362103890852,0.4876560452719205,8.390351812604598,0.30793132552519153
C007,19,-0.050498549700621544,-0.4033592558908925,0.30236215648964937,0.48737804473523144,13.625455491674641,0.5260606454864434
C007,20,-0.06395421772874259,-0.41719253087040625,0.28928409541292105,0.48401689296121797,7.5820520933617095,0.24269791710268301
C007,21,-0.07842404537103403,-0.43210671277081797,0.2752586220287499,0.4804040311022872,5.3218907079756725,0.21287562831902687
C007,22,-0.09292297751697622,-0.44707862407705884,0.26123266904310644,0.47678595703627363,7.677854130227639,0.2126297331921654
C007,23,-0.11126010836894745,-0.4658907032926438,0.2433704865547489,0.4722136305155063,3.1075278984862065,0.12430111593944827
C007,24,-0.12306120085871528,-0.4781706185738258,0.2320482168563953,0.4692734670375589,8.356167805344867,0.27635512197151596
C008,1,-0.5399339011381273,-0.8986083568420684,-0.1812594454341862,0.3682029586777643,7.211051824471442,0.2265674706291931
C008,2,-0.5456860766616838,-0.9038908015732177,-0.1874813517501499,0.36686585010747014,11.447279612286602,0.4107512874907218
C008,3,-0.5511081885869167,-0.9089225699514376,-0.19329380722239575,0.3656073390060277,11.06909126512235,0.4195454693800979
C008,4,-0.564563144761747,-0.9220510812689678,-0.20707520825452608,0.3624922949019904,5.896131891350167,0.23584527565400662
C008,5,-0.5762911885220943,-0.9334991114345678,-0.21908326560962077,0.35978643688311046,7.619599995502302,0.27581666647926256
C008,6,-0.593716630551612,-0.9507065442661713,-0.2367267168370526,0.3557825417985993,5.28886992293646,0.14299434447549822
C008,7,-0.6047897821856728,-0.9616089696829306,-0.24797059468841498,0.3532486331706261,7.197614291737091,0.28790457166948363
C008,8,-0.611972760019292,-0.9686734471494557,-0.25527207288912834,0.35160931613371654,9.469271443793955,0.3787708577517582
C008,9,-0.6185601668162795,-0.9752156697638696,-0.2619046638686893,0.35010898979122446,11.020996146319474,0.3922172237530206
C008,10,-0.6304599078867394,-0.9871584713627951,-0.2737613444106838,0.34740626240504174,7.44765107551676,0.26865212814653167
C008,11,-0.6409077110995958,-0.9977124933013397,-0.2841029288978518,0.3450413788925696,7.529489923527825,0.3011795969411129
C008,12,-0.6586357089240746,-1.0156109198530752,-0.3016604979950742,0.34104614717004555,5.011809434102208,0.1309482362653134
C008,13,-0.6713241997522275,-1.0284730287284143,-0.31417537077604063,0.33820039376144057,8.467690353130816,0.24853137968776445
C008,14,-0.6860746226443684,-1.0434726824945504,-0.32867656279418633,0.3349068611220739,5.73061303331703,0.1971088763882096
C008,15,-0.7026840938463595,-1.060377868358892,-0.3449903193338271,0.3312173985549128,4.6905743088341545,0.15377392953475646
C008,16,-0.7194474418528454,-1.0774691224317086,-0.36142576127398207,0.32751467160640746,5.4739955540634035,0.1510432849592784
C008,17,-0.7375967919619688,-1.0959757470125462,-0.37921783691139155,0.32352988256567095,4.77529094103566,0.12066482352328958
C008,18,-0.7570795100983521,-1.115820115145834,-0.39833890505087016,0.3192806717345207,3.177647753125214,0.09073532304688392
C008,19,-0.7766062227352398,-1.1357332851887338,-0.4174791602817458,0.31505178327143984,2.252030568255917,0.09008122273023667
C008,20,-0.7947548294899,-1.1542705569932936,-0.4352391019865063,0.31114862825021006,6.574088969683217,0.1225756652230103
C008,21,-0.8120749869599697,-1.1720107174589336,-0.4521392564610058,0.3074485049019136,6.168586048191454,0.14402663855415698
C008,22,-0.8325920450941675,-1.1929802933880327,-0.4722037968003024,0.30309727498418826,3.6563328340037113,0.07201447104363963
C008,23,-0.8513751802996105,-1.2122469379136973,-0.49050342268552355,0.29914446166433667,3.689799798452533,0.11207499160218887
C008,24,-0.8722698575034077,-1.2336272747344423,-0.510912440272373,0.29478221147413847,5.339538688223136,0.0637875565820541
C009,1,-0.304580651563751,-0.5012578374367354,-0.10790346569076673,0.42443808850616643,25.0,0.6387278268862338
C009,2,-0.3004673532610037,-0.4962658366177432,-0.10466886990426422,0.42544323877594425,25.0,0.6419703957122934
C009,3,-0.29713964475428534,-0.49215360740345815,-0.10212568210511255,0.4262568692474037,25.0,0.6224311350677124
C009,4,-0.29721850654174364,-0.4915216945225727,-0.10291531856091457,0.42623758276700063,25.0,0.5462817849662931
C009,5,-0.296279502898299,-0.48998677352533704,-0.10257223227126103,0.42646724054834145,25.0,0.5579021195776654
C009,6,-0.2959812512616158,-0.4891763928569153,-0.10278610966631632,0.42654019239040103,25.0,0.5437355286220403
C009,7,-0.28880132019751437,-0.4815953643178843,-0.09600727607714446,0.4282973490229264,25.0,0.694155245395232
C009,8,-0.2868028934123238,-0.47928826944656094,-0.09431751737808663,0.4287867512320198,25.0,0.5722443743751009
C009,9,-0.28854265430413073,-0.48079182568471945,-0.09629348292354198,0.42836068679940853,25.0,0.4883199690088906
C009,10,-0.28034762533449853,-0.47246637225032306,-0.08822887841867402,0.43036855313990824,25.0,0.7117308519770033
C009,11,-0.2676612229181757,-0.4597416016869116,-0.07558084414943977,0.4334813512462924,25.0,0.8138840388351131
C009,12,-0.2689118461395751,-0.46103677206374394,-0.07678692021540626,0.43317425469913595,25.0,0.4910192308426216
C009,13,-0.26549182649231684,-0.45775329676796084,-0.07323035621667282,0.43401417803870945,25.0,0.5972326592670626
C009,14,-0.26744519680353684,-0.45990345152971146,-0.0749869420773622,0.43353440267971566,25.0,0.4771483603685902
C009,15,-0.2714031257306767,-0.46413066314240703,-0.07867558831894636,0.43256266219461803,25.0,0.4332151475662785
C009,16,-0.2735144301835137,-0.4666037009275105,-0.08042515943951684,0.4320445118273657,25.0,0.4737706550836421
C009,17,-0.266882645927733,-0.4603804826995409,-0.07338480915592507,0.43367256039348573,25.0,0.6817637741936334
C009,18,-0.26176436349271187,-0.45574372474912905,-0.06778500223629472,0.4349300381392593,25.0,0.6491931678606165
C009,19,-0.264219358531955,-0.45871207293212035,-0.06972664413178967,0.4343267807449917,25.0,0.47939356087105583
C009,20,-0.26993759977175213,-0.4650171081282276,-0.07485809141527669,0.4329224142637381,25.0,0.4060211358577595
C009,21,-0.2711675623038139,-0.4669184111418979,-0.0754167134657299,0.43262048267552505,25.0,0.5106485588366524
C009,22,-0.2677781915984769,-0.46426207558601373,-0.07129430761094005,0.4334526268546456,25.0,0.621837448544721
C009,23,-0.27019783642036876,-0.46750001529782503,-0.0728956575429125,0.43285852712659084,25.0,0.48742070611247384
C009,24,-0.2788440348443831,-0.4770502415732704,-0.08063782811549575,0.4307371990729579,25.0,0.34383464486225135
C010,1,-0.2747430152562584,-0.684390706750244,0.13490467623772728,0.43174306430711634,5.531817983362127,0.07294371349343462
C010,2,-0.29240094993116356,-0.7016195259100907,0.11681762604776358,0.4274161766431406,6.932824174188827,0.1396582940089917
C010,3,-0.3083907563625647,-0.7172200924675367,0.10043857974240739,0.4235075855065943,7.770576505438709,0.1795512621637481
C010,4,-0.32902108379300843,-0.737536726211264,0.07949455862524712,0.4184788275966502,8.253077612624399,0.06961542292357772
C010,5,-0.3493480395649906,-0.757592126696195,0.058896047566213805,0.4135405287127501,2.8842168551115908,0.07850903562964962
C010,6,-0.3718900569604876,-0.7798652673562251,0.03608515343524987,0.40808439624052023,4.580921640201591,0.027662935247694816
C010,7,-0.39231177732545125,-0.8000645049042401,0.015440950253337637,0.4031609114669223,6.495066890579586,0.07475334452897922
C010,8,-0.40984310673195795,-0.8174100961756063,-0.0022761172883096203,0.3989497418106934,7.006981074552886,0.14318957497870888
C010,9,-0.4292136013211618,-0.8366537026306698,-0.02177350001165379,0.3943141319377786,7.906525849309621,0.10034346575313798
C010,10,-0.44972875725338807,-0.8570447025407237,-0.042412811966052344,0.3894252583791211,7.415413616287545,0.07449545348881813
C010,11,-0.47216282811961613,-0.8793921850948361,-0.06493347114439613,0.38410445911711055,9.509959817926473,0.031872488620404635
C010,12,-0.48981383757007857,-0.8970425496261245,-0.08258512551403269,0.37993742374846673,6.10984029008649,0.1413563768221132
C010,13,-0.5119989638137202,-0.91926243944604,-0.10473548818140038,0.3747250387857345,6.716130031381896,0.03769105428325766
C010,14,-0.5298923895074467,-0.9371935011147454,-0.12259127790014784,0.3705419868212342,6.032068455443891,0.1378212934292678
C010,15,-0.5497764714781108,-0.9571327863881907,-0.14242015656803098,0.36591627086952183,5.055197313729437,0.09341805971497442
C010,16,-0.571796228892288,-0.9792205427320333,-0.16437191505254273,0.36082245780095523,3.9978584536548136,0.04535720243885517
C010,17,-0.5933946835725201,-1.00091951792029,-0.18586984922475014,0.3558563358983567,4.21885688030613,0.055402585468460434
C010,18,-0.6156357566195189,-1.0232652867875183,-0.2080062264515194,0.35077468002159984,5.825578736698362,0.04127893683491808
C010,19,-0.6358994599456251,-1.0436933137508344,-0.22810560614041597,0.34617405935533735,3.9443521715631125,0.08453705093752663
C010,20,-0.658757544597195,-1.0667469241319294,-0.25076816506246075,0.34101876712204565,4.524352235532383,0.02496915407297063
C010,21,-0.6815496139188593,-1.0897808291157423,-0.2733183987219763,0.3359155326265666,5.4968048235498355,0.024840241177491763
C010,22,-0.7038783041765325,-1.1124074777405424,-0.2953491306125227,0.33095291945897365,8.559858715188913,0.03293286559934776
C010,23,-0.7261830290947757,-1.1350951429368905,-0.3172709152526608,0.3260328936386048,5.576076217347813,0.028803810867390683
C010,24,-0.7402934343454248,-1.149623216691312,-0.3309636519995376,0.3229399810821531,6.288698639346337,0.22036244330609742
C011,1,-0.195786911621633,-0.5041049376146881,0.11253111437142213,0.451209029329343,12.754392605492257,0.4897663585621774
C011,2,-0.19261292480211992,-0.5003748945321039,0.11514904492786407,0.45199509124303505,15.93499243701609,0.6222913515423371
C011,3,-0.19432927196953684,-0.5016099301486208,0.11295138620954706,0.451569994853269,13.253316294409974,0.5105548456004155
C011,4,-0.19034921035785843,-0.497242044574553,0.11654362385883618,0.45255586388857316,16.67901245528656,0.638217932838546
C011,5,-0.190434695943055,-0.4970139138864778,0.11614452200036779,0.45253468500162447,14.102984065973974,0.5459576694155823
C011,6,-0.19209062178152886,-0.4983847976232133,0.11420355406015559,0.45212446660678174,13.790523458822793,0.5126314547314258
C011,7,-0.19770414743737508,-0.5037629968300845,0.10835470195533442,0.4507343290187143,11.161189408592985,0.42338289202470764
C011,8,-0.20333227425096956,-0.5092059082642635,0.10254135976232437,0.4493413472913961,11.76009259776389,0.42435185207669085
C011,9,-0.21575269526886592,-0.5214429596659376,0.08993756912820566,0.44627008847637506,7.427586979926074,0.2678161241635864
C011,10,-0.22476957205918685,-0.530332508392242,0.0807933642738683,0.4440429941939994,10.521116738623652,0.3418689426647115
C011,11,-0.23155838690038105,-0.5370690303038366,0.07395225650307446,0.44236769038070056,12.792527582467406,0.3896263791233703
C011,12,-0.23856309614455357,-0.5441045518696108,0.06697835958050363,0.4406404834246199,10.798919201306354,0.3825617044046241
C011,13,-0.24090903289916726,-0.5465097697531653,0.06469170395483087,0.4400623460394961,12.832720863610902,0.4930300359837876
C011,14,-0.2519552983713408,-0.5576957077486482,0.05378511100596661,0.43734229219846815,7.956095505095548,0.28983731271231455
C011,15,-0.263787980041137,-0.5697107608015157,0.042134800719241694,0.43443276784543405,8.250084047640087,0.2717427846800038
C011,16,-0.2733300509951604,-0.5794943623885283,0.032834260398207527,0.4320897557376401,8.045684314778349,0.32182737259113403
C011,17,-0.2818209435975421,-0.588255164962571,0.024613277767486785,0.4300074041296547,10.003832177493274,0.3479927033692728
C011,18,-0.29245131085340315,-0.5992066534126002,0.014304031705793807,0.42740385177969287,7.479141481211573,0.29916565924846295
C011,19,-0.2998590561447716,-0.6069662110613259,0.007248098771782618,0.4255919384466883,11.882204375995164,0.3753430655235792
C011,20,-0.30892034154302095,-0.6164574224706003,-0.0013832606154415839,0.4233782931023157,9.707964353224861,0.33512888492282006
C011,21,-0.32063979606273485,-0.6286543167379697,-0.012625275387499968,0.4205198325662202,6.860261268431656,0.2744104507372662
C011,22,-0.3338427746381642,-0.6423806616064439,-0.02530488766988448,0.4173059117139992,7.499468474626196,0.23910732498374768
C011,23,-0.3463722634098887,-0.6554783021715646,-0.03726622464821283,0.41426241330673286,7.105806013955449,0.25440858391481036
C011,24,-0.35805577730556976,-0.6677533746789506,-0.04835817993218894,0.4114302887713582,7.619678694701228,0.27581994561255113
C012,1,0.2699796950237241,-0.10711881796503436,0.6470782080124826,0.5670879201165904,15.87913956812917,0.6034408507882248
C012,2,0.27788021668643137,-0.09871309782471654,0.6544735311975793,0.5690264543872782,18.566633335942527,0.731943055664272
C012,3,0.27690717914631824,-0.09927382020133585,0.6530881784939724,0.5687878151774798,13.630406920003661,0.5262669550001525
C012,4,0.2771947903891114,-0.09867322753874552,0.6530628083169683,0.5688583556837222,14.23598561885543,0.551499400785643
C012,5,0.27148046256340225,-0.10414047426294532,0.6471013993897499,0.5674563202025285,10.322969293325428,0.41291877173301716
C012,6,0.2665535250076234,-0.10882263722035374,0.6419296872356006,0.5662466055239178,12.498852701423383,0.43176603188288093
C012,7,0.25970153885933644,-0.11546830239117778,0.6348713801098507,0.5645629220289423,10.333099622536269,0.3888791509390111
C012,8,0.2564509074383089,-0.11851489018970857,0.6314167050663264,0.5637636469708456,12.350611575064127,0.4729421489610053
C012,9,0.25387446747660947,-0.12092908103137778,0.6286780159845967,0.5631299085148876,12.762250523505433,0.49009377181272634
C012,10,0.24832802182418157,-0.12634946257623464,0.6230055062245978,0.561764927380759,10.576755467566246,0.4230702187026498
C012,11,0.24407987671779055,-0.13047381452012854,0.6186335679557097,0.5607188244695755,11.344110228334003,0.4537644091333602
C012,12,0.23696280749276202,-0.13756141039099348,0.6114870253765176,0.5589650457255116,10.166464464387513,0.3819360193494796
C012,13,0.22641044689536888,-0.14814422051068105,0.6009651143014187,0.556362049348565,8.940246890769881,0.30174986481608185
C012,14,0.21486357509956616,-0.15973159560433314,0.5894587458034655,0.5535101878030898,7.717499492215784,0.2798958121756577
C012,15,0.20141744599839695,-0.1732521445867901,0.576087036583584,0.5501848138486406,7.440655334927914,0.2365502319533876
C012,16,0.19295631876320105,-0.18179333648432275,0.5677059740107249,0.548089964502774,8.82312920938566,0.35292516837542637
C012,17,0.1891155308519012,-0.1857680173706927,0.5639990790744951,0.5471384753291293,13.1040731680229,0.45927605309195
C012,18,0.18320262908694318,-0.1918772698297334,0.5582825280036198,0.5456729843681587,10.298760281464325,0.41195041125857307
C012,19,0.17478730983614532,-0.2004914734849243,0.550066093157215,0.5435859192398752,12.092426685636504,0.35462133428182524
C012,20,0.16766271043686987,-0.20790066275620506,0.5432260836299447,0.5418177626317561,12.644803648137394,0.38224018240686974
C012,21,0.16051435518202176,-0.21537931671248842,0.5364080270765319,0.5400426512554973,10.199760952636819,0.38332337302653413
C012,22,0.15070161813858737,-0.22559482755075974,0.5269980638279345,0.5376042623284699,8.672435781502667,0.31968482422927785
C012,23,0.1414011532057545,-0.23533646388370286,0.5181387702952118,0.5352915055157084,8.310728331971978,0.33242913327887913
C012,24,0.12437054143438553,-0.25284272972712424,0.5015838125958954,0.5310526187664537,4.705464928572341,0.15439437202384754
C013,1,-1.0401822882182965,-1.2135570122434018,-0.8668075641931913,0.2611148228124914,25.0,0.36856627064957714
C013,2,-1.0504198058664287,-1.2227921491203668,-0.8780474626124907,0.25914449471743717,25.0,0.3076948085048769
C013,3,-1.0645963140757504,-1.2360655012027686,-0.8931271269487322,0.25643207335351814,25.0,0.21461310512402917
C013,4,-1.075377431522965,-1.2460391769013466,-0.9047156861445833,0.25438179116043624,25.0,0.29458123857338114
C013,5,-1.088621709378748,-1.2585740662300335,-0.9186693525274624,0.25187790834507146,25.0,0.22895781940548188
C013,6,-1.105262542612609,-1.2745665379093585,-0.9359585473158596,0.2487551516127534,25.0,0.16030580133886538
C013,7,-1.1235869576226623,-1.2923368720376562,-0.9548370432076684,0.24534654606288853,25.0,0.11159621934468586
C013,8,-1.1320819254165624,-1.3003716536820962,-0.9637921971510285,0.2437770936197469,25.0,0.32993223990235426
C013,9,-1.150129431065809,-1.3180563702769228,-0.9822024918546952,0.2404654427322068,25.0,0.10601682979105548
C013,10,-1.1693723334682316,-1.3370296374648127,-1.0017150294716504,0.23696845668744174,25.0,0.08052847009889601
C013,11,-1.1893165813622,-1.356781317799308,-1.021851844925092,0.2333811869323904,25.0,0.07252172432769487
C013,12,-1.2029221143388897,-1.3702872421105337,-1.0355569865672458,0.23095579654288612,25.0,0.21112362430394419
C013,13,-1.2182725241606818,-1.3856348624621408,-1.0509101858592227,0.2282405971013248,25.0,0.16744655608979922
C013,14,-1.2387206807866338,-1.4061770100822852,-1.0712643514909823,0.22465874825798812,25.0,0.04580262240007156
C013,15,-1.2557273954618204,-1.423366570055737,-1.088088220867904,0.22171027406886196,25.0,0.1313917058629363
C013,16,-1.273091781277307,-1.4410067630119419,-1.1051767995426722,0.21872844953753276,25.0,0.12679063604262145
C013,17,-1.294000740331379,-1.4622886447007306,-1.1257128359620272,0.21517641384390387,25.0,0.04433968623327859
C013,18,-1.314606734382564,-1.4833516549733143,-1.1458618137918137,0.2117169917931278,25.0,0.05943777516478539
C013,19,-1.3266674238256198,-1.495953943125359,-1.1573809045258805,0.20971114669001464,25.0,0.24699115298993038
C013,20,-1.3460047556448957,-1.5159297025585288,-1.1760798087312627,0.20652431294776832,25.0,0.08140964437533231
C013,21,-1.3649998594390131,-1.5356619817353037,-1.1943377371427226,0.20342889568635303,25.0,0.08747805820159393
C013,22,-1.3822959958914065,-1.5537864642166568,-1.2108055275661562,0.20064050587617493,25.0,0.1339794085793421
C013,23,-1.401103622270139,-1.5735181671560228,-1.2286890773842551,0.19764104165760146,25.0,0.10438826989836231
C013,24,-1.4220122782865574,-1.5954500727024554,-1.2485744838706594,0.1943463156558351,25.0,0.052484112027977495
C014,1,-0.8882196742579151,-1.0920401875359207,-0.6843991609799096,0.29147736075597325,20.133798603480166,0.743884137025272
C014,2,-0.8841348848564154,-1.0870940872069712,-0.6811756825058597,0.29232166253333547,16.53433274252522,0.647263864271884
C014,3,-0.8781893964461265,-1.0803386190746809,-0.676040173817572,0.29355312090018454,17.393948701633192,0.6957579480653276
C014,4,-0.8706102579248824,-1.0720071329242076,-0.6692133829255573,0.2951273358896858,19.248888275326177,0.7385858306966444
C014,5,-0.8597634831315921,-1.0604904510941127,-0.6590365151690716,0.2973887631759416,20.959813170706184,0.8163551441230082
C014,6,-0.8520026035225152,-1.052158866523939,-0.6518463405210915,0.2990129345401654,19.574264198580543,0.7416316285038353
C014,7,-0.837710718563407,-1.0373756792340887,-0.6380457578927252,0.30201715207737345,23.017278965337816,0.8956462613335693
C014,8,-0.8268826715312521,-1.0261284323456024,-0.6276369107169018,0.30430461606430204,21.08219992769679,0.8219181785316724
C014,9,-0.8190039113991421,-1.0178959807913692,-0.6201118420069149,0.3059751427541772,19.717899204639107,0.7599045093017774
C014,10,-0.8127641047556179,-1.0113488140966045,-0.6141793954146313,0.30730179471120467,19.305264588487,0.7288221232612857
C014,11,-0.8045208702327568,-1.0028883793769081,-0.6061533610886054,0.3090592923821553,20.20757224686874,0.7717891546127971
C014,12,-0.7968613261992844,-0.9951071629927394,-0.5986154894058294,0.31069731164956016,20.050506237561013,0.7525253118780507
C014,13,-0.7908316973447821,-0.9890453862044332,-0.592618008485131,0.3119901157733143,18.986367984392864,0.7136365706853743
C014,14,-0.7944563793651189,-0.9927270421400277,-0.5961857165902101,0.311212600210433,14.709391666357318,0.4854695833178658
C014,15,-0.7941301413967489,-0.9925050228924066,-0.5957552599010911,0.3112825366654736,15.88712144107938,0.5660534019561609
C014,16,-0.780330234984654,-0.9788536469286664,-0.5818068230406417,0.3142487172263106,22.542213232561227,0.882962534883868
C014,17,-0.7765765544760136,-0.9753316655607046,-0.5778214433913226,0.3150581855435624,18.08663518588033,0.6543317592940164
C014,18,-0.7686701121093733,-0.9677371372963723,-0.5696030869223743,0.3167668579075469,19.73028171697598,0.7490610341417133
C014,19,-0.7615889681687364,-0.9610614868307499,-0.562116449506723,0.3183013834795599,19.201717232959076,0.7238912968075752
C014,20,-0.7484301570455988,-0.9483961568070384,-0.5484641572841592,0.32116345791787015,22.657389087424196,0.8621993580837763
C014,21,-0.7349723683780215,-0.9355186860934828,-0.5344260506625602,0.3241045252493573,22.187564361258573,0.8721620164208445
C014,22,-0.7302308969159702,-0.9314644332185211,-0.5289973606134193,0.3251440607240489,17.549103769428257,0.6613228986103753
C014,23,-0.7157171909059211,-0.9177146519901777,-0.5137197298216646,0.32833678294831714,22.63115339691447,0.887197780805451
C014,24,-0.7066678924514067,-0.9095102230418471,-0.5038255618609663,0.3303355317614621,20.537370936797302,0.7651247861472266
C015,1,0.510877778430128,0.19781260818715413,0.823942948673102,0.6250122236697142,21.55064842361483,0.8562770176506181
C015,2,0.5286789088370606,0.21610603248109583,0.8412517851930253,0.629174935756167,24.00502951948895,0.9547740690676796
C015,3,0.5436186863896483,0.231536820280061,0.8557005524992356,0.6326538141640962,22.22926434782692,0.8891705739130767
C015,4,0.5586566756438294,0.2470302360990484,0.8702831151886103,0.6361416640091198,22.455320919584896,0.893971704982704
C015,5,0.5720292774330225,0.2608280911806262,0.8832304636854187,0.6392312883500063,21.73001974345733,0.85782694536771
C015,6,0.5849872161040459,0.2741103131173497,0.8958641190907422,0.6422141555413727,21.579723745515803,0.8445328975234456
C015,7,0.5981337663488289,0.2875006351882633,0.9087668975093944,0.6452292254085283,21.80676478399711,0.8479411801903387
C015,8,0.6152648513983917,0.3048742476080186,0.9256554551887648,0.6491408483889223,23.759658610221923,0.9409361242962822
C015,9,0.630373509430091,0.32022419251164935,0.9405228263485326,0.6525741494975571,22.684644723867738,0.8947565783576242
C015,10,0.6422727065576792,0.33230765933625883,0.9522377537790996,0.6552670281816779,20.89685461595166,0.8216023746065939
C015,11,0.6564773619646378,0.3466464249065899,0.9663082990226857,0.6584686333112967,22.0345140929766,0.8764380872073584
C015,12,0.667303583038826,0.3575132653306766,0.9770939007469753,0.6608991236561204,20.286778609570565,0.7950773308508942
C015,13,0.6820941583093547,0.3722880862986538,0.9919002303200557,0.664205931458508,22.528337388786742,0.8876516994903064
C015,14,0.6994556236943681,0.3895290365764793,1.009382210812257,0.6680670658847147,23.622008167508962,0.9425836736462068
C015,15,0.7161835955057767,0.40610586042512853,1.0262613305864248,0.6717660658331895,23.255805568837335,0.9302322227534934
C015,16,0.7292469083163652,0.4189432829504706,1.0395505336822597,0.6746399900454045,21.429255209511812,0.8447502265005136
C015,17,0.743720146511632,0.4331278746013898,1.0543124184218742,0.677808813623569,22.179513226670252,0.8773701402900109
C015,18,0.7600783775785861,0.44914127295183665,1.0710154822053355,0.6813707501677554,23.044332065502015,0.9217732826200806
C015,19,0.7742936169169233,0.46296475239631624,1.0856224814375304,0.6844489565880207,21.965085025493007,0.8735452093955418
C015,20,0.791116445507122,0.47929654572824765,1.1029363452859964,0.6880710027975111,23.30494307953809,0.9293726283140872
C015,21,0.8053764627196847,0.49303470319577847,1.1177182222435909,0.6911233823917048,22.184591656834233,0.8720268934924651
C015,22,0.8167934176773242,0.5039224873206825,1.1296643480339659,0.6935552480579947,20.765856938107316,0.8075389517321507
C015,23,0.8303113217776448,0.5168915457221424,1.1437310978331472,0.696420753152359,21.45087229563349,0.8580348918253397
C015,24,0.8410391545824851,0.5270396649929021,1.1550386441720681,0.6986840288214181,20.493893644998717,0.795176983863578
R000,1,-0.3254492068347776,-0.647339032801215,-0.003559380868340234,0.41934831146298196,16.903568285006273,0.662648678541928
R000,2,-0.3348075683570628,-0.656159870394766,-0.013455266319359727,0.4170713295787702,8.381654042994956,0.33526616171979834
R000,3,-0.3382231983129619,-0.6590394255081542,-0.01740697111776962,0.41624114789755945,11.841073653618572,0.47364294614474284
R000,4,-0.3487575431885109,-0.6691200615310657,-0.02839502484595602,0.4136837460122884,8.372745857899345,0.3071977440791393
R000,5,-0.3516250461540186,-0.671582851203075,-0.03166724110496211,0.41298840717067586,13.165610827009477,0.48546134030475985
R000,6,-0.3582322048940635,-0.6778600863129162,-0.03860432347521081,0.41138756654468656,9.993851738801517,0.39975406955206066
R000,7,-0.3630235934338983,-0.6823778604209554,-0.04366932644684124,0.4102278367880904,12.18480593378759,0.4428176492951125
R000,8,-0.37087538600334624,-0.6900465792635089,-0.05170419274318361,0.4083295143940215,9.842695794850595,0.3684456581187748
R000,9,-0.3764471975275078,-0.6954704855352338,-0.05742390951978177,0.4069840748000137,11.169496829240275,0.4237290345516782
R000,10,-0.38407124252783315,-0.7030151878703468,-0.06512729718531951,0.4051453393598995,9.405850547473708,0.37623402189894833
R000,11,-0.38681024104311024,-0.7057345627325259,-0.06788591935369459,0.40448540548238965,12.23193550272418,0.4892774201089673
R000,12,-0.39181219298014547,-0.7108023188690092,-0.0728220670912817,0.403281128360153,10.882855811653105,0.4353142324661242
R000,13,-0.3963310530770484,-0.7153883895616546,-0.0772737165924422,0.40219416211214915,11.733844461321187,0.4472435192217162
R000,14,-0.4063501942494787,-0.7255280486411304,-0.08717233985782702,0.3997875981393447,8.729918135759661,0.3220799223233192
R000,15,-0.415347642825739,-0.7347083828908892,-0.09598690276058874,0.397630552566643,9.259451917767286,0.3441438299069702
R000,16,-0.4284086399828513,-0.7480095257886288,-0.10880775417707372,0.3945063976007503,6.256441098036288,0.2502576439214515
R000,17,-0.4420644917464069,-0.7619376030945417,-0.12219138039827204,0.3912491522924837,6.699854348565507,0.23749393119022955
R000,18,-0.4624619582647112,-0.7826597402589629,-0.1422641762704595,0.3864019416797751,2.8913406559328365,0.0788058606638682
R000,19,-0.47364480839138573,-0.7941879731111949,-0.15310164367157658,0.38375392994606183,8.005757552761477,0.2919065646983949
R000,20,-0.4834103129661586,-0.8043592187729067,-0.16246140715941043,0.3814471535070949,8.074727064418143,0.3229890825767257
R000,21,-0.4969180089570214,-0.8183326714318674,-0.17550334648217536,0.37826522102015175,7.397129610096166,0.23465780913461595
R000,22,-0.5142313096927195,-0.8361574625983927,-0.19230515678704618,0.37420213279274767,4.521515532065756,0.14672981383607317
R000,23,-0.5318267764642532,-0.8542901879506701,-0.2093633649778363,0.37009092229972873,4.382500006526853,0.1409375002719522
R000,24,-0.5506263392800811,-0.8736597642966129,-0.22759291426354938,0.36571910570128624,3.6926539078306666,0.11219391282627776
R001,1,0.7306297839123228,0.4419256375742292,1.0193339302504163,0.6749434591094072,25.0,0.6245873141042945
R001,2,0.7383434760834039,0.45024937346977184,1.026437578697036,0.6766335139121042,25.0,0.7282114990496347
R001,3,0.7476650236498592,0.4601527972975535,1.035177250002165,0.6786697067981766,25.0,0.7677834731317873
R001,4,0.7562908251004103,0.4693323733693593,1.0432492768314614,0.6805478906282205,25.0,0.7540239562022042
R001,5,0.7610883435402221,0.4745876037617898,1.0475890833186545,0.6815899782988938,25.0,0.6614767557324879
R001,6,0.7682068994209916,0.4821109567069863,1.054302842134997,0.6831328824933657,25.0,0.7164009091837762
R001,7,0.77146942604399,0.48570285266760477,1.0572359994203753,0.6838386743448038,25.0,0.6258835482741741
R001,8,0.7707986528690225,0.485286114544872,1.0563111911931728,0.683693633062586,25.0,0.5335235537826146
R001,9,0.7744580049018475,0.4891467920738076,1.0597692177298872,0.6844844597953909,25.0,0.6350963651883798
R001,10,0.771514397787167,0.4863089572042846,1.0567198383700496,0.6838483973055793,25.0,0.47811083868462995
R001,11,0.772480875691207,0.4873060120193877,1.0576557393630264,0.6840573124656194,25.0,0.5678059094128232
R001,12,0.7793728058952731,0.49417588251119526,1.064569729279351,0.6855449235093917,25.0,0.7063340082462023
R001,13,0.7858838477814567,0.500589703851418,1.0711779917114954,0.6869468302883608,25.0,0.6962386718996042
R001,14,0.7913266259912101,0.5058600494339125,1.0767932025485076,0.6881161119039672,25.0,0.670387859896798
R001,15,0.7895241412180263,0.5038844420078268,1.0751638404282258,0.6877291453433435,25.0,0.5031595353522534
R001,16,0.7888275742332543,0.5029394388136748,1.074715709652834,0.6875795326142418,25.0,0.5274330293955911
R001,17,0.7910274430886456,0.5048154975419576,1.0772393886353335,0.6880518999511758,25.0,0.5934695671913484
R001,18,0.7918264483512112,0.505262747656251,1.0783901490461714,0.6882233698573311,25.0,0.5632256729867834
R001,19,0.7873440487428898,0.5004006006481185,1.074287496837661,0.6872607620411045,25.0,0.4431531475942791
R001,20,0.7836277893130411,0.496251591215475,1.0710039874106072,0.6864614584174128,25.0,0.4620209450529514
R001,21,0.7841317608426372,0.4962947267133671,1.0719687949719074,0.6865699190859459,25.0,0.5620929703888767
R001,22,0.7797616228063322,0.49143561454913637,1.068087631063528,0.6856287359214583,25.0,0.4513494727982308
R001,23,0.7792094917700115,0.49029791842540116,1.0681210651146218,0.6855097163134054,25.0,0.5357333267590008
R001,24,0.7752768712590979,0.4857789592507382,1.0647747832674577,0.6846612799428755,25.0,0.4580654811470734
R002,1,-0.11797229005011989,-0.5503970141477339,0.3144524340474942,0.4705410856731469,3.7460551521894785,0.03391159782679445
R002,2,-0.13746006178625086,-0.5694454650890715,0.2945253415165697,0.4656889938534456,6.942771410451261,0.09713857052256306
R002,3,-0.1568427960914842,-0.5884511398969035,0.27476554771393513,0.460869484564786,5.164957040469469,0.09840713820315768
R002,4,-0.1779480447725199,-0.6091826645928682,0.2532865750478284,0.455630010245541,5.240946056726375,0.05909266936792267
R002,5,-0.1974070736590901,-0.6282712645688284,0.23345711725064822,0.4508078775095165,6.054780414077786,0.09784668638465645
R002,6,-0.21936951759973194,-0.6498741416288334,0.2111351064293695,0.4453764989370667,4.861039604851571,0.04100188594531292
R002,7,-0.23988018805826977,-0.6700605844228931,0.19030020830635347,0.4403158767136192,4.646279887190557,0.07483090396320714
R002,8,-0.26031743627965354,-0.6902236956839158,0.16958882312460877,0.43528567692998094,6.476812303751548,0.07384061518757742
R002,9,-0.2826564018637119,-0.712348515017323,0.14703571128989923,0.429802644428061,5.578193245122768,0.028909662256138346
R002,10,-0.3027783415189108,-0.7323163944377833,0.12675971139996167,0.42487843539337394,4.679724058628167,0.07635109357400766
R002,11,-0.32214348469319887,-0.7515336685541134,0.10724669916771573,0.4201534532118492,6.89484614210129,0.09474230710506445
R002,12,-0.3412747097128373,-0.7705873564335229,0.08803793700784834,0.4154998681037946,5.075626784255032,0.0943466720115924
R002,13,-0.3585635029485132,-0.7878343551286661,0.07070734923163968,0.41130734579330397,6.893400572471226,0.13778097964148697
R002,14,-0.3758342318653228,-0.8050888092802126,0.05342034554956715,0.4071320212903554,6.079645239074693,0.13998387450339517
R002,15,-0.3945612432553609,-0.823843257167334,0.034720770656612165,0.40261975815742795,7.142983570449446,0.10714917852247234
R002,16,-0.4136215806588379,-0.8429936672022463,0.015750505884570498,0.3980440527945741,8.789206509567729,0.09940036164265154
R002,17,-0.4346098529940531,-0.8640813917654361,-0.005138314222670082,0.3930260801784833,3.290934906937282,0.05612760464944704
R002,18,-0.4546107475917157,-0.8841871000315185,-0.025034395151913025,0.3882650803817279,6.594591801513064,0.0797295900756532
R002,19,-0.4716894836047923,-0.9014096575906987,-0.04196930961888584,0.384216443529343,8.832100104475883,0.14905790023557272
R002,20,-0.4892802596426955,-0.9192117755643925,-0.059348743720998576,0.3800631347430436,6.907264848546557,0.13844118326412178
R002,21,-0.5057072600020817,-0.9359073983338857,-0.07550712167027757,0.376200381885462,9.154759559863816,0.16603997683493768
R002,22,-0.5267399757396142,-0.9573033485605522,-0.09617660291867608,0.3712775573528604,6.1373785711729445,0.05686892855864719
R002,23,-0.545968647982252,-0.9768983656368465,-0.11503893032765744,0.36680021823924197,6.986769324079754,0.09933846620398767
R002,24,-0.5642499521738236,-0.9955877555802334,-0.13291214876741375,0.3625646742044868,5.708871248712474,0.12313051130511245
R003,1,0.2768015115077016,-0.07568120372803783,0.6292842267434411,0.5687618980737449,15.523733238155971,0.5879884016589552
R003,2,0.2747311570177734,-0.07723757952373184,0.6266998935592787,0.5682540263785507,13.058848836188616,0.5024520348411924
R003,3,0.2827996073259609,-0.06868951670920725,0.634288731361129,0.5702324509155621,19.00327484178343,0.7392728192079752
R003,4,0.2862353225666112,-0.06477613866579296,0.6372467837990154,0.5710742287785364,15.815824217889624,0.6326329687155849
R003,5,0.2838846124864556,-0.06671349893857681,0.634482723911488,0.5704983300255554,12.986366447159153,0.4994319352982981
R003,6,0.2809416111762408,-0.06928231870212687,0.6311655410546084,0.5697770573306256,13.208398673231926,0.4873216814448664
R003,7,0.2775312815668208,-0.07238012705387581,0.6274426901875174,0.5689408811013547,13.482792827732787,0.47649058307876313
R003,8,0.2765474879946168,-0.07310839596422791,0.6262033719534615,0.5686995921811288,15.201852509570344,0.5334215480747782
R003,9,0.2696692227756026,-0.07973350170525051,0.6190719472564558,0.5670116978376303,10.541961386127992,0.39758172442199974
R003,10,0.26344865950402896,-0.08575799428016057,0.6126553132882184,0.5654838589261796,10.301779377661074,0.412071175106443
R003,11,0.25921848799150515,-0.08980279449578049,0.6082397704787907,0.5644441691459078,13.110430813304635,0.45956503696839257
R003,12,0.2567095411695261,-0.09220742787831765,0.6056265102173699,0.563827252800628,13.937409951463353,0.49715499779378886
R003,13,0.25634187442479406,-0.09253245537074717,0.6052162042203353,0.5637368318377836,15.037674598102743,0.5471670271864882
R003,14,0.2536200512115418,-0.09527296985974987,0.6025130722828335,0.5630673173905204,13.349429671820213,0.4934534639921831
R003,15,0.24798834783750487,-0.10098346021603807,0.5969601558910478,0.5616813029548747,11.807956547505947,0.4264328933698237
R003,16,0.24671224769956016,-0.10234095907961169,0.595765454478732,0.5613671082613464,14.14638582758546,0.5281037316341505
R003,17,0.2504076071649267,-0.09878773071649144,0.5996029450463449,0.5622768243575089,16.097819214336347,0.6439127685734539
R003,18,0.2439445295796737,-0.10547787579685261,0.5933669349562,0.5606854864056534,11.379670024896194,0.407811740212878
R003,19,0.23522836269784428,-0.11448689149428457,0.5849436168899731,0.5585374213506995,10.14613978859483,0.3541799908084709
R003,20,0.22217791807314907,-0.12787913765333359,0.5722349737996317,0.5553171148218665,7.841421555913513,0.25397485025710925
R003,21,0.21294372304195908,-0.1375116689173475,0.5633991150012656,0.5530356733763613,8.495705514249474,0.33982822056997897
R003,22,0.197992392421043,-0.15286325953231633,0.5488480443744024,0.5493370316121194,9.158496710633306,0.20792483553166535
R003,23,0.19033235330916135,-0.16092548674618087,0.5415901933645035,0.5474399597902198,11.304150764105868,0.37746139836844855
R003,24,0.18038446077637427,-0.17136583574025155,0.5321347572930001,0.544974231573291,8.65084252135515,0.3187851050564646
R004,1,-0.37416110539617314,-0.7156297011107305,-0.032692509681615745,0.40753593575882996,9.458888052973062,0.32429948056404617
R004,2,-0.3844305478009503,-0.7254144220657239,-0.04344667353617665,0.40505874880936377,7.697748799731313,0.30790995198925253
R004,3,-0.3826234174036529,-0.723177187441117,-0.042069647366188734,0.4054943168347006,15.094900523402933,0.5872875218084556
R004,4,-0.39077417544726006,-0.7309987739696295,-0.05054957692489054,0.40353094762510083,10.839342674331787,0.35633375792417216
R004,5,-0.3914905196305408,-0.7314179088117292,-0.0515631304493524,0.4033585399990505,13.754871026152244,0.5314529594230102
R004,6,-0.3970960047633669,-0.736784810242441,-0.05740719928429283,0.40201025547283736,11.685319462724602,0.42110084620541754
R004,7,-0.40820253865848877,-0.7477493321943915,-0.06865574512258593,0.3993431968733641,8.651400410428243,0.2891913221925323
R004,8,-0.4157062908009487,-0.7551666812635267,-0.07624590033837059,0.3975446521803668,11.210675779536823,0.3732125354334919
R004,9,-0.42582127786446083,-0.7652006401099793,-0.08644191561894227,0.3951246120325267,9.909462719358242,0.31406648724355646
R004,10,-0.4382791350949604,-0.77763609738845,-0.09892217280147086,0.3921510932170752,7.261482077385242,0.2608950865577184
R004,11,-0.44968104420244437,-0.789050509151979,-0.11031157925290974,0.38943660332504304,7.173460043634971,0.28693840174539886
R004,12,-0.4569140258105186,-0.7963295701553833,-0.11749848146565389,0.38771815754277844,9.630284997793513,0.3852113999117405
R004,13,-0.4728263213102757,-0.8123638839869365,-0.13328875863361483,0.3839475097861414,5.36901251621419,0.18204218817559123
R004,14,-0.48732942167254784,-0.8270317999545699,-0.1476270433905258,0.3805228891471171,8.480418907311728,0.21335328130055847
R004,15,-0.4982227761367064,-0.8381063868282883,-0.15833916544512455,0.3779584138105188,8.881233416465058,0.29918406158543737
R004,16,-0.5154438992551084,-0.8555688710370879,-0.17531892747312877,0.37391821810082027,5.517756421729705,0.15294593137955234
R004,17,-0.5245911496713821,-0.8649600131112121,-0.18422228623155212,0.37177929755612477,10.497485650328965,0.3407948022876802
R004,18,-0.5379381387899023,-0.8786346362632764,-0.19724164131652805,0.36866735395291306,8.31135367518626,0.24142516705392095
R004,19,-0.5543171412000057,-0.895411825858729,-0.21322245654128247,0.3648633804665449,5.017445075124844,0.1673935447968685
R004,20,-0.5733987921690028,-0.9149019924412347,-0.23189559189677084,0.3604529417508908,4.441877207640885,0.10616857424525586
R004,21,-0.5885840691035883,-0.9305336324732321,-0.24663450573394452,0.356959800510197,5.672057139492497,0.19466904747885408
R004,22,-0.6081958657694079,-0.9506364582295684,-0.2657552733092473,0.35247085508930753,5.01254165970327,0.09147916635014863
R004,23,-0.6275959281417156,-0.9705553731409902,-0.284636483142441,0.34805585344985573,3.34218544947645,0.09759106039485209
R004,24,-0.648274717147239,-0.9917648493749063,-0.3047845849195719,0.34337843112441613,3.5907967780770553,0.06916507730769808
R005,1,0.0227867342689097,-0.20501167151364175,0.25058514005146115,0.5056964370867785,25.0,0.841098985834097
R005,2,0.037673069257922465,-0.18937339483067622,0.26471953334652115,0.5094171535582633,25.0,0.8927094824541538
R005,3,0.04968666426581245,-0.1766963153235251,0.27606964385515,0.5124191111830643,25.0,0.8257198621072829
R005,4,0.06302407698240431,-0.16276926066562042,0.28881741463042904,0.5157508060289194,25.0,0.8580536180788223
R005,5,0.07467437605487848,-0.15064039033700047,0.29998914244675745,0.5186599237668121,25.0,0.8127298415363583
R005,6,0.08965945400795072,-0.13528756379293444,0.3146064718088359,0.5223998598129554,25.0,0.8838958144938335
R005,7,0.10534071315771847,-0.11932611183482326,0.3300075381502602,0.5263108525597274,25.0,0.8996840032845393
R005,8,0.1163436877836232,-0.10808241282662648,0.34076978839387284,0.5290531577290379,25.0,0.7953745189243513
R005,9,0.1274346499330079,-0.09680784706922935,0.35167714693524516,0.5318156180828432,25.0,0.8001111201547545
R005,10,0.13975764266418106,-0.0844203582017051,0.36393564353006724,0.5348826512345342,25.0,0.8189803752237502
R005,11,0.15378858075470192,-0.0704245317346871,0.37800169324409094,0.5383715480906125,25.0,0.8543337150503679
R005,12,0.16629577753453395,-0.058009518945839944,0.39060107401490785,0.5414784004504779,25.0,0.8215185912920724
R005,13,0.1804460033316952,-0.04397134703178457,0.40486335369517495,0.5449894926888877,25.0,0.8633459063165283
R005,14,0.1902392559499112,-0.03436323461973276,0.4148417465195552,0.5474168948687986,25.0,0.763278300440662
R005,15,0.20369586015943353,-0.021191530424872984,0.42858325074374004,0.5507486144575563,25.0,0.8437175065580165
R005,16,0.21978704319315673,-0.0054247656087687834,0.44499885199508227,0.5547266343253295,25.0,0.908396672137923
R005,17,0.23455374145458585,0.008944142967744068,0.46016333994142766,0.5583710711541141,25.0,0.8782875890451863
R005,18,0.24487201454251672,0.018807092869224773,0.4709369362158087,0.5609139290970359,25.0,0.7774905085349368
R005,19,0.25579031210108205,0.02924994645143622,0.4823306777507279,0.5636011771491878,25.0,0.7949139542412283
R005,20,0.26948833610020595,0.042384359663856785,0.4965923125365551,0.5669672879144386,25.0,0.8569577005592416
R005,21,0.2822613731231274,0.05453583579372659,0.5099869104525282,0.5701005422741939,25.0,0.8373424112607072
R005,22,0.29584213357761296,0.06742064128420536,0.5242636258710206,0.5734257785676782,25.0,0.8560666222022627
R005,23,0.308722499212099,0.07954664898227573,0.5378983494419223,0.5765734070926982,25.0,0.8414736169363985
R005,24,0.3232331049140749,0.09328232418348009,0.5531838856446698,0.5801119818814583,25.0,0.8826922380312116
R006,1,-0.3576981707391912,-0.669447382557504,-0.0459489589208783,0.4115168878766584,11.46782181467814,0.355610562603721
R006,2,-0.3636046120898367,-0.6748078289268703,-0.052401395252803074,0.410087271913163,12.636111130168622,0.4112433871508869
R006,3,-0.37645410762106035,-0.6871407009722696,-0.06576751426985106,0.4069824070635667,9.32538116664461,0.253589579364029
R006,4,-0.3758750259695598,-0.686093444127372,-0.06565660781174759,0.4071221746287814,15.012338030556142,0.5657538274154844
R006,5,-0.3916020475355326,-0.7014093778114829,-0.08179471725958226,0.4033316999349939,9.633442891062243,0.191233836371697
R006,6,-0.4013008828391851,-0.7107486174854618,-0.0918531481929083,0.40099982897104486,12.306667852574362,0.3319298869775981
R006,7,-0.40879480452527484,-0.7179119846394144,-0.0996776244111352,0.3992011395942288,11.496880292173385,0.3862218314624265
R006,8,-0.4252299367839364,-0.7341046076990464,-0.11635526586882639,0.39526595199396686,5.1450276559408525,0.1727094856642022
R006,9,-0.4337016618075798,-0.7423358657995782,-0.12506745781558137,0.3932427561981313,10.233868916596638,0.35799430072159294
R006,10,-0.4394503623741425,-0.7478936981343571,-0.13100702661392777,0.3918719446873903,13.454777495307678,0.42273887476538385
R006,11,-0.4480303852413131,-0.7563544769615432,-0.139706293521083,0.38982916152698677,11.536564138135471,0.3588840065778796
R006,12,-0.4634979141166116,-0.7717825377367658,-0.1552132904964575,0.38615635015243,8.952054432375265,0.1976027216187633
R006,13,-0.47291510149637256,-0.7812080451499628,-0.16462215784278234,0.38392651066355815,12.43727867900046,0.3388041410000242
R006,14,-0.4848293666757742,-0.7932223467088058,-0.1764363866427427,0.3811123909379543,9.10247802826704,0.2773853649212291
R006,15,-0.4953080992594864,-0.8038490858178087,-0.18676711270116414,0.3786439147542986,9.864726244666533,0.312033011121206
R006,16,-0.5083453549465615,-0.8170929551703957,-0.19959775472272734,0.37558149298882065,10.069022839373826,0.2534511419686913
R006,17,-0.5274357568784869,-0.8364183110901622,-0.21845320266681156,0.3711151553426355,4.670046508594485,0.11608897863454279
R006,18,-0.5455497040135227,-0.8548001119033372,-0.23629929612370815,0.36689752668004505,7.701158992527357,0.1350579496263678
R006,19,-0.5552903782069386,-0.8648627715553254,-0.24571798485855173,0.3646378740538825,12.142466667334396,0.3232877193333892
R006,20,-0.5697344296580951,-0.8796991659757851,-0.259769693340405,0.36129810607953805,7.7467704600966965,0.21576229364075894
R006,21,-0.5853599107088238,-0.8957679823802636,-0.274951839037384,0.3577002130455527,10.39082004624551,0.18837889145808398
R006,22,-0.6003361138196749,-0.9112675156147161,-0.2894047120246337,0.3542667999944834,6.567253034218981,0.1985762188790862
R006,23,-0.623327632224065,-0.9348251860660723,-0.31183007838205756,0.3490250122497599,3.2864105999608877,0.013018663634585799
R006,24,-0.6438649355071974,-0.9559500517508062,-0.3317798192635885,0.3443733887700126,7.330442975119671,0.07002331447998275
R007,1,0.5204882258109733,0.17693934285171126,0.8640371087702354,0.6272619227480318,20.75106716363365,0.8229611318180688
R007,2,0.5331475833877273,0.19015415007172887,0.8761410167037257,0.6302169361382358,21.528093967487195,0.8421860894312363
R007,3,0.5362352900721654,0.19373413284787067,0.8787364472964602,0.6309362164901833,16.303539331584187,0.6218930144167039
R007,4,0.5502839998896454,0.20819088640360994,0.8923771133756808,0.6342014786454744,21.95955284946191,0.873314702060913
R007,5,0.5578706781145447,0.21607636499722255,0.8996649912318668,0.6359597132787743,18.575666247999475,0.7206811412173684
R007,6,0.5635521613958182,0.22195566867282235,0.9051486541188141,0.6372740428396657,16.819299198742517,0.6727719679497006
R007,7,0.5652003536730543,0.2237682006206303,0.9066325067254783,0.6376549458382531,14.947822023467506,0.5811592509778127
R007,8,0.5728818271933667,0.23155780589000374,0.9142058484967296,0.6394278754660714,18.301741594186893,0.7209058997577872
R007,9,0.5805723912739805,0.23929478767177326,0.9218499948761878,0.6411991029219087,18.322087278853402,0.7217536366188918
R007,10,0.5826522568912316,0.24135333404195702,0.9239511797405061,0.6416774620025489,15.20589245474621,0.5919121856144255
R007,11,0.5867839283800226,0.24543388703205726,0.9281339697279879,0.6426268897732558,16.02689365185945,0.6410757460743778
R007,12,0.5927799308059358,0.251325058192461,0.9342348034194107,0.6440027363880604,17.430184164202107,0.6845910068417546
R007,13,0.5956842549265194,0.2540910216136789,0.93727748823936,0.6446683122323328,15.75571151194497,0.6148213129977071
R007,14,0.5957382568314523,0.2539818942413922,0.9374946194215124,0.644680682410344,15.561608438685598,0.5505527827945522
R007,15,0.5924578316719289,0.2505365452203242,0.9343791181235336,0.6439288874813367,12.373595698471577,0.47389982076964904
R007,16,0.5963027073920097,0.25418262167363376,0.9384227931103857,0.6448099691275576,15.995662364619491,0.6398264945847797
R007,17,0.5958946277572109,0.2535116679916285,0.9382775875227933,0.644716501096972,13.976398534954438,0.5406832722897682
R007,18,0.5979335569884604,0.2552227186870081,0.9406443952899127,0.6451833944573097,15.705532800875567,0.5958927304728506
R007,19,0.5998268825441044,0.2567862177810145,0.9428675473071944,0.6456166986815075,15.64246147441427,0.5931504988875769
R007,20,0.605856246962724,0.2624691802163316,0.9492433137091164,0.6469949775275253,18.19512549627704,0.6906875225580472
R007,21,0.6046102408816,0.26080084905449363,0.9484196327087063,0.6467103470176798,13.510425084705144,0.5212677118627143
R007,22,0.6127083789179043,0.26840635022847165,0.9570104076073369,0.6485583721013076,18.6525055008023,0.7355210625334291
R007,23,0.6120057523364424,0.26720924892481246,0.9568022557480723,0.6483982054246846,13.773629873038765,0.5322345780432819
R007,24,0.6080297085370915,0.2626793112151942,0.9533801058589888,0.6474912210600768,12.476614443433938,0.4555049758014756
R008,1,-0.0933883681629939,-0.5410741049142627,0.35429736858827493,0.4766698614263136,7.2247922608647155,0.2593663442026965
R008,2,-0.1089092214102283,-0.5561718292071862,0.3383533863867297,0.4727995751824844,5.541984606598557,0.1892493586082732
R008,3,-0.11600127963547946,-0.5628788892082333,0.3308763299372743,0.47103215613395466,10.854833960277952,0.3849927808816501
R008,4,-0.12329330991569468,-0.5698044504982065,0.3232178306668171,0.46921565932461573,10.792793183701724,0.38229535581311835
R008,5,-0.13550382964551866,-0.5817613328662601,0.3107536735752227,0.46617578144193006,8.806176381838723,0.26391710826539644
R008,6,-0.13962950029851862,-0.585675860397892,0.3064168598008548,0.4651492285757907,12.416139675133246,0.4528756380492715
R008,7,-0.15605881782723152,-0.6019891334291102,0.28987149777464716,0.4610642846714939,6.690246641179946,0.1677384836899975
R008,8,-0.16860233495069304,-0.6144562934458145,0.27725162354442845,0.4579489835673231,7.951271754051947,0.2587509458283455
R008,9,-0.18280063591822895,-0.6286620751300326,0.2630608032935746,0.45442667718609336,9.349173747750529,0.21745868738752644
R008,10,-0.19442561931856298,-0.640331849583514,0.2514806109463881,0.451546134106741,7.701252692878483,0.27921886220327014
R008,11,-0.20730790240191702,-0.6532620333574646,0.23864622855363052,0.4483578422778666,7.766608890901036,0.2507221256913494
R008,12,-0.22252978989233563,-0.6685990327603273,0.22353945297565597,0.44459599563735025,4.908164994488817,0.19632659977955266
R008,13,-0.23973274489256585,-0.685972378402564,0.20650688861743222,0.4403522126034912,3.6896057855048743,0.147584231420195
R008,14,-0.25474290701332797,-0.7011561215086575,0.1916703074820016,0.4366564543931144,6.57515605433119,0.19891982844918218
R008,15,-0.271146854732239,-0.7177736436472051,0.17547993418272717,0.4326255655631489,6.691806327061137,0.167809378502779
R008,16,-0.2903842546681958,-0.7372752801684914,0.15650677083209985,0.4279097977672334,2.5677417982394077,0.10270967192957631
R008,17,-0.312332980891169,-0.7595162804405211,0.13485031865818303,0.42254538708022615,1.939436899045761,0.039143204126906715
R008,18,-0.3354071339905712,-0.7828863711772744,0.11207210319613203,0.4169255687335779,1.324804810412584,0.01353353376719101
R008,19,-0.35796454316939225,-0.8057450486508713,0.08981596231208672,0.4114523817891774,1.6222669860834196,0.02592779108680915
R008,20,-0.38035671533972415,-0.8284566098572212,0.06774317917777295,0.40604086454517496,2.6530874579464014,0.028395106867234832
R008,21,-0.4002832878784778,-0.8487312299527376,0.04816465419578203,0.40124427883384467,3.037027464915217,0.08487614437146736
R008,22,-0.4184310714005263,-0.8672361180825372,0.03037397528148461,0.3968922418562211,4.04577220307714,0.12690717512821414
R008,23,-0.4386368051228076,-0.8878050823014192,0.010531472055803959,0.392065839198041,3.8410365960068558,0.0800450693916024
R008,24,-0.46084978541626603,-0.9104156220843231,-0.011283948748208983,0.3867842505100891,2.7794400407789612,0.03388869742517223
R009,1,0.3240925191118891,0.07862917610941747,0.5695558621143607,0.5803213053463844,25.0,0.5114544983601749
R009,2,0.32515156256099864,0.0804456938465978,0.5698574312753995,0.5805792118144464,25.0,0.5760966532228636
R009,3,0.32457739626460574,0.08060627971278297,0.5685485128164285,0.5804393918424432,25.0,0.5416320150333868
R009,4,0.32807023466147534,0.08473802149908072,0.57140244782387,0.5812897612597677,25.0,0.6327446146482583
R009,5,0.32823905515222596,0.08548280733349012,0.5709953029709618,0.5813308502484066,25.0,0.5572413018661144
R009,6,0.3251130581307121,0.08286999962199726,0.567356116639427,0.5805698356874118,25.0,0.4823914627651158
R009,7,0.33471210842662236,0.09295984453971137,0.5764643723135333,0.5829054617485422,25.0,0.7806832142571376
R009,8,0.33905689897410013,0.09771577302375634,0.5803980249244439,0.5839614142463568,25.0,0.6583464083705214
R009,9,0.34277266357408814,0.10176321176800726,0.583782115380169,0.5848638784529971,25.0,0.6431956337450289
R009,10,0.3347512413727143,0.09403027444088086,0.5754722083045477,0.5829149759811082,25.0,0.37418370663211914
R009,11,0.32777474855246613,0.08732008035042488,0.5682294167545074,0.5812178405851844,25.0,0.40174205016015724
R009,12,0.33018951881791586,0.08993908969611633,0.5704399479397154,0.5818054889749968,25.0,0.6210635700106412
R009,13,0.32593258886524706,0.08576741836762031,0.5660977593628738,0.5807693852012604,25.0,0.4574301980140779
R009,14,0.3304465407699268,0.09028756866939963,0.5706055128704539,0.5818680231214457,25.0,0.6601500197711282
R009,15,0.33021804405753946,0.08997102670583962,0.5704650614092392,0.5818124293738659,25.0,0.5470396465929617
R009,16,0.33010977248120216,0.08973168534351147,0.5704878596188928,0.5817860859377417,25.0,0.552748706278314
R009,17,0.3265608857625057,0.0859725864328238,0.5671491850921876,0.5809223528414319,25.0,0.4728666358928015
R009,18,0.3247711844840207,0.08389345143522375,0.5656489175328177,0.5804865842556521,25.0,0.5130946992784678
R009,19,0.32750164949525035,0.08625516428046417,0.5687481347100365,0.5811513658004362,25.0,0.61725759099296
R009,20,0.32378069637180884,0.08203645774002508,0.5655249350035926,0.5802453594880174,25.0,0.455350543787908
R009,21,0.31380825309095917,0.07150380484093,0.5561127013409883,0.577814539298712,25.0,0.3119825041319331
R009,22,0.3114907167351572,0.06860366250682559,0.5543777709634888,0.5772490864104339,25.0,0.4927161528267737
R009,23,0.3022731821358404,0.0587080882693822,0.5458382760022986,0.574998120819414,25.0,0.32972098089389834
R009,24,0.2959513986365374,0.05166450783311893,0.5402382894399559,0.5734525055323311,25.0,0.40006675450735707
R010,1,-0.6977943696090155,-1.0299168663824771,-0.36567187283555397,0.3323014257578134,9.800112574110678,0.3666713572546116
R010,2,-0.7158010116291632,-1.0474250711471496,-0.384176952111177,0.3283182980843683,7.58660656369561,0.12933032818478055
R010,3,-0.7322192260914477,-1.0634070788407448,-0.40103137334215055,0.3247079225747404,4.063671140238982,0.16254684560955926
R010,4,-0.751743311964628,-1.082528379342162,-0.42095824458709374,0.3204415605884427,6.778726719327648,0.08893633596638234
R010,5,-0.7640301926115787,-1.09445863110659,-0.4336017541165672,0.31777190801880917,11.634146285925095,0.25745257144028305
R010,6,-0.7858567290215104,-1.116013774953393,-0.4556996830896279,0.31305900165446826,4.7757935495931445,0.036942549980625926
R010,7,-0.8086693651273936,-1.1385565816130232,-0.47878214864176405,0.30817411838367037,3.3242453016212345,0.014738422800965207
R010,8,-0.8252926504790724,-1.1549339539491226,-0.4956513470090222,0.30464133349666367,6.484762268580338,0.15839828493546992
R010,9,-0.8439063914340743,-1.173348049490058,-0.5144647333780904,0.3007126912110622,7.26261479590759,0.11313073979537949
R010,10,-0.8614055315763648,-1.1906765395864791,-0.5321345235662505,0.29704577349875194,8.690281977422853,0.14159378828541333
R010,11,-0.8840365816898267,-1.21319043402368,-0.5548827293559734,0.29234199889587703,4.526870388426037,0.025089066115525586
R010,12,-0.9053577076756282,-1.2344237198774342,-0.5762916954738222,0.28795073239246377,8.959977504418665,0.056469264965803866
R010,13,-0.9224948916583118,-1.2515386628908003,-0.5934511204258233,0.2844498157780035,8.931339434446592,0.1542810228656101
R010,14,-0.9396729512969689,-1.2687598150546635,-0.6105860875392743,0.28096640963114927,6.394705176964695,0.15430478077112253
R010,15,-0.9609765436295349,-1.2901514789024524,-0.6318016083566174,0.2766827171794977,7.135640109127455,0.059770532059339763
R010,16,-0.9836615880032379,-1.3129814823093955,-0.6543416936970803,0.27216584904516916,7.493949977326789,0.02744166540704388
R010,17,-1.0022328901339728,-1.3317566870491682,-0.6727090932187774,0.26850263508866035,9.20747643023529,0.12263757945751623
R010,18,-1.0240378379603468,-1.3538408239678346,-0.694234851952859,0.26424162524399814,6.853934004963577,0.044943894998082955
R010,19,-1.0470461565428066,-1.3771836323054911,-0.7169086807801222,0.2597927231252132,1.3965961816790577,0.016524840903294077
R010,20,-1.0676540000420358,-1.398135605024737,-0.7371723950593345,0.25584948444534894,7.355685107490435,0.07135184776265452
R010,21,-1.087266605938951,-1.4181466159812244,-0.7563865958966778,0.25213334368745427,6.918739941587711,0.09593699707938555
R010,22,-1.1076783977459013,-1.438958552382113,-0.7763982431096897,0.248303960285233,8.407875925506527,0.07821532919480706
R010,23,-1.1268311398658948,-1.4585774460643237,-0.7950848336674659,0.24474637682170583,7.162491186248265,0.10812455931241327
R010,24,-1.1450166875272703,-1.4772793951522813,-0.8127539799022593,0.2414004821829295,7.531903511376805,0.1265951755688402
R011,1,0.18224235487484852,-0.13800497971998177,0.5024896894696789,0.5454349085444133,20.07688629324047,0.7762221042382031
R011,2,0.18938306603947885,-0.13032347135629596,0.5090896034352537,0.5472047638168712,18.192679672341967,0.7163616530142488
R011,3,0.19535145284465177,-0.12384505917791988,0.5145479648672234,0.5486831403223347,17.610974707189953,0.6921239461329148
R011,4,0.19530848678285345,-0.12349196030900966,0.5141089338747166,0.5486725006162667,14.584621770020933,0.5471574682617797
R011,5,0.19143343567736493,-0.1269867716100052,0.5098536429647351,0.5477127380653685,11.511909639547072,0.4604763855818828
R011,6,0.19105873068664253,-0.12701110061450438,0.5091285619877894,0.5476199131771569,14.038730706928567,0.5432804461220236
R011,7,0.1972620491137304,-0.12051034527033438,0.5150344434977951,0.5491562170378638,17.420370054455592,0.6968148021782237
R011,8,0.2005887195099456,-0.11690663190908523,0.5180840709289765,0.5499797108686794,16.18472677227383,0.6326969488447429
R011,9,0.2055648352519737,-0.11168420788639002,0.5228138783903374,0.5512110008403934,17.815851913341373,0.6734478142427895
R011,10,0.2079723762809909,-0.10914339034967768,0.5250881429116595,0.5518064984528617,16.389385642024852,0.6086084382738569
R011,11,0.20944096316020167,-0.10756856116471597,0.5264504874851192,0.5521696759161674,14.731198137729125,0.5892479255091649
R011,12,0.20954476587266427,-0.10745910953254031,0.5265486412778688,0.5521953439380023,14.232829358759627,0.5513678899483178
R011,13,0.21159832971803338,-0.10549843797796427,0.528695097414031,0.5527030856631364,16.392196079774138,0.59010457522734
R011,14,0.2080465235625075,-0.10915792110669534,0.5252509682317104,0.5518248361979177,12.096895202417283,0.4623706334340533
R011,15,0.2133029439894699,-0.1040623742118261,0.5306682621907659,0.5531244665101908,18.335360519086652,0.6667680259543327
R011,16,0.20986694195142402,-0.1076902802603597,0.5274241641632078,0.5522750088956839,11.703573882302237,0.4681429552920895
R011,17,0.20785981497074982,-0.10993918009295997,0.5256588100344596,0.5517786600677893,13.533792511666782,0.5014692396376862
R011,18,0.21582912579321084,-0.10225638944014875,0.5339146410265705,0.5537487984296009,18.88647597896625,0.7341946077811413
R011,19,0.21007457869542182,-0.10832702226921667,0.5284761796600603,0.5523263501201681,11.63931831528163,0.4191007963165926
R011,20,0.20714679044192896,-0.11162839170374039,0.5259219725875983,0.5516023090721677,12.613139730931259,0.4838808221221358
R011,21,0.2013004609432768,-0.1179022185551511,0.5205031404417046,0.5501558620436006,11.577316415193552,0.4164050615301545
R011,22,0.1986118738756344,-0.1210512797129093,0.5182750274641781,0.5494903893774787,12.276120103510326,0.49104480414041307
R011,23,0.18956229349241388,-0.13064665827845717,0.509771245263285,0.5472491709335925,9.789927610032247,0.3386925047840108
R011,24,0.1805511057739546,-0.14020505884291967,0.5013072703908289,0.5450155554431245,9.824281284287107,0.3401861427950916
R012,1,0.02616146629170979,-0.447533963757459,0.4998568963408786,0.5065399935673855,6.7924247017406625,0.2716969880696265
R012,2,0.01761828707247748,-0.45567907831853954,0.4909156524634945,0.5044044578385833,9.424111225636935,0.35100463440153895
R012,3,0.004044862507778801,-0.4688725847636346,0.4769623097791922,0.5010112142482461,7.428785832264724,0.2360341666202054
R012,4,-0.007374663018072769,-0.4799556723141449,0.46520634627799934,0.49815634260118385,7.8871431364752125,0.28696429735313383
R012,5,-0.016544368507486862,-0.4888277885394055,0.4557390515244318,0.4958640022134733,10.489043310805144,0.340411059582052
R012,6,-0.03445949308139251,-0.5065139894554753,0.43759500329269035,0.4913859791108246,4.326508280549821,0.1386045116895759
R012,7,-0.04379587186390421,-0.515624789013327,0.4280330452855186,0.4890527817799825,9.109584994067113,0.33789937475279647
R012,8,-0.058098380096329505,-0.5297327947194825,0.4135360345268235,0.48547948915019556,6.390342647326263,0.22459761030526093
R012,9,-0.07553801599049575,-0.547018886728323,0.39594285474733154,0.4811244704504386,8.053246570116222,0.15266232850581107
R012,10,-0.08949439547787252,-0.5608826444836857,0.3818938535279407,0.4776413221530007,8.907412011225468,0.23368628624883184
R012,11,-0.11019397129383124,-0.5815038410161708,0.3611158984285084,0.4724793494851998,3.8149148832656032,0.0789093427506784
R012,12,-0.12563579953009602,-0.5969031805971265,0.3456315815369345,0.4686322991753585,5.806990076329203,0.20029125318038346
R012,13,-0.14445847115636584,-0.6157449578731532,0.3268280155604215,0.4639480554983631,4.765662086685353,0.12024617768197184
R012,14,-0.1636314061163111,-0.6349924853250788,0.3077296730924565,0.4591831811883151,3.628854443949942,0.1095356018312476
R012,15,-0.18035042343605542,-0.6518294694594903,0.2911286225873795,0.4550342089280099,9.106703602549318,0.16351071592364833
R012,16,-0.20127714629011695,-0.6729809884907192,0.27042669591048524,0.44984990797585017,3.399018987626992,0.060826912505521406
R012,17,-0.21667426965205439,-0.6886070315627357,0.25525849225862696,0.44604236666880615,5.548147538976534,0.18950614745735558
R012,18,-0.23202141449843214,-0.7042355724180764,0.24019274342121213,0.44225347446946733,6.379091143419957,0.19039526710521545
R012,19,-0.2507606887977969,-0.7232934847613169,0.22177210716572315,0.43763627653879555,3.711420680989672,0.11297586170790302
R012,20,-0.2728741882448891,-0.7457289549875838,0.19998057849780554,0.4322016225380019,0.8825246144210561,0.03530098457684225
R012,21,-0.29539095551057115,-0.7685707174380358,0.17778880641689349,0.42668458714681967,1.6297403452377726,0.02623918105157386
R012,22,-0.31633663878063534,-0.7898446062271913,0.15717132866592065,0.4215687955678456,3.4497117300287523,0.06303094478385882
R012,23,-0.3389863889062976,-0.812857188762921,0.13488441095032572,0.41605571630993315,3.5110837854195047,0.023231081155432032
R012,24,-0.36067745150769076,-0.8349465014280312,0.11359159841264965,0.4107955839324693,1.1308936977676955,0.04523574791070782
R013,1,-0.1919021583681225,-0.39047481609223983,0.006670499355994841,0.4521711509105041,25.0,0.38491801698131517
R013,2,-0.20161868837203753,-0.3993229940800246,-0.003914382664050475,0.44976538289314155,25.0,0.32033896040231735
R013,3,-0.20719403248524254,-0.4041049779906575,-0.010283086979827577,0.44838600624152375,25.0,0.4178750986803891
R013,4,-0.21464341765747041,-0.4108091753064547,-0.018477660008486108,0.44654422181254194,25.0,0.379472275686469
R013,5,-0.22438898176025968,-0.41991790250478056,-0.028860061015738764,0.44413695206938353,25.0,0.3181420027275103
R013,6,-0.2351322285386587,-0.43008591019760156,-0.040178546879715865,0.44148628290630815,25.0,0.2985679511756461
R013,7,-0.23407887152765322,-0.4285186633908285,-0.03963907966447794,0.44174603160310816,25.0,0.5758228700182936
R013,8,-0.2425807353045621,-0.43661387204508983,-0.04854759856403437,0.4396504674317211,25.0,0.3465362915411997
R013,9,-0.2494755006171785,-0.443202849906988,-0.05574815132736896,0.4379526004959238,25.0,0.3787456257300636
R013,10,-0.2605972283561426,-0.45409187003149154,-0.06710258668079364,0.43521690191002493,25.0,0.2830979753160281
R013,11,-0.27071257716004604,-0.4640751383377574,-0.07735001598233468,0.43273216675114395,25.0,0.30191297727325483
R013,12,-0.2874377010349271,-0.48071512428876084,-0.09416027778109334,0.42863127567703835,25.0,0.1540933577348165
R013,13,-0.2978520212955621,-0.4911370319637861,-0.10456701062733806,0.4260826582100341,25.0,0.2982643632418648
R013,14,-0.309263210166295,-0.5026393934667065,-0.11588702686588351,0.42329459108885703,25.0,0.27554295128664363
R013,15,-0.3178369107385327,-0.5114185199196589,-0.12425530155740652,0.42120299954319895,25.0,0.3293996155829455
R013,16,-0.33102158470790666,-0.5248923548914377,-0.1371508145243756,0.4179920766431816,25.0,0.22326745103158718
R013,17,-0.34199527293217036,-0.5362390975712816,-0.14775144829305914,0.41532488297856057,25.0,0.27530128153262073
R013,18,-0.35688842436553353,-0.551589338794636,-0.16218750993643102,0.4117129987946753,25.0,0.18540907973935913
R013,19,-0.3735731979804368,-0.568815541511134,-0.17833085444973967,0.40767789395045756,25.0,0.14537176986376385
R013,20,-0.39106211417643294,-0.5869397419072944,-0.19518448644557151,0.4034616445062111,25.0,0.12594168718866022
R013,21,-0.40235395760159287,-0.5989146789178903,-0.20579323628529544,0.4007469078934049,25.0,0.2756587781442329
R013,22,-0.4161129176524968,-0.613389257767956,-0.2188365775370375,0.397447267927987,25.0,0.22478758889426004
R013,23,-0.4319028693388281,-0.6299571440444716,-0.23384859463318466,0.3936720356018423,25.0,0.18330757658295008
R013,24,-0.4427606633557018,-0.6417025307635827,-0.24381879594782085,0.3910833553946216,25.0,0.29252792080750434
R014,1,0.01960773733691845,-0.30710031151832407,0.34631578619216097,0.5049017772890873,13.260031576149533,0.5108346490062305
R014,2,0.01825585712840111,-0.30795728363554953,0.34446899789235175,0.504563837531223,14.776697211092827,0.5131760576710869
R014,3,0.009001168824728623,-0.3167952221529566,0.3347975598024138,0.5022502770128873,11.593840148887745,0.3296920074443873
R014,4,0.008316927927505317,-0.3170933769680603,0.33372723282307093,0.502079219996696,15.605267852879377,0.5302633926439688
R014,5,0.007104031763142532,-0.3179517201947776,0.3321597837210626,0.5017760004716344,14.939241522011097,0.5209162629529093
R014,6,0.0007467900935193561,-0.3239984716126666,0.3254920517997053,0.5001866975147031,12.489228565076246,0.40424897928934495
R014,7,-0.001830376456042615,-0.3263218082043191,0.3226610552922339,0.49954240601374494,14.34873928074446,0.492797108606879
R014,8,-0.002974565184328176,-0.3272136855251544,0.321264555156498,0.4992563592522313,15.060870226975414,0.5267081060464482
R014,9,-0.012608023106587374,-0.3366627033646548,0.31144665715148007,0.4968480359768494,8.946371068010246,0.33109879450042684
R014,10,-0.02457455343157442,-0.34848504014792353,0.29933593328477465,0.4938566708064781,11.277900642705854,0.2777842443529397
R014,11,-0.035153381318876964,-0.3590029750017231,0.2886962123639692,0.4912125595824173,11.106965697033157,0.3053482848516579
R014,12,-0.04335901228741733,-0.36720104092003647,0.2804830163452018,0.4891619448404844,12.22113850506684,0.36105692525334204
R014,13,-0.0512182695639402,-0.375139482248784,0.2727029431209036,0.48719823107191357,14.208444850478699,0.36520263826345284
R014,14,-0.05674155763594178,-0.3807994244473739,0.2673163091754903,0.48581841531118575,15.159433672770465,0.4211431572217921
R014,15,-0.07252667507328502,-0.39681613629698775,0.2517627861504177,0.4818762749472235,9.450329653683816,0.1815962975623061
R014,16,-0.08384895230520342,-0.40837151522484316,0.24067361061443635,0.47905003480281916,11.427456717185713,0.2856556166939848
R014,17,-0.09272826321648137,-0.4175174550507286,0.2320609286177659,0.47683453090086486,11.234423256011327,0.3444963455243489
R014,18,-0.10695158835174719,-0.43207716063787005,0.2181739839343757,0.47328756089526114,7.833993716394547,0.21972698710884309
R014,19,-0.1259495906381671,-0.45141658931026496,0.19951740803393073,0.4685541609174074,6.313145557765008,0.11014978846500036
R014,20,-0.1421987471128399,-0.4680577366409383,0.18366024241525855,0.4645100949981679,7.570559976252056,0.1700266655358122
R014,21,-0.1573586040740248,-0.4836385333138623,0.1689213251658127,0.46074132496250264,9.73381995522665,0.19651683974877107
R014,22,-0.1659335010950081,-0.49267781788157117,0.16081081569155498,0.45861154672873294,11.355394408433092,0.35025687659205196
R014,23,-0.18101692947083617,-0.5082560323071663,0.146222173365494,0.4548689350021471,7.441531137041715,0.20188777895644155
R014,24,-0.2018836041549317,-0.529675313400797,0.12590810509093361,0.44969982333968117,5.359256991127307,0.06472652338701462
R015,1,-0.0207809150301691,-0.3293772969167348,0.2878154668563966,0.4948049581961334,13.473986403082725,0.538959456123309
R015,2,-0.02447788315539523,-0.3325439493478697,0.2835881830370792,0.49388083474147054,11.455407129577974,0.45821628518311897
R015,3,-0.02416978833594302,-0.33178744914885255,0.2834478724769665,0.4939578470545556,15.009520658229858,0.5458873026468117
R015,4,-0.03332989901696248,-0.34052859552445863,0.27386879749053367,0.4916682965265479,10.244879943776695,0.32931272471712253
R015,5,-0.02812195676167062,-0.3349631260791706,0.2787192125558294,0.49296997410822363,17.190210517984184,0.6604439355645298
R015,6,-0.030602041725022178,-0.33715774683203187,0.2759536633819875,0.4923500865618319,12.611038454736146,0.48379326894733937
R015,7,-0.0301465172493664,-0.3364862797084985,0.2761932452097657,0.4924639414177017,14.671434518462604,0.5509319355853306
R015,8,-0.026402473966533863,-0.33261410742677455,0.27980915949370677,0.4933997649174155,15.623159242555479,0.624926369702219
R015,9,-0.02362750570403513,-0.3297906589559112,0.282535647547841,0.4940933983559078,17.043778492581165,0.6021889246290583
R015,10,-0.02365720048625297,-0.32986464441777125,0.2825502434452653,0.49408597569764573,13.400743977909483,0.5360297591163793
R015,11,-0.029252922919572433,-0.3355778398067921,0.27707199396764726,0.4926872907401933,10.154169160387035,0.4061667664154814
R015,12,-0.03813147334565148,-0.3446002134581477,0.2683372667668447,0.490468286568899,8.29959385833196,0.3319837543332784
R015,13,-0.04258791767533307,-0.3492017896643407,0.2640259543136745,0.48935462951883063,10.877324061425686,0.43509296245702744
R015,14,-0.05167330560941785,-0.35847191469661854,0.25512530347778284,0.48708454729845724,8.904055596495077,0.3293356498539615
R015,15,-0.06147177801091494,-0.3684670728053826,0.24552351678355275,0.4846368930087504,7.862295091514435,0.3144918036605774
R015,16,-0.061564332227057636,-0.3687579152483823,0.245629250794267,0.48461377633271535,14.881662802220061,0.5400755819190937
R015,17,-0.06977861691594107,-0.37722841890793085,0.23767118507604873,0.482562420575232,9.488848260385076,0.35370201084937825
R015,18,-0.07930443101385637,-0.38705864952041935,0.2284497874927066,0.4801842765668279,8.081846281878688,0.32327385127514746
R015,19,-0.08442200540444905,-0.3924822263192527,0.22363821551035462,0.4789070247624224,11.800768187350124,0.4261203559717445
R015,20,-0.0880800732375777,-0.3965083025297778,0.22034815605462238,0.4779942067787982,11.49291270998439,0.4597165083993756
R015,21,-0.09333081920478055,-0.4021937083943833,0.21553206998482222,0.47668421736150635,11.125824299679048,0.4219093458199603
R015,22,-0.10337544329456504,-0.41270166700209854,0.20595078041296844,0.47417912960471104,8.513218553488821,0.3130507730620342
R015,23,-0.10335021349387465,-0.4131679538467777,0.20646752685902842,0.4741854202378356,15.055441932495992,0.5479746332952723
R015,24,-0.10961346890495098,-0.4199970229789882,0.20077008516908623,0.47262403772536643,10.665926450417299,0.40274693543405404
R016,1,0.25567921049630515,-0.17200241035515706,0.6833608313477674,0.5635738509731127,10.575689273743922,0.3989870530726634
R016,2,0.24848764260643416,-0.17878379646421913,0.6757590816770874,0.5618042232505015,9.575280305191916,0.38301121220767653
R016,3,0.23970728537647673,-0.1872237354699292,0.6666383062228827,0.5596415130893154,9.278955422368579,0.34495647593202405
R016,4,0.23043413323850978,-0.19619690694579142,0.657065173422811,0.5573549624523478,9.695727983905906,0.3345968688654742
R016,5,0.21959904712769224,-0.20677333484335664,0.6459714290987411,0.5546801978804068,8.188362868777762,0.2995151195324068
R016,6,0.2186000936893216,-0.20755146861873203,0.6447516559973752,0.5544334328571964,14.151907848254279,0.5283438194893166
R016,7,0.2134209801228194,-0.21260948447223132,0.6394514447178701,0.5531536422379137,10.752215733140396,0.43008862932561587
R016,8,0.20914382783696317,-0.21683839426860824,0.6351260499425346,0.5520961996527156,12.356172836633085,0.4502683842014385
R016,9,0.19579843498460933,-0.2302064309511088,0.6218033009203274,0.5487938240777533,7.529891378804834,0.24043005994803626
R016,10,0.1839564789746061,-0.24207392025450936,0.6099868782037215,0.5458598678496442,9.792183542250022,0.27581826391666775
R016,11,0.17188606593700756,-0.25421046596675595,0.5979825978407711,0.5428660293244395,7.521151938645844,0.27171466411024353
R016,12,0.16051032061102322,-0.26571036968679607,0.5867310109088425,0.5400416490816731,9.304753060979209,0.2865796845899641
R016,13,0.14341000622573952,-0.2829408112442509,0.5697608236957299,0.535791181170865,5.56178614698185,0.15486026726008043
R016,14,0.12670283630836093,-0.299814407749989,0.5532200803667109,0.5316334012085455,4.099191527845091,0.16396766111380365
R016,15,0.11296852485441013,-0.31371847102593636,0.5396555207347566,0.5282121342527759,6.600718790608215,0.23336328294200895
R016,16,0.09810763350008782,-0.3287520135419394,0.5249672805421151,0.5245072544472634,7.57167911557952,0.2078035961627054
R016,17,0.08154038664659817,-0.3455558184900825,0.5086365917832788,0.520373809404874,5.833157948660738,0.16665904124611905
R016,18,0.06343438760933191,-0.36390569302416065,0.49077446824282445,0.515853281228847,3.296169854889725,0.13184679419558898
R016,19,0.048272669860254164,-0.3793153644210151,0.4758607041415235,0.5120658245230975,5.813962175422791,0.20058175730928293
R016,20,0.028255346148746585,-0.3996372156228306,0.4561479079203238,0.5070633666149592,6.713266896164496,0.08566334480822481
R016,21,0.008336864552567385,-0.4199213702054076,0.43659509931054236,0.5020842040665656,3.9787672951152673,0.08603336065718552
R016,22,-0.008526882716008117,-0.4371839379581317,0.4201301725261155,0.4978682922369515,3.908638073670583,0.15634552294682333
R016,23,-0.02704237855417924,-0.45610601840288545,0.402021261294527,0.49323981732773364,4.732869108187881,0.1188203960081687
R016,24,-0.04810870943267387,-0.4776154115557492,0.3813979926904015,0.4879751417947155,3.368821916222008,0.059513996357478616
R017,1,0.24974879500615382,0.02715292598143934,0.4723446640308683,0.5621146698096413,25.0,0.5062934603616113
R017,2,0.24638154705784765,0.024573624970998215,0.46818946914469706,0.5612856768418938,25.0,0.4704169615541982
R017,3,0.23680827725530806,0.015749502169557783,0.45786705234105834,0.5589269501016704,25.0,0.3300855805418576
R017,4,0.23162681255945472,0.011278566724451766,0.4519750583944577,0.5576491886928271,25.0,0.43530876214257985
R017,5,0.22386387874417513,0.004187709374253862,0.4435400481140964,0.555733407055253,25.0,0.3789788791305248
R017,6,0.2167860874544886,-0.002289271680695454,0.43586144658967263,0.5539852620657987,25.0,0.3950975355087719
R017,7,0.20767049715530736,-0.010888950163238181,0.4262299444738529,0.551731837721761,25.0,0.345889295532456
R017,8,0.1973246230312276,-0.020789754840214475,0.4154390009026697,0.5491717092701166,25.0,0.3178737662987081
R017,9,0.19339885877035595,-0.02432561124840138,0.4111233287891133,0.5481995737323037,25.0,0.4690233542025266
R017,10,0.18615038165201622,-0.03128048090088281,0.40358124420491526,0.546403674530343,25.0,0.38753045678716086
R017,11,0.18674379693642687,-0.030477576546910023,0.40396517041976376,0.5465507464955295,25.0,0.5675262306267652
R017,12,0.1732848295096988,-0.043781913781308385,0.390351572800706,0.5432131291259823,25.0,0.24447631986916973
R017,13,0.16165302521961164,-0.05531390322222429,0.3786199536614476,0.5403254800792637,25.0,0.2894436256152277
R017,14,0.15311862227442957,-0.06383240803642734,0.37006965258528646,0.538205040626896,25.0,0.35981216394965476
R017,15,0.13807399999797937,-0.07895700600672842,0.35510500600268713,0.534463764721076,25.0,0.204481956755426
R017,16,0.12942261453259257,-0.08777234677593429,0.3466175758411194,0.532310565480672,25.0,0.35143065932364254
R017,17,0.12293090426251942,-0.09449829363766703,0.34036010216270585,0.5306940816991172,25.0,0.4025148010547814
R017,18,0.10516777412055858,-0.11253341489423546,0.3228689631353526,0.5262677373233074,25.0,0.14539576633556198
R017,19,0.08447552529059286,-0.13358189438454143,0.3025329449657272,0.5211063313823072,25.0,0.07659862175390243
R017,20,0.06889574659832695,-0.14962478568283785,0.2874162788794917,0.5172171269194411,25.0,0.1893505190001014
R017,21,0.06314080676313838,-0.15594995933592573,0.28223157286220246,0.5157799594612237,25.0,0.41107719847949886
R017,22,0.05228306635870276,-0.16747488512986838,0.2720410178472739,0.5130677899709056,25.0,0.28956307941288134
R017,23,0.04086345657580451,-0.17963297558429542,0.26135988873590443,0.51021444282499,25.0,0.27801443055683384
R017,24,0.023248690284753973,-0.19805780425605607,0.244555184825564,0.5058119107946231,25.0,0.13638725530776893
R018,1,-0.6326518039194575,-0.9431131669987869,-0.3221904408401281,0.34690949271771976,16.260639597895356,0.4173759731930238
R018,2,-0.6434829066021759,-0.9534275667819279,-0.3335382464224239,0.34445964852033406,9.57172930078565,0.2987149682175295
R018,3,-0.6612871713177204,-0.9707640521666726,-0.3518102904687682,0.34045052566805667,5.209748468497448,0.1395542812390195
R018,4,-0.6735612509248763,-0.9825716231659813,-0.36455087868377123,0.33769987635578086,10.367156988507304,0.2683578494253652
R018,5,-0.682308875926938,-0.9908811735438832,-0.37373657830999285,0.3357461803830774,10.772810334550918,0.3533095606614054
R018,6,-0.7019001674210454,-1.0101103746330207,-0.39368996020907027,0.3313910709752788,3.4358853073042908,0.10149522113767877
R018,7,-0.7148530915188428,-1.0227227362459617,-0.40698344679172394,0.3285273725486802,10.860165793598755,0.25579819966309236
R018,8,-0.7257260051771338,-1.0333309080590327,-0.418121102295235,0.3261333259762755,10.382271052751,0.303917669178619
R018,9,-0.7410964511025175,-1.0485148343893695,-0.43367806781566554,0.3227644266393532,8.942446370434615,0.19712231852173073
R018,10,-0.7536842526482668,-1.060961479559206,-0.44640702573732755,0.320019051121051,8.070442479194005,0.26393228170408717
R018,11,-0.7696769471805271,-1.0768679234970802,-0.4624859708639742,0.3165489932187177,9.52110305674467,0.18532121351287725
R018,12,-0.7805289469102664,-1.0877014397163074,-0.4733564541042254,0.31420589709026764,10.26835211764186,0.2984929579829458
R018,13,-0.7972297717523374,-1.1044582183512137,-0.49000132515346123,0.31061840919895306,6.572651988250776,0.16239327219321711
R018,14,-0.8165954183493114,-1.1239291996778833,-0.5092616370207395,0.3064868356123105,7.8532706813455695,0.09754056217608258
R018,15,-0.8291326165184195,-1.1366314691183406,-0.5216337639184985,0.30382850508245896,11.556615177295976,0.2531452876275543
R018,16,-0.8462951332671812,-1.1540270510579353,-0.538563215476427,0.3002106149154151,5.423107175335833,0.14883074675373187
R018,17,-0.8645878856650986,-1.1725934747408835,-0.5565822965893137,0.29638169694092337,6.529414660359926,0.12044831715999645
R018,18,-0.8838495060472326,-1.1921759010690904,-0.5755231110253747,0.2923807022630093,7.860491785405507,0.09792062028450041
R018,19,-0.8997454186181143,-1.2084483861677886,-0.5910424510684399,0.2891028167366839,10.913419153533326,0.1713775972666662
R018,20,-0.918279231471145,-1.2274383679480967,-0.6091200949941933,0.2853086424511228,5.419542048362559,0.10997918401647992
R018,21,-0.9381045084283152,-1.2477586314698073,-0.628450385386823,0.28128338201051767,4.765892320866761,0.08026783276667095
R018,22,-0.958429980262619,-1.2686034639521058,-0.6482564965731323,0.2771926490741706,6.407234056647338,0.07036170283236691
R018,23,-0.976857110084958,-1.2875922446231818,-0.6661219755467342,0.27351584664308576,8.196083700520566,0.11558335265897719
R018,24,-0.9991634733989128,-1.310487946819231,-0.6878389999785945,0.2691059242688637,5.581028271620052,0.029051413581002595
R019,1,0.0007862606092228219,-0.43164761238857435,0.43322013360702,0.5001965651421793,6.311485387602337,0.2213118911500974
R019,2,-0.006770828154176678,-0.43879982573257836,0.425258169424225,0.4983072994281474,10.594961379367266,0.3736939730159681
R019,3,-0.021107322837126574,-0.45278529349732505,0.4105706478230719,0.49472336519271964,8.576786944559352,0.21794223545520727
R019,4,-0.0366723873553238,-0.46802553569888306,0.39468076098823546,0.4908329305099494,6.395542434837845,0.19111054064512362
R019,5,-0.04135154869645097,-0.47241794359237227,0.38971484619947033,0.489663585680384,12.213157461896156,0.44405032443026765
R019,6,-0.056419654571182254,-0.4872022593340529,0.3743629501916884,0.48589882670347745,8.284138896268756,0.20400661410803597
R019,7,-0.06617130208087807,-0.4967143201807558,0.36437171601899965,0.483463208096032,8.207668151605022,0.3283067260642008
R019,8,-0.07380537592552766,-0.5041681591141549,0.35655740726309965,0.4815570271902868,11.303711343134456,0.3774414246879298
R019,9,-0.08656850238282077,-0.5167941920389776,0.34365718727333605,0.47837137998105717,7.260592776955178,0.26085803237313243
R019,10,-0.09918180335001858,-0.5292931434668322,0.330929536766795,0.47522485532055225,6.645750026761144,0.26583000107044574
R019,11,-0.11463255865933752,-0.5447005424479778,0.3154354251293028,0.4713732013037965,7.315995377161205,0.19618160805278206
R019,12,-0.13025704247535308,-0.5603129519599999,0.2997988670092937,0.4674817042662163,8.06488709777615,0.1935660522750547
R019,13,-0.14279524070717559,-0.5729205801328026,0.28733009871845133,0.4643617260484591,7.282233047546189,0.2617597103144245
R019,14,-0.15596655775209098,-0.5862262078044795,0.2742930923002975,0.4610872099072703,8.417684851694814,0.24625840234976426
R019,15,-0.17096836741698865,-0.6014457083505187,0.25950897351654145,0.457361717980935,6.6162999532583715,0.20070869361992918
R019,16,-0.18778067916062838,-0.6184792959705584,0.24291793764930167,0.45319229226910146,4.82640565032643,0.15943356876360124
R019,17,-0.2094991080670894,-0.6404539930358218,0.22145577690164306,0.44781594615227327,3.0617556664785672,0.046163289846894245
R019,18,-0.23038252048582614,-0.6616096457215972,0.20084460474994498,0.4426577709886305,3.5212529583623855,0.06614143297227763
R019,19,-0.2460181293230978,-0.6775505130383465,0.18551425439215086,0.4388038146108956,6.302411162860001,0.1870613549069566
R019,20,-0.26488990391483447,-0.6967397863485179,0.16695997851884892,0.434162043703227,3.720833129697249,0.11336804707071872
R019,21,-0.28626234464324735,-0.718440217328949,0.14591552804245433,0.4289191522182802,4.239883318551562,0.05635833266143461
R019,22,-0.30483011949533106,-0.7373709639143133,0.1277107249236512,0.4243771470350689,4.791376150580295,0.12136418046001288
R019,23,-0.3260073009177716,-0.7589140949593753,0.10689949312383218,0.41921242429392436,5.291005624026537,0.06147645828697797
R019,24,-0.3466668842729645,-0.7799969974494808,0.08666322890355183,0.4141909256357178,1.766469645978683,0.07065878583914734
R020,1,-0.3425441299562738,-0.8339318084627434,0.14884354855019577,0.41519161015617106,4.628601704481022,0.15119173768670927
R020,2,-0.353733981144727,-0.8447538986463579,0.13728593635690384,0.41247723419688503,9.382843091650912,0.2901292314386778
R020,3,-0.36267733412417424,-0.85343124169557,0.12807657344722156,0.41031161370077,11.160325450240592,0.34096787858288535
R020,4,-0.381062839580669,-0.8716190103774744,0.10949333121613641,0.40587057868008874,3.1155478559862413,0.12462191423944967
R020,5,-0.40348866145151785,-0.8938820121232673,0.08690468922023159,0.40047444081384725,1.7372926517565268,0.030720527156521956
R020,6,-0.42339522001432683,-0.9136441096180763,0.06685366958942268,0.39570458993744084,3.1401766138529426,0.08917402557720593
R020,7,-0.43976953554629955,-0.9298967445250659,0.05035767343246672,0.39179588568933954,7.607365864409548,0.17177932687664513
R020,8,-0.45870169433160995,-0.9487971140247925,0.03139372536157259,0.38729386320730325,3.6483230560051414,0.11034679400021424
R020,9,-0.47901344219217107,-0.9690821927638048,0.01105530837946267,0.38248511353701176,2.897799508465238,0.0790749795193849
R020,10,-0.49926464453290953,-0.9893367291213919,-0.009192559944427137,0.37771349561816336,2.8711642521818703,0.07796517717424457
R020,11,-0.5224268965997384,-1.0125094331692162,-0.03234436003026059,0.3722849194301143,1.2694745908471612,0.011228107951965058
R020,12,-0.5442771378198863,-1.0343748836971214,-0.05417939194265109,0.3671931731414105,2.967528202908427,0.04206644360471422
R020,13,-0.5629928001285912,-1.053111236118402,-0.07287436413878023,0.3628552667080997,4.653675287597756,0.11537718641729375
R020,14,-0.5843869424685455,-1.0745761674896879,-0.09419771744740313,0.3579237841850543,2.2784549119313167,0.05326895466380487
R020,15,-0.6060256582397245,-1.0962974187338783,-0.11575389774557071,0.35296633117496634,1.2090477959592978,0.04836191183837192
R020,16,-0.6264112581131627,-1.1167709484949078,-0.13605156773141747,0.3483247188173124,2.8693060580984664,0.07788775242076941
R020,17,-0.6488397904704061,-1.139320687629727,-0.158358893311085,0.3432510354989557,4.638051170743165,0.030383389083007882
R020,18,-0.6626482256844086,-1.1532902723095975,-0.17200617905921978,0.3401449755227185,5.777414421713566,0.2310965768685426
R020,19,-0.6785979130714441,-1.1694634725793338,-0.1877323535635545,0.3365743056777235,5.3554500158149505,0.1814770839922896
R020,20,-0.699625901634804,-1.1907763883617584,-0.2084754149078496,0.331895175473272,4.396655744512763,0.06348435202330743
R020,21,-0.7212917484944629,-1.2127816957007536,-0.22980180128817218,0.32710859455521574,1.1825710157404794,0.04730284062961917
R020,22,-0.7403614124911544,-1.2321948426181495,-0.2485279823641593,0.32292511785650685,3.589323232246236,0.10788846801025982
R020,23,-0.7620460844991414,-1.254260247584265,-0.26983192141401774,0.31820220405181976,1.1178185370150246,0.04471274148060098
R020,24,-0.7840923234184551,-1.2766905014159091,-0.29149414542100105,0.31343856758148114,1.881634077423141,0.03673475322596422
R021,1,0.17827586047228444,-0.061118707956286294,0.41767042890085515,0.5444512971265879,25.0,0.773541070661932
R021,2,0.18776366423251434,-0.05093796815962989,0.4264652966246586,0.5468034912745644,25.0,0.7635379024288036
R021,3,0.20035019952319244,-0.037736991393267166,0.438437390439652,0.5499206759846356,25.0,0.8363303097645177
R021,4,0.21594093678777246,-0.021625111455271906,0.4535069850308168,0.5537764279976577,25.0,0.9038861745626338
R021,5,0.22585563038975137,-0.01128235439973152,0.46299361517923426,0.5562251034181265,25.0,0.7703779143505616
R021,6,0.2404570625363457,0.0037254477240119543,0.4771886773486794,0.5598262820682606,25.0,0.8826414350891384
R021,7,0.2528299903069231,0.01639891647854841,0.4892610641352978,0.5628729349455788,25.0,0.8259607804093007
R021,8,0.2561806296928486,0.019972445427497904,0.49238881395819933,0.5636971752852996,25.0,0.6168918716318421
R021,9,0.25937917104824465,0.02331629283319095,0.4954420492632984,0.564483672176031,25.0,0.6135510403015897
R021,10,0.26723425054578986,0.03125593044459138,0.5032125706469883,0.5664137919218347,25.0,0.7236567779984023
R021,11,0.2731889397622126,0.03725310578577315,0.5091247737386521,0.5678756168993141,25.0,0.6830407148878048
R021,12,0.27805851085654065,0.042059747861519364,0.514057273851562,0.5690701778820159,25.0,0.6523764072452682
R021,13,0.28372374292834684,0.0476405099936805,0.5198069758630132,0.5704589117131109,25.0,0.6743431742206483
R021,14,0.2923391153138361,0.05611066979815327,0.528567560829519,0.5725686904048165,25.0,0.7445714211495398
R021,15,0.3058759375670721,0.06938559175715314,0.5423662833769911,0.5758783064153381,25.0,0.850315836060143
R021,16,0.317025950707703,0.08021284596935538,0.5538390554460506,0.578599283049844,25.0,0.7968375032187229
R021,17,0.3239273051371318,0.08667440256981154,0.5611802077044521,0.5802810671987743,25.0,0.6892800496926088
R021,18,0.32716606121346875,0.08941226492685733,0.5649198575000802,0.5810696765375303,25.0,0.6060067236339777
R021,19,0.3335185180535903,0.095185640472048,0.5718513956351325,0.5826152393940562,25.0,0.6781466250995898
R021,20,0.33338709410729306,0.0944532809116739,0.5723209073029122,0.5825832800654661,25.0,0.531268207630435
R021,21,0.3395601051506851,0.09996375303583835,0.5791564572655318,0.5840836632613704,25.0,0.6788034368470381
R021,22,0.34310916560610155,0.10280739978243969,0.5834109314297634,0.5849455781806049,25.0,0.6209940710592181
R021,23,0.3519346183623508,0.11088440698963031,0.5929848297350713,0.5870866400827665,25.0,0.7461642066609279
R021,24,0.35781673318234963,0.1159958496440347,0.5996376167206645,0.5885118241765581,25.0,0.6812711260354326
R022,1,0.2802856751381497,-0.06880652933999754,0.629377879616297,0.5696162596134018,14.084822375555458,0.4542411187777729
R022,2,0.2719564589157203,-0.07662115382636026,0.6205340716578008,0.5675731495846857,12.143464877452379,0.35717324387261906
R022,3,0.26667430560925237,-0.08146613126253704,0.6148147424810417,0.5662762703776439,12.356346045404024,0.42528845660927383
R022,4,0.2557761643175954,-0.09196029062876315,0.6035126192639539,0.5635976974295218,10.935284353916073,0.29676421769580363
R022,5,0.24315520847982652,-0.1042101148349735,0.5905205317946265,0.5604910536825146,9.42360825558078,0.25826705978956094
R022,6,0.24375945917150293,-0.10325136954063663,0.5907702878836425,0.5606398998557767,16.32415376088757,0.5662076880443785
R022,7,0.23262744233730975,-0.11413195751050392,0.5793868421851234,0.5578960063569187,8.696690411773046,0.2911604526857846
R022,8,0.2211583768456722,-0.12538099252410606,0.5676977462154504,0.555065335115935,12.115338366195948,0.28418546478866374
R022,9,0.20659559861354396,-0.13979241219554586,0.5529836094226338,0.5514659749534674,7.644093396919008,0.2110951544054095
R022,10,0.19803534261736983,-0.1482450451815162,0.5443157304162558,0.5493476645917617,10.040868809245596,0.3496029917063303
R022,11,0.19193084483590062,-0.15427815593720118,0.5381398456090024,0.5478359550735609,13.151540751935752,0.4075770375967876
R022,12,0.1818867368394932,-0.16428080568505882,0.5280542793640453,0.5453467367251741,11.36746821564126,0.31837341078206294
R022,13,0.17189355745064125,-0.17430875302866403,0.5180958679299466,0.542867888436621,12.702690271647512,0.3168161262026395
R022,14,0.16391124329549545,-0.1823750905447747,0.5101975771357656,0.5408863110999882,12.295957717695337,0.36479788588476686
R022,15,0.15010445018066004,-0.1963245187956777,0.4965334191569978,0.5374558114533694,9.60573500027856,0.23028675001392812
R022,16,0.1329108534590908,-0.21371349356296668,0.4795352004811483,0.5331788848401818,6.334122795343175,0.1515510361519625
R022,17,0.11721619021011316,-0.22965097142928964,0.46408335184951593,0.529270541344363,10.309698633716668,0.18387214631759263
R022,18,0.10405707023171783,-0.24308510895053248,0.45119924941396816,0.5259908196793517,9.883095594930595,0.24415477974652972
R022,19,0.09071943649664102,-0.2567696358684305,0.4382085088617126,0.5226643172810753,8.973950129003883,0.236854768047804
R022,20,0.0724418061406038,-0.27539617068663275,0.42027978296784035,0.5181025356638749,9.21409958602042,0.12300553255669001
R022,21,0.053887239386023335,-0.2943321766629047,0.4021066554349514,0.5134685508006144,7.357177671648367,0.11785888358241836
R022,22,0.03910864288097142,-0.30954643601292153,0.3877637217748644,0.5097759147416522,12.250961841349477,0.20318511508434234
R022,23,0.019438455127347435,-0.32968561723452594,0.3685625274892208,0.5048594607690968,8.656653024979846,0.09203627916554696
R022,24,-0.0016889304266221204,-0.3513304051788143,0.3479525443255701,0.49957776749371224,6.167652020414035,0.058382601020701766
R023,1,-0.05813067762664967,-0.4271829834105233,0.3109216281572239,0.4854714215811801,11.737916968979995,0.4233876943034781
R023,2,-0.06147246817685822,-0.43006817889059173,0.30712324253687534,0.48463672063016294,12.851034513407056,0.4717841092785676
R023,3,-0.07131533429262708,-0.4395388970524482,0.296908228467194,0.48217871885687,9.375122347548414,0.3206574933716702
R023,4,-0.07921625476829602,-0.4471170809233349,0.28868457138674286,0.48020628604312043,11.065677968928854,0.36662172586040254
R023,5,-0.08696393363008326,-0.4546030213088215,0.280675154048655,0.4782727079960643,9.271682838870701,0.3708673135548281
R023,6,-0.1013478194034593,-0.46874644896849527,0.2660508101615766,0.47468471002191953,5.4740259138008,0.21896103655203197
R023,7,-0.10882016109328899,-0.4759884727724357,0.2583481505858577,0.47282177442303863,9.505545992163293,0.3802218396865318
R023,8,-0.11454149110617035,-0.48151334629961806,0.25243036408727737,0.47139589362195355,12.29842392360422,0.4226556328911009
R023,9,-0.12479843907388757,-0.49163568841666383,0.24203881026888865,0.46884082084797496,9.334670632876463,0.3188987231685419
R023,10,-0.138266852925101,-0.5050441818205431,0.2285104759703412,0.4654882514274862,6.8087607977522895,0.2420316999063454
R023,11,-0.15023473958147318,-0.516996930618984,0.21652745145603766,0.4625117991424634,7.642785274636469,0.2767827197765196
R023,12,-0.1595373414299886,-0.5263174282164026,0.2072427453564254,0.4602000451005762,8.49992317574714,0.3399969270298856
R023,13,-0.16700018669554392,-0.5338003250132028,0.19979995162211497,0.45834671428242546,12.048827604824949,0.38327750499166413
R023,14,-0.17459855070397562,-0.5415056379645188,0.19230853655656754,0.456460912336492,9.477350443346616,0.3790940177338646
R023,15,-0.1915855213539451,-0.5586514053289029,0.17548036262101266,0.4522495870128043,6.577094701769068,0.16259521371677582
R023,16,-0.20597743985784006,-0.5732042703485491,0.16124939063286903,0.4486869322493123,7.136666596700874,0.22333333029134236
R023,17,-0.21924218539566276,-0.5866831645030506,0.14819879371172506,0.4454079522822914,7.719480881078283,0.2486730817860123
R023,18,-0.23700967699394013,-0.6047356146201464,0.13071626063226607,0.441023399890601,4.336556171663413,0.1390231738193089
R023,19,-0.25893970740485,-0.6269804505992956,0.10910103578959562,0.435624369441685,7.768997364791527,0.04272207582175157
R023,20,-0.27189592578811034,-0.6402553676820757,0.09646351610585496,0.4324417073558203,7.785508521826685,0.25154384877507324
R023,21,-0.2867927170332526,-0.6555044773573435,0.08191904329083827,0.42878924372085003,8.375497785154652,0.20835703738831685
R023,22,-0.30264602786976486,-0.6717864214618738,0.06649436572234413,0.42491076744805095,4.5492941512524645,0.18197176605009857
R023,23,-0.3189488071978246,-0.6885562702029471,0.05065865580729784,0.4209319529325428,5.852578496866336,0.16750341290723195
R023,24,-0.33090587739844246,-0.7010112933970138,0.03919953860012887,0.41802022557130936,7.46285539203153,0.2692856413346471
R024,1,-0.5627407600796108,-1.0311835745260405,-0.09429794563318106,0.36291353819415495,6.128006038337381,0.2136669182640576
R024,2,-0.5757745646521748,-1.0438127244134092,-0.10773640489094027,0.3599054447242762,6.1723445736986955,0.2468937829479478
R024,3,-0.5894826525477154,-1.0571344998919316,-0.12183080520349909,0.35675356663637875,6.592412563059451,0.23301719012747715
R024,4,-0.5959622553987955,-1.063287185865913,-0.12863732493167807,0.35526800846085477,11.233575190644357,0.40145979089758077
R024,5,-0.6141006276347356,-1.0811779563357882,-0.14702329893368293,0.3511243577500313,6.819189825359879,0.13424713454094656
R024,6,-0.6279585643093549,-1.0948552272997931,-0.1610619013189168,0.34797357113242594,6.616077280888726,0.23400322003703025
R024,7,-0.6495999110208743,-1.116361143792691,-0.1828386782490577,0.343079702126372,3.2782110992771862,0.05557439562074723
R024,8,-0.6664790047052866,-1.133132616896559,-0.19982539251401427,0.3392856983185798,7.427995000831578,0.16323785718245606
R024,9,-0.686985893585772,-1.1536186478812995,-0.22035313929024458,0.33470391130142124,3.738301424228723,0.0755783227925532
R024,10,-0.7059673117215788,-1.1725829223129047,-0.2393517011302529,0.33049052842189425,2.7891531270739542,0.11156612508295817
R024,11,-0.7264578207879543,-1.1930860186524517,-0.2598296229234569,0.3259725150501347,1.9164023860812232,0.07665609544324892
R024,12,-0.7442784304369436,-1.2109309814315687,-0.2776258794423185,0.32206927819000736,3.4819830388148016,0.13927932155259207
R024,13,-0.7610926882842417,-1.2278109263050812,-0.2943744502634022,0.31840907878343266,4.87992229947073,0.16166342914461374
R024,14,-0.7837449171518943,-1.250565505175516,-0.3169243291282725,0.3135133324595815,4.584782354371456,0.027846778779593163
R024,15,-0.8065229004815706,-1.2734491334177596,-0.33959666754538165,0.3086319390538335,0.6394777356228344,0.025579109424913374
R024,16,-0.8250969373876078,-1.292131738192515,-0.3580621365827005,0.3046827939627927,3.959679389250495,0.12331997455210393
R024,17,-0.8467283760358709,-1.3138827167088345,-0.37957403536290746,0.3001196053332205,4.181732378934033,0.05371510813336513
R024,18,-0.8692473512624828,-1.3365688327598586,-0.40192586976510697,0.2954109366787125,4.65223616368483,0.031058864937372848
R024,19,-0.8905953424053469,-1.3581347866413385,-0.42305589816935535,0.2909869849408976,3.275286466811878,0.05544723768747297
R024,20,-0.9104196927369732,-1.3782144714021145,-0.44262491407183185,0.28691396281033044,2.2305992454754797,0.08922396981901919
R024,21,-0.9281185261778103,-1.396195100494507,-0.4600419518611135,0.2833065806056664,4.316978157577197,0.13820742323238322
R024,22,-0.9473819732268038,-1.4157806128332058,-0.4789833336204019,0.27941163297209576,2.578718197497595,0.10314872789990379
R024,23,-0.9662396503976856,-1.4349686589220962,-0.4975106418732749,0.27563065378976587,4.610833165846331,0.11351448547157961
R024,24,-0.9872448146414092,-1.4563543595560708,-0.5181352697267477,0.2714566217073246,2.472067538151475,0.061336147422978105
R025,1,0.6395464544799451,0.34289466121508144,0.9361982477448088,0.6546509288270563,25.0,0.7687350158231618
R025,2,0.6488563396858962,0.3527951420773346,0.9449175372944578,0.6567526951770779,25.0,0.765653976806872
R025,3,0.6501949966074259,0.3546461418020545,0.9457438514127972,0.6570544033678893,25.0,0.5802639552695685
R025,4,0.6573819682969593,0.3622906876647693,0.9524732489291492,0.6586720389693494,25.0,0.7173633442776594
R025,5,0.6621214989502722,0.3673888662607117,0.9568541316398327,0.6597367926208385,25.0,0.6574351033706703
R025,6,0.6633876868807158,0.3689358137623439,0.9578395599990877,0.6600209742354819,25.0,0.5766211998601949
R025,7,0.6752987602951626,0.3810498171124263,0.9695477034778988,0.6626886230250747,25.0,0.8229434948593249
R025,8,0.6755145887311853,0.38146767755906885,0.9695614999033018,0.6627368659818097,25.0,0.5526301113681945
R025,9,0.6707156971633804,0.37684194304140994,0.9645894512853509,0.6616633972428067,25.0,0.43897463009734233
R025,10,0.6716423207198319,0.37779452324527973,0.965490118194384,0.6618708046905195,25.0,0.5584746429268166
R025,11,0.6746563602437534,0.3807801094071506,0.9685326110803563,0.6625450107880085,25.0,0.6082509651844574
R025,12,0.6781321637778784,0.38422657020515055,0.9720377573506063,0.6633216882966732,25.0,0.6196345389851491
R025,13,0.6826707673975485,0.3886372845888165,0.9767042502062805,0.664334524101655,25.0,0.6409731289285685
R025,14,0.6931871449046878,0.39892721099354533,0.9874470788158303,0.6666755475730106,25.0,0.7759162388791931
R025,15,0.6961622770716233,0.40162137735639486,0.9907031767868517,0.667336351079186,25.0,0.6026828220417932
R025,16,0.7091282848789868,0.4143055148084167,1.003951054949557,0.6702085140292521,25.0,0.8348782231124809
R025,17,0.7178680834759081,0.42268551049727743,1.013050656454539,0.6721373818742321,25.0,0.736449799009698
R025,18,0.7214147472735697,0.4258714524114869,1.0169580421356526,0.6729184779534291,25.0,0.6167865977691247
R025,19,0.7267082821920579,0.4307752115393074,1.0226413528448082,0.6740825125368431,25.0,0.6596990953241906
R025,20,0.7301502921390538,0.4337983394160923,1.0265022448620154,0.6748382522912193,25.0,0.6192512730511402
R025,21,0.7243788955409337,0.427553125642822,1.0212046654390454,0.6735705499148693,25.0,0.40704390699134746
R025,22,0.722669567027341,0.4253407793599224,1.0199983546947595,0.6731946028271292,25.0,0.5035356620540133
R025,23,0.7299238712091208,0.4320369251431866,1.027810817275055,0.6747885664208614,25.0,0.7125855793681352
R025,24,0.7317299872518167,0.43325555807994703,1.0302044164236863,0.6751847915113524,25.0,0.5887085933188905
R026,1,0.229276833343949,-0.10661389306864266,0.5651675597565406,0.5570694256016766,11.869793770462952,0.4031724441119524
R026,2,0.22675821564763574,-0.1085641812016915,0.562080612496963,0.5564478851030525,13.789969216799625,0.49045314621816466
R026,3,0.221328102493183,-0.11350219454645469,0.5561583995328206,0.5551072514953586,12.851716996772092,0.42151033317962344
R026,4,0.2114453796423124,-0.12292470324460383,0.5458154625292286,0.5526652726759326,8.683806893801265,0.3201586205750528
R026,5,0.20475891012527137,-0.1291911424353835,0.5387089626859263,0.5510116249331457,12.88706132456208,0.3943530662281039
R026,6,0.1947383785353819,-0.13882328545706718,0.528300042527831,0.5485313202341255,11.381559475567425,0.3190779737783712
R026,7,0.18689387222554427,-0.14631604505504758,0.5201037895061361,0.5465879398489525,11.156854006712187,0.37076609121419024
R026,8,0.1765503944922412,-0.15633590065566294,0.5094366896401453,0.5440233072902553,9.921888675350298,0.31463130342501344
R026,9,0.1761934418359148,-0.15641895588521038,0.50880583955704,0.5439347595283147,15.459500512394536,0.545690500590216
R026,10,0.17522391086349381,-0.1572129193881081,0.5076607411150957,0.5436942380086243,16.03279619748562,0.5280419051308222
R026,11,0.16606127567442006,-0.16625823000068893,0.498380781349529,0.5414201778699309,10.475605847497503,0.339800265795341
R026,12,0.16346718341145275,-0.16881022974168716,0.4957445965645927,0.5407760364593075,13.74177264806098,0.4882623930936809
R026,13,0.16186362438318172,-0.17044966327217473,0.4941769120385382,0.5403777869611075,14.21516119043482,0.5097800541106736
R026,14,0.1555314973972568,-0.17687467926034212,0.4879376740548557,0.5388046819461848,13.02458902202847,0.4012294511014235
R026,15,0.1378160243554307,-0.1947151474940825,0.4703471962049439,0.5343995766509585,6.0695364594370895,0.13952438451986768
R026,16,0.12296925969283662,-0.2097140535140537,0.45565257289972694,0.5307036344097761,9.127334564197561,0.20636672820987806
R026,17,0.10587591403200833,-0.2269899989997364,0.4387418270637531,0.5264442803975663,5.576091830485722,0.1554822534993792
R026,18,0.09553216035908085,-0.23754407744458028,0.428608398162742,0.5238648928160295,11.926518988774395,0.3119220520407577
R026,19,0.08445737465816001,-0.24888519320257485,0.41779994251889485,0.5211018018081572,12.317304709716021,0.2954058172064457
R026,20,0.06809533750209197,-0.2655509289862197,0.4017416039904036,0.517017259166562,9.319987230473707,0.17473617002493202
R026,21,0.05451707296662178,-0.2794855275488935,0.38851967348213706,0.5136258936028487,12.056463174295049,0.23861548084088527
R026,22,0.04260407837457453,-0.29179130106557744,0.3769994578147265,0.5106494088238913,11.306700164844596,0.2793000086760314
R026,23,0.025026794781431758,-0.30984508206037176,0.3598986716232353,0.5062563721471843,6.165115215354907,0.14386887342522306
R026,24,0.006450285085589624,-0.32894316225613623,0.3418437324273155,0.5016125656803434,8.252051160057427,0.11852900842407504
R027,1,-0.4351171312749541,-0.651777659917127,-0.2184566026327812,0.3929050721756011,17.78074698301501,0.7112298793206004
R027,2,-0.4199550889340052,-0.6358184375809629,-0.20409174028704746,0.39652749700885703,22.384138016803643,0.8953655206721457
R027,3,-0.40910117768958404,-0.624246848539721,-0.19395550683944707,0.3991276614499249,19.960566085223217,0.7984226434089287
R027,4,-0.40173029482328393,-0.6162425243889225,-0.1872180652576454,0.40089668904267284,18.21340537958436,0.7172252241493484
R027,5,-0.3960830685434831,-0.6100432857554157,-0.18212285133155054,0.40225378747584273,17.532586911811197,0.6753298657309216
R027,6,-0.3801083256338887,-0.5935852988102095,-0.16663135245756783,0.4061007705058469,23.050616144377997,0.9152441801903476
R027,7,-0.37563312369154034,-0.5887067504296424,-0.16255949695343827,0.4071805647905646,16.634544805532638,0.6514393668971933
R027,8,-0.3613107729904831,-0.5740423744587513,-0.14857917152221486,0.41064230183658046,22.132181839761884,0.8805075766567452
R027,9,-0.350766306285877,-0.5632688884088021,-0.138263724162952,0.4131966061472253,20.23253016457418,0.7832968256624627
R027,10,-0.34399792132331103,-0.55633688958737,-0.131658953059252,0.4148386622334317,18.36366130403396,0.6983482410924527
R027,11,-0.3287314395196858,-0.5409602516423586,-0.11650262739701303,0.4185493154394607,22.76418015003931,0.8983718250017868
R027,12,-0.31784486784633886,-0.5300132208527112,-0.10567651483996651,0.4212010596728857,20.445180597437933,0.8019643738016491
R027,13,-0.30625872528126347,-0.5184378959325734,-0.09407955462995352,0.424028203279627,20.49422598305036,0.8197690393220144
R027,14,-0.2959404309958571,-0.508175824156122,-0.08370503783559224,0.42655017720661115,19.87212445346522,0.7948849781386087
R027,15,-0.2843334414878874,-0.4967165322624906,-0.07195035071328423,0.42939169689232903,21.231058972542073,0.8205266177400987
R027,16,-0.27674150756709404,-0.48936546910214446,-0.06411754603204362,0.43125281926157655,18.64862283454353,0.7238531667192839
R027,17,-0.264530879188699,-0.477458657390479,-0.051603100986918976,0.4342502457270063,20.969028277809848,0.8320428449087438
R027,18,-0.25447625129141455,-0.4677855266646388,-0.04116697591819027,0.43672204950047516,19.776926107221083,0.7823719211342116
R027,19,-0.2433391319809683,-0.4570812154339138,-0.02959704852802278,0.43946363895331664,20.65565713260291,0.8111155275044746
R027,20,-0.23135805416350372,-0.44560896179696907,-0.017107146530038392,0.4424171087335188,21.287307270957438,0.8312412395889744
R027,21,-0.22768092849882288,-0.44253965477101936,-0.012822202226626389,0.4433243886602366,16.563988155890318,0.6332168763430573
R027,22,-0.21701453267784,-0.4325363877507026,-0.001492677604977427,0.44595829310743,19.90651234543763,0.7962604938175051
R027,23,-0.20894253098296084,-0.4252124989490852,0.007327436983163488,0.4479535787601496,19.15015625720422,0.7340980116911009
R027,24,-0.19939835829934152,-0.4164683950951968,0.017671678496513743,0.45031492343975094,19.966292442523066,0.7711951110237759
R028,1,-0.16925685749335728,-0.7468137336313845,0.4083000186446699,0.457786514793487,6.913307943825137,0.24638783099271402
R028,2,-0.18679215974504226,-0.7640716706902769,0.3904873512001924,0.45343726763015524,3.57454923104008,0.1429819692416032
R028,3,-0.20735436750715946,-0.7843635578890047,0.3696548228746858,0.44834634994750244,3.690279851370885,0.07349042832047327
R028,4,-0.22249954046484405,-0.7992827202531219,0.3542836393234338,0.44460346515298643,4.96300149212258,0.19852005968490316
R028,5,-0.23843730506172603,-0.8150014454228598,0.3381268352994078,0.44067148819534774,7.798605078235722,0.180885956106463
R028,6,-0.2579929107075868,-0.834425567428377,0.31843974601320346,0.4358571590517631,5.133001233687279,0.09695460153123993
R028,7,-0.27730599424588104,-0.8536296426278505,0.29901765413608833,0.43111437083105586,4.388503140936308,0.1038479626494047
R028,8,-0.29781628220568523,-0.8740357791733717,0.27840321476200125,0.42609139773530075,3.7637310096223575,0.07668395694010248
R028,9,-0.31675597527674054,-0.8928761569042465,0.25936420635076535,0.4214665443373596,5.500037355462336,0.11363806161192436
R028,10,-0.34012087537488217,-0.9161512120901893,0.23590946134042506,0.4157801152897039,1.2894437428772272,0.0120601559532178
R028,11,-0.3615589313753838,-0.9375058127163698,0.21438794996560223,0.41058224506704427,1.4273271465424062,0.05709308586169625
R028,12,-0.38191433230823935,-0.9577823862232927,0.193953721606814,0.4056652664883296,2.0639950541784984,0.08255980216713993
R028,13,-0.4015651370635473,-0.9773853170759654,0.1742550429488709,0.40093635704042796,3.343716911882459,0.0976548713284358
R028,14,-0.4245705244580108,-1.0003856097098627,0.1512445607938412,0.39542358271676575,1.4059669094749707,0.016915287894790455
R028,15,-0.4473677440922548,-1.0231818050195538,0.1284463168350442,0.38998679043372614,3.4863098824945906,0.022104994658845054
R028,16,-0.4654843933441119,-1.0413022982376763,0.11033351154945242,0.385685582482469,5.016648514824002,0.13115863107930442
R028,17,-0.4866347632105822,-1.0625269219677866,0.08925739554662238,0.3806866512508558,4.306111034790035,0.05936868339954707
R028,18,-0.5056766672971615,-1.0816489423635418,0.07029560776921862,0.37620756121451854,3.6140736372023787,0.10891973488343247
R028,19,-0.5249953215149583,-1.1010552035066623,0.05106456047674557,0.3716849042950872,3.4785002658529622,0.10327084441054013
R028,20,-0.5439460070095298,-1.1201446107771194,0.03225259675805969,0.36727011885667765,6.306330205338094,0.10982524787324258
R028,21,-0.5667996205742502,-1.1432284588271227,0.009629217678622237,0.36197562316748993,4.350586465367892,0.01669459358894722
R028,22,-0.5869421532473604,-1.1636477354570176,-0.010236571037703257,0.35733677350823917,3.849495278956069,0.08041283821548126
R028,23,-0.6093789783972556,-1.1863656121884985,-0.03239234460601281,0.3522008743544653,1.6679864361141317,0.027832768171422138
R028,24,-0.6295507242183045,-1.2068305830193253,-0.05227086541728376,0.3476124167047093,2.94232929105498,0.08093038712729082
R029,1,0.13259668001055658,-0.10938429607292371,0.37457765609403687,0.5331006865177541,25.0,0.86717856154089
R029,2,0.1447831019736193,-0.09650137112676438,0.38606757507400297,0.5361326793238198,25.0,0.8294024706397009
R029,3,0.161563703903146,-0.0791037528685769,0.4022311606748689,0.5403032949196064,25.0,0.9367987996058059
R029,4,0.16931195917610242,-0.07076065994788638,0.40938457830009123,0.5422271624053775,25.0,0.7312975677397984
R029,5,0.1799801877156,-0.05960507210902047,0.4195654475402205,0.5448739792023305,25.0,0.7949194185840414
R029,6,0.192507025232964,-0.0466980800208337,0.4317121304867617,0.5479786777738641,25.0,0.8333129006169863
R029,7,0.20077184090889152,-0.03809590642372543,0.4396395882415085,0.5500250333714464,25.0,0.7382443833556391
R029,8,0.215535858160226,-0.023037246515030863,0.45410896283548285,0.5536763276101726,25.0,0.8924769036932613
R029,9,0.22818261572850607,-0.010157336944959738,0.46652256840197187,0.5567994181422824,25.0,0.8457415937565537
R029,10,0.24165757665713294,0.003489343170948983,0.47982581014331693,0.560122092456184,25.0,0.8672052794198595
R029,11,0.2576345171192451,0.019595446032360436,0.49567358820612983,0.5640547150664135,25.0,0.928629800696494
R029,12,0.27374025474710373,0.035712514214531366,0.5117679952796761,0.5680109006167601,25.0,0.9237941830161118
R029,13,0.2889469015521296,0.050887959725243376,0.5270058433790158,0.5717382974704922,25.0,0.9063490945667683
R029,14,0.3009838208196169,0.06280033634969512,0.5391673052895387,0.5746830023561276,25.0,0.8298185840369693
R029,15,0.3163007669203545,0.07797090330964845,0.5546306305310607,0.578422457106567,25.0,0.909264749519378
R029,16,0.3341980207136337,0.09564340061556822,0.5727526408116992,0.5827804679828198,25.0,0.9685251726748348
R029,17,0.3464037855209236,0.10753087526101146,0.5852766957808357,0.5857452354834028,25.0,0.8336188540496408
R029,18,0.3585671276339238,0.11931434515943118,0.5978199101084164,0.5886935318645886,25.0,0.8340172877914928
R029,19,0.3703525744895635,0.13069793834653703,0.61000721063259,0.5915441701115832,25.0,0.8284644308626078
R029,20,0.38386914260844746,0.14373378486516022,0.6240045003517347,0.5948059531018483,25.0,0.867777861728618
R029,21,0.39864664173591724,0.157951500201148,0.6393417832706865,0.5983624578623695,25.0,0.8959675916359937
R029,22,0.41616833166086764,0.17491413310091103,0.6574225302208243,0.6025660027060781,25.0,0.9602954485384076
R029,23,0.43342937945156146,0.19157288325567387,0.675285875647449,0.6066922745564507,25.0,0.9570123942451161
R029,24,0.4492426183820339,0.2066754803621455,0.6918097564019223,0.6104591446012982,25.0,0.9161764766042705
R030,1,-0.5513201300694756,-0.840464334041243,-0.26217592609770807,0.365558182992909,11.388625909610814,0.38130117770958255
R030,2,-0.5593207434879971,-0.8478719658552099,-0.2707695211207843,0.36370464113106415,13.527549613929036,0.3626416452182798
R030,3,-0.564193436775727,-0.8522325095947878,-0.2761543639566661,0.3625777356661262,14.2663987171704,0.43507361669317896
R030,4,-0.5666225836807243,-0.8542467993903418,-0.2789983679711067,0.36201651070805757,15.794326163136926,0.48857367572982924
R030,5,-0.5766612875713271,-0.8639558406951345,-0.2893667344475196,0.3597011926346537,13.336008046722487,0.3138828262777933
R030,6,-0.5771322803908318,-0.8641645732397369,-0.2900999875419265,0.3595927225068895,14.370131918278236,0.5378318225338363
R030,7,-0.5941925404860652,-0.881054654879252,-0.3073304260928783,0.35567347009930345,7.2014488205986655,0.15244994383803173
R030,8,-0.6062661821882582,-0.8930060382466584,-0.3195263261298581,0.35291140199380994,11.804507668006655,0.2669170926670364
R030,9,-0.6148127642419415,-0.9014776583107742,-0.3281478701731088,0.3509621245700517,10.091802823514868,0.3518175140658638
R030,10,-0.6274427120579058,-0.914058534577379,-0.34082688953843265,0.34809062097678445,10.94373618820193,0.26019664148431215
R030,11,-0.6420341901743303,-0.9286626757308052,-0.3554057046178553,0.34478685279211524,12.455470650927372,0.21596691568296095
R030,12,-0.6505476031098751,-0.9372738212103167,-0.3638213850094337,0.3428661468293035,11.441947282222317,0.3543784420105866
R030,13,-0.6697585693329717,-0.9566304705405927,-0.38288666812535077,0.33855090327015724,10.754495584194116,0.10965597401213208
R030,14,-0.6868960185930644,-0.973974860082429,-0.3998171771036998,0.334723924710728,9.018576969838545,0.15887247209676547
R030,15,-0.6998094417449193,-0.9871393230049244,-0.41247956048491424,0.3318544784040823,7.9526274405537665,0.25880988871972893
R030,16,-0.7141859602324486,-1.0017720861148725,-0.42659983435002485,0.32867455663278067,8.755872797665388,0.2264701332221614
R030,17,-0.7315134594094665,-1.019416036211895,-0.4436108826070382,0.32486269707346144,7.215560338450635,0.15312192087860166
R030,18,-0.7505156521246359,-1.038785160511751,-0.4622461437375207,0.3207089531908491,6.363398476075252,0.11254278457501199
R030,19,-0.7674142279142484,-1.0560771364200465,-0.4787513194084504,0.31703872594408017,8.268630479532032,0.16343152397660168
R030,20,-0.7845323201339586,-1.0736330521984754,-0.4954315880694417,0.31334389033548027,9.883001204321959,0.16016673357344205
R030,21,-0.8059971961731989,-1.0956054946903433,-0.5163888976560546,0.30874412421076947,3.3157751874217936,0.05720761684442579
R030,22,-0.8253335527645379,-1.1154724084748129,-0.5351946970542629,0.3046326690306086,5.311862810523687,0.10508467320562213
R030,23,-0.8447397321916664,-1.1354412469715287,-0.5540382174118041,0.3005374816173313,4.399007882079141,0.10430469052518006
R030,24,-0.8674124995654389,-1.1587052036747814,-0.5761197954560964,0.29579299210660354,9.418154069405178,0.026134629337823685
R031,1,-0.09782715713183976,-0.36836152262616045,0.17270720836248094,0.47556269666950834,19.136018095637514,0.745044265027718
R031,2,-0.09181486210575479,-0.3617505898807382,0.17812086566922863,0.4770623958175603,17.38985358959859,0.6829105662332746
R031,3,-0.08742867785433128,-0.35684319374266266,0.1819858380340001,0.47815674250729745,16.49079749213346,0.6454498955055609
R031,4,-0.08715363172182777,-0.3561160785343692,0.18180881509071367,0.47822537322013425,13.773262500694596,0.5509305000277838
R031,5,-0.08800610894491111,-0.3565894298710391,0.18057721198121685,0.4780126620644214,13.544575907517654,0.5226906628132356
R031,6,-0.07919749547994015,-0.34744128487826387,0.18904629391838357,0.48021096851722556,19.470521933382493,0.7486600878810222
R031,7,-0.0758840711885724,-0.3438600450168222,0.19209190263967743,0.48103808051056784,15.960784831636538,0.6233660346515224
R031,8,-0.06893512922085877,-0.33673277422275066,0.19886251578103314,0.48277303910576463,17.893364986150303,0.7038902077562627
R031,9,-0.06932132809241255,-0.3369845054844913,0.19834184929966625,0.4826766046421934,13.89344409385301,0.5372268372438753
R031,10,-0.06917039239421115,-0.33674170606247744,0.19840092127405518,0.4827142933694105,15.137863049314316,0.5517210476961053
R031,11,-0.07053582975875584,-0.33806109424465947,0.1969894347271478,0.4823733501151261,13.457970460741599,0.5190821025308999
R031,12,-0.07142763781832648,-0.3389418620376271,0.19608658640097418,0.48215067869897604,14.712132874965661,0.5323696761348028
R031,13,-0.07727263566821625,-0.3448626542012829,0.19031738286485045,0.48069144783759343,12.074701454518076,0.4124864297508217
R031,14,-0.08508778662257373,-0.35282191946801333,0.1826463462228659,0.4787408780123998,10.364523075667234,0.363674916333358
R031,15,-0.08390596576985862,-0.3518298925161878,0.18401796097647058,0.479035806476923,14.732509490493593,0.572187895437233
R031,16,-0.08508003291364064,-0.35327095121034136,0.18311088538306008,0.4787428129356612,13.854702737203638,0.5154218581392886
R031,17,-0.08674998751395127,-0.3552530936605218,0.18175311863261925,0.4783260937743964,13.144376650988477,0.5060156937911865
R031,18,-0.08271733499784842,-0.3515937666384057,0.18615909664270888,0.4793324491267989,16.671871432332452,0.6379074535796717
R031,19,-0.0770958997021255,-0.3463708208154386,0.1921790214111876,0.4807355660888196,16.948509551365223,0.6779403820546088
R031,20,-0.07862938407237781,-0.348394006489291,0.19113523834453539,0.4803527754838457,14.209378698783402,0.5095172135810637
R031,21,-0.07415975945180452,-0.3444398166804714,0.19612029777686235,0.48146855242906733,16.981783300584215,0.6513818826340964
R031,22,-0.07423407187649167,-0.3450550954062619,0.19658695165327855,0.481449999868421,14.187944188183565,0.5494976745076485
R031,23,-0.08477841834599935,-0.35620320180062254,0.1866463651086238,0.4788180807696068,9.060241640070034,0.3069670278291318
R031,24,-0.09153591523586395,-0.36361632238596936,0.18054449191424143,0.4771319862165024,9.809245050287164,0.39236980201148663
R032,1,-0.6500823835140485,-1.036829956048962,-0.26333481097913497,0.342970972630035,8.511728906238215,0.34046915624952867
R032,2,-0.6604460648089352,-1.0467809530786338,-0.27411117653923667,0.34063941639636985,8.327767046122492,0.3053236269217705
R032,3,-0.6699863857447204,-1.0559417317889812,-0.2840310397004595,0.338499889263268,9.524307872717323,0.32714382055292707
R032,4,-0.6788178210884174,-1.064484499054303,-0.29315114312253177,0.33652520373231964,10.503090983361952,0.34104959015281605
R032,5,-0.6855320650933732,-1.0709930579714149,-0.30007107221533136,0.33502772352281984,10.391297947338895,0.39130408113912063
R032,6,-0.7022456273889531,-1.0875966940624484,-0.31689456071545785,0.3313145315136967,4.678274736390414,0.15326144734960054
R032,7,-0.714744831261293,-1.1000271042241483,-0.3294625582984377,0.3285512548949793,7.770343615341943,0.25088450501486714
R032,8,-0.7284635260994006,-1.1137472277617362,-0.343179824437065,0.3255319865550989,7.108889653549486,0.22212563711084723
R032,9,-0.7450390832690883,-1.1303741436272923,-0.35970402291088427,0.3219032192329561,4.783109039853216,0.15762954332721732
R032,10,-0.7626151690619736,-1.1480041507238021,-0.377226187400145,0.31807875418076825,5.972721365199215,0.13512369841814612
R032,11,-0.7817082924230506,-1.1672051791162257,-0.3962114057298756,0.31395182676915,3.3935398976543008,0.0997308290689292
R032,12,-0.8005170001646201,-1.1861257649029517,-0.41490823542628846,0.30991493838740136,4.463527085870677,0.1071098732987251
R032,13,-0.8194325548745721,-1.2051839467096177,-0.4336811630395265,0.3058841260165527,5.328097521155968,0.10582261459799853
R032,14,-0.829693963947159,-1.2156391113622396,-0.4437488165320784,0.3037097837785034,8.29598728029276,0.30399947001219835
R032,15,-0.8474479617574443,-1.2335963305810476,-0.4612995929338411,0.2999684796585579,5.040243725965787,0.13218450982459945
R032,16,-0.8668228375535266,-1.253219256260241,-0.48042641884681225,0.2959158331957505,3.2010227284276187,0.09170928035115078
R032,17,-0.8852246918645492,-1.2718754827791314,-0.49857390094996706,0.2920962655118863,4.651643276586126,0.11528883811244031
R032,18,-0.9035848867385661,-1.2905130831694813,-0.5166566903076508,0.288314359526381,3.8332496730590604,0.11805206971079418
R032,19,-0.9185999456419499,-1.305834697278654,-0.5313651940052457,0.28524325089060265,6.522675913477741,0.1966380831946844
R032,20,-0.9374957927141543,-1.3250911967421042,-0.5499003886862044,0.2814064582125089,3.587415358128084,0.10780897325533684
R032,21,-0.9601184748259126,-1.3481031379720798,-0.5721338116797454,0.27685447486871256,2.5135541609677743,0.022328441781207572
R032,22,-0.9822215627071664,-1.3706191184812777,-0.5938240069330551,0.2724511995300743,1.8258972272273115,0.034412384467804646
R032,23,-1.0014414820533377,-1.3902571019688856,-0.6126258621377898,0.26865810320968514,5.2433161572086275,0.1019689162367558
R032,24,-1.0197678155537915,-1.4090498920704864,-0.6304857390370966,0.2650726297163112,3.0752402870035773,0.1230096114801431
R033,1,-0.03930332399962244,-0.25439633086920044,0.17578968286995555,0.4901754336768161,25.0,0.7014524645341593
R033,2,-0.04140105760914742,-0.2556732548110473,0.17287113959275247,0.4896512137481483,25.0,0.5019552168065636
R033,3,-0.03256257162860818,-0.24606789926719724,0.1809427560099809,0.49186007632452033,25.0,0.7596446056321328
R033,4,-0.03183127856142317,-0.24466387131773598,0.18100131419488963,0.4920428522168981,25.0,0.5693492937900126
R033,5,-0.02800396379396587,-0.24026771581014203,0.1842597882222103,0.4929994665432178,25.0,0.6364093265147198
R033,6,-0.014775966819682946,-0.22655261567869225,0.19700068203932639,0.49630607550246497,25.0,0.854487977924264
R033,7,-0.013390319193915604,-0.2247614065217603,0.19798076813392912,0.49665247021922654,25.0,0.5802018081055997
R033,8,-0.006208969423349808,-0.21728595348870533,0.2048680146420057,0.49844776263089025,25.0,0.7065039171127334
R033,9,-0.0022273112980391863,-0.21311313795422784,0.20865851535814947,0.49944317240568814,25.0,0.6270961020886519
R033,10,0.002488387908419945,-0.20827408959434585,0.21325086541118576,0.5006220966560992,25.0,0.6463559813868133
R033,11,0.006719942371842577,-0.20400027828238199,0.2174401630260671,0.5016799792709759,25.0,0.6352050988941128
R033,12,0.009436717279929056,-0.20129402947727396,0.22016746403713208,0.5023591618127405,25.0,0.6037290982830492
R033,13,0.012198747910832811,-0.19856031725783704,0.22295781307950266,0.5030496491597507,25.0,0.608895731411362
R033,14,0.017008277460351197,-0.1938601808012936,0.227876735721996,0.5042519668643018,25.0,0.6562491335491054
R033,15,0.023423120778817946,-0.18763586976785745,0.23448211132549335,0.5058555124818594,25.0,0.6933720042232916
R033,16,0.022186707792853824,-0.18917406438822054,0.23354747997392816,0.5055464494301011,25.0,0.5077488773219292
R033,17,0.021449324909883632,-0.19031627835402448,0.23321492817379175,0.505362125648037,25.0,0.513783012670479
R033,18,0.016679897629657492,-0.19557207153800904,0.22893186679732402,0.5041698777296002,25.0,0.4199622173951174
R033,19,0.024692898110723477,-0.18811382218244777,0.23749961840389472,0.5061729108753812,25.0,0.7182314309390706
R033,20,0.02383439553082533,-0.18959565318981175,0.23726444425146243,0.505958316819448,25.0,0.5146834200824192
R033,21,0.03391741621090474,-0.18021829215050042,0.2480531245723099,0.508478541265093,25.0,0.7679806836758558
R033,22,0.03515405253794511,-0.179756441514907,0.2500645465907972,0.5087876081705178,25.0,0.5649048091112173
R033,23,0.038747879812539784,-0.17697454981362404,0.25447030943870363,0.5096857581351473,25.0,0.6239792636896205
R033,24,0.03602128731767125,-0.1805316513550092,0.2525742259903517,0.5090043482304528,25.0,0.4814538264151332
R034,1,-0.7414729915823284,-0.944469658138182,-0.5384763250264748,0.32268212507129745,22.050884856150674,0.8525442428075337
R034,2,-0.7266618924987344,-0.9288140566833805,-0.5245097283140883,0.32592767914206877,23.138640893338884,0.8905082878434637
R034,3,-0.7161801497054548,-0.9175762642734759,-0.5147840351374338,0.3282346939538904,20.663493519987547,0.7934996914279784
R034,4,-0.7006153316093603,-0.9013466311316121,-0.4998840320871085,0.3316758150145321,23.21321591990888,0.910660795995444
R034,5,-0.6878957385503776,-0.8880514938422405,-0.48773998325851464,0.33450134004892146,21.955373847940464,0.8477686923970232
R034,6,-0.6816243197985512,-0.8812893080586193,-0.48195933153848314,0.3358988677205529,18.11573196051422,0.700683998283227
R034,7,-0.6730748916429521,-0.872318389428861,-0.4738313938570432,0.33780866341094173,20.597856733428273,0.7554364851904595
R034,8,-0.6649230345790591,-0.8638193958307635,-0.4660266733273547,0.339634588738212,19.751752903804242,0.7500834716097258
R034,9,-0.6488073680211635,-0.8474258917530357,-0.4501888442892911,0.3432583445211212,23.636911607998485,0.9380414367272039
R034,10,-0.6359662543827485,-0.8343808340029504,-0.43755167476254647,0.34615894141942055,22.215068636109265,0.8673842207671077
R034,11,-0.6280377400589625,-0.8263523234166731,-0.42972315670125194,0.34795560732396225,19.435986085724295,0.7470902766238318
R034,12,-0.620332328218164,-0.8186147479653898,-0.4220499084709382,0.3497058723351158,19.645183859946407,0.7450087552355434
R034,13,-0.613540394796656,-0.811857928032918,-0.415222861560394,0.3512520096265681,18.987910186663985,0.7267231903029084
R034,14,-0.6045389187665977,-0.8029686031806813,-0.40610923435251417,0.3533059485496558,19.67083779465391,0.7779515747772461
R034,15,-0.5936970721930583,-0.7923300179567433,-0.3950641264293734,0.3557870246129341,21.866197105040598,0.8156586532376822
R034,16,-0.5919359193292157,-0.7908753472840853,-0.3929964913743462,0.3561907879034306,16.152286796213993,0.597831218009727
R034,17,-0.5859693952126006,-0.7852897810689156,-0.38664900935628566,0.35756019565909564,18.706217984440528,0.6853108992220265
R034,18,-0.5729821525316966,-0.7727154711178079,-0.3732488339455853,0.36054899386078676,22.06723848631032,0.8533619243155159
R034,19,-0.5685002828970158,-0.7687196908129492,-0.36828087498108236,0.36158294871138963,18.202391382630246,0.6601195691315123
R034,20,-0.5639206568151789,-0.7647130176423008,-0.36312829598805696,0.36264078160273866,17.37067576660433,0.6532125348456512
R034,21,-0.5567542560745974,-0.7581625364544072,-0.35534597569478754,0.364298794332701,19.636557069806027,0.7177135299897909
R034,22,-0.5451067066579721,-0.7472115484985014,-0.3430018648174429,0.367000433825018,20.88753646225782,0.8211972374894703
R034,23,-0.5385203225899883,-0.7414164824232168,-0.33562416275675977,0.36853186002638133,19.302327713363333,0.7001225112296493
R034,24,-0.5303515592977287,-0.7341266364030976,-0.3265764821923598,0.3704348961410621,19.93865731966017,0.7336135431400088
R035,1,-0.19288663824717184,-0.4912287786004623,0.10545550210611865,0.4519272945377851,15.530523833685185,0.605438493070216
R035,2,-0.19013238678367517,-0.48793294979213414,0.10766817622478381,0.4526095822763418,15.607907839342644,0.6086628266392768
R035,3,-0.18549034043351353,-0.4828564091522088,0.11187572828518172,0.45375991951153466,16.52674320952663,0.6469476337302761
R035,4,-0.18800599232278403,-0.4849872818159602,0.10897529717039212,0.45313645822011106,14.174549449654345,0.484502354745445
R035,5,-0.18909789145947353,-0.4857900582934035,0.10759427537445643,0.45286589532724925,13.31592609431363,0.5131635872630679
R035,6,-0.1841610378288547,-0.4806102816921205,0.11228820603441106,0.4540894231260214,17.759095161484233,0.6551950076897254
R035,7,-0.18399493355285168,-0.48027486221535065,0.11228499510964729,0.45413059939748696,14.57810456032422,0.5468741113184444
R035,8,-0.1908675553154896,-0.48697913951387317,0.10524402888289397,0.45242744757664527,9.61326106094129,0.3845304424376517
R035,9,-0.19453939949287075,-0.49052898140453804,0.10145018241879655,0.45151795634903086,12.560319918038564,0.4591443442625462
R035,10,-0.19721467978459914,-0.4931491332556357,0.09871977368643745,0.4508555108616202,13.087550891932734,0.4820674300840319
R035,11,-0.19577215627838282,-0.49165242455531843,0.10010811199855282,0.4512126830418234,14.876970283784614,0.5782070951576922
R035,12,-0.19965939051350967,-0.49551380172972387,0.09619502070270453,0.4502503106104732,12.532475455246386,0.457933715445495
R035,13,-0.20607552490244965,-0.5019885863933997,0.08983753658850038,0.448662669371251,9.877433699897159,0.3950973479958864
R035,14,-0.2076266922282668,-0.5036044366334174,0.08835105217688372,0.4482789963045459,12.731830014165222,0.509273200566609
R035,15,-0.2184278891460826,-0.5145158677411299,0.07766008944896466,0.44560910843545415,8.839241519627262,0.29735832694031566
R035,16,-0.2235680888343572,-0.5198049979095958,0.07266882024088145,0.4443396228392314,11.311712802775,0.429654700115625
R035,17,-0.23086594344248168,-0.5272792738235415,0.06554738693857803,0.44253850811594186,10.792778650663516,0.382294723941892
R035,18,-0.23733481624008315,-0.5340035699894283,0.05933393750926205,0.44094324752886527,10.462575622688783,0.39427398427869936
R035,19,-0.24533278123586802,-0.542304557133741,0.05163899466200497,0.43897259209458567,11.557831727091962,0.35989674890914103
R035,20,-0.2498876217512328,-0.5472089324834045,0.047433688980938915,0.43785115942462327,13.273626973944085,0.4416012844735279
R035,21,-0.24827591848101857,-0.5459746595998045,0.049422822637767344,0.4382478997269388,15.098481099430694,0.5874367124762788
R035,22,-0.24752151947350326,-0.5456847707833214,0.050641731836314874,0.43843363135620356,15.040455568471186,0.5669763290639647
R035,23,-0.2558341615739952,-0.5545540477042672,0.04288572455627676,0.43638803788859337,10.172193924741629,0.35531277933659255
R035,24,-0.2680696292169804,-0.5673892166572063,0.031249958223245555,0.4333810594854356,6.643933024230683,0.26575732096922733
R036,1,-0.5663931978289944,-1.0235369695464003,-0.10924942611158861,0.3620694914687544,4.803067501374071,0.1584611458905863
R036,2,-0.57716280007949,-1.0339428266069361,-0.12038277355204369,0.3595856942861979,7.4324697699342686,0.2972987907973707
R036,3,-0.5881511174469556,-1.0445710595393594,-0.1317311753545518,0.3570591861709114,8.031671197032269,0.2929862998763445
R036,4,-0.602450239525913,-1.0585478422934589,-0.14635263675836713,0.35378331785984196,7.029355435772834,0.21866762764229716
R036,5,-0.6130190601988748,-1.0688021830095855,-0.1572359373881641,0.3513708174556933,9.739343719729398,0.30633380544224537
R036,6,-0.6259544503912384,-1.0815265888690224,-0.1703823119134545,0.3484284188907801,6.257727730073268,0.25030910920293065
R036,7,-0.6417198897862352,-1.097084245217542,-0.18635553435492835,0.3448578595038134,7.893569397521901,0.185408066548662
R036,8,-0.6572293138701994,-1.1124607346318944,-0.20199789310850436,0.34136228211619224,7.2222712881609965,0.19192142218913621
R036,9,-0.6717137193545739,-1.1268154111311042,-0.2166120275780436,0.33811321663373933,6.976872576703423,0.21638576420449662
R036,10,-0.6880879686278943,-1.1431011753395337,-0.23307476191625498,0.3344585490356358,5.195720981265193,0.17482170755271634
R036,11,-0.707728742362969,-1.162693983778409,-0.25276350094752903,0.330100899196019,3.4128671048058816,0.10053612936691174
R036,12,-0.724141892290705,-1.1790731031344075,-0.2692106814470026,0.32648156290689506,5.236799835389709,0.17653332647457123
R036,13,-0.7437000523171278,-1.1986020964571265,-0.28879800817712903,0.32219557464320076,5.299571746987171,0.10452598849941687
R036,14,-0.7624420906911413,-1.217372184180727,-0.3075119972015556,0.31811629686800136,3.9530775423357913,0.12304489759732466
R036,15,-0.7804691316547698,-1.2354306826738906,-0.32550758063564916,0.3142187862577373,3.5062885482449335,0.14025154192979733
R036,16,-0.802893341806419,-1.2578894986239786,-0.3478971849888596,0.3094069454419328,1.9350471608074882,0.03896029836697867
R036,17,-0.8212976413778386,-1.2763424354224475,-0.3662528473332295,0.3054882760934375,5.055474304221605,0.1328467088792002
R036,18,-0.83960940072937,-1.2947423303463022,-0.38447647111243777,0.30161705509505654,5.021433905749273,0.13136669155431618
R036,19,-0.8570620961684279,-1.3123389377027088,-0.40178525463414694,0.2979535232016225,5.420636395001642,0.1487233215218105
R036,20,-0.8767069646202486,-1.3321761256900893,-0.42123780355040785,0.29386064120516425,6.983566010544165,0.0991783005272083
R036,21,-0.8957332414732325,-1.3514402270173935,-0.44002625592907146,0.28992810614201997,5.392963654528651,0.10877107520584772
R036,22,-0.9154949302641596,-1.3714791943274238,-0.45951066620089553,0.28587672189761526,5.056310696731171,0.09346866803323507
R036,23,-0.9374546596911859,-1.3937689557689548,-0.48114036361341717,0.28141477607818755,4.8281184043147345,0.03943420972927305
R036,24,-0.9561952677918784,-1.4128953347282858,-0.4994952008554709,0.27764061196121864,3.7088533137218347,0.11286888807174311
R037,1,-0.8452219921647687,-1.0202595344556664,-0.6701844498738709,0.3004361132328223,25.0,0.23720588921722674
R037,2,-0.8567613303308925,-1.0308039561754092,-0.6827187044863758,0.2980164403866739,25.0,0.27875560900612906
R037,3,-0.8690559355126027,-1.0422013445838805,-0.6959105264413249,0.2954507801476792,25.0,0.25931180168058265
R037,4,-0.8809382788501142,-1.0532835127319256,-0.7085930449683029,0.2929833822145294,25.0,0.26739747370201183
R037,5,-0.897417173091379,-1.0690422389419754,-0.7257921072407827,0.28958155814967057,25.0,0.16608088006819346
R037,6,-0.9067031880053319,-1.0776999027989949,-0.7357064732116689,0.2876749404149031,25.0,0.33420526146358115
R037,7,-0.9221879326529018,-1.0926516703578262,-0.7517241949479775,0.2845122977699277,25.0,0.1895774983016442
R037,8,-0.9317758087176863,-1.1018056374012881,-0.7617459800340846,0.28256458033764836,25.0,0.32050095010955953
R037,9,-0.9492815037752887,-1.1189626613939265,-0.779600346156651,0.2790293403254469,25.0,0.14083570808592874
R037,10,-0.9648552444756684,-1.1342580319470417,-0.7954524570042951,0.27590714789619053,25.0,0.19319132795310015
R037,11,-0.9789691321189141,-1.1481837810940962,-0.809754483143732,0.2730963782605369,25.0,0.22882330366647685
R037,12,-0.9988697215630804,-1.167990304362223,-0.8297491387639379,0.2691637056267886,25.0,0.09464086437403045
R037,13,-1.0191987967028506,-1.1883034563710515,-0.8500941370346498,0.2651834946012262,25.0,0.06933116388045858
R037,14,-1.0380400861738626,-1.2072188821370222,-0.868861290210703,0.26152833760184013,25.0,0.10616622114709809
R037,15,-1.0538339635774072,-1.2231836245772996,-0.8844843025775149,0.25848955447679534,25.0,0.17545756704085724
R037,16,-1.0757565508628197,-1.245355209118971,-0.9061578926066685,0.25430988964868456,25.0,0.04049168448583155
R037,17,-1.0967696706192773,-1.2667117450453516,-0.926827596193203,0.2503456500115965,25.0,0.06272339071243441
R037,18,-1.1181543336953628,-1.2885346193014653,-0.9477740480892602,0.24635379616439654,25.0,0.044609859637638874
R037,19,-1.1384196132935747,-1.309335819581572,-0.9675034070055771,0.24261064004874636,25.0,0.07003263249114745
R037,20,-1.1558538813381976,-1.3273769782132905,-0.9843307844631047,0.23942147262227298,25.0,0.14518886896436245
R037,21,-1.1790497796300299,-1.3512715288300812,-1.0068280304299786,0.23522309139906153,25.0,0.01600039159853137
R037,22,-1.1992197942032665,-1.372240640904705,-1.026198947501828,0.23161403985186918,25.0,0.08432177356508398
R037,23,-1.221971871764771,-1.3958928313917944,-1.0480509121377475,0.22758962394598756,25.0,0.020925793892726304
R037,24,-1.241157278693105,-1.4160717598544403,-1.0662427975317699,0.2242346088663294,25.0,0.10915438913300779
R038,1,0.3861487701979349,-0.05114387891162403,0.8234414193074939,0.5953552513683088,10.43958289741971,0.08997393108873201
R038,2,0.37803650985538906,-0.05886067996848571,0.8149336996792638,0.593399445834444,9.66872152999742,0.36119673041655914
R038,3,0.3675088122417992,-0.06899596784816053,0.804013592331759,0.5908568827719303,11.11608221149098,0.3058041105745491
R038,4,0.36536003239606296,-0.07082715697924535,0.8015472217713713,0.590337324696262,12.974164533284112,0.4989235222201713
R038,5,0.3496449551422809,-0.08626721619060618,0.785557126475168,0.5865314788172743,7.095180669812411,0.18614457590056413
R038,6,0.3387779179306735,-0.09692062744192143,0.7744764633032685,0.5838936340804707,9.513278052931854,0.29605809331508426
R038,7,0.32397065131433656,-0.11152460366538786,0.759465906294061,0.5802916243380677,7.5287211861994585,0.20585096300906625
R038,8,0.3138576906335057,-0.12144979740024187,0.7491651786672533,0.5778265992885632,11.31336361931594,0.3156681809657971
R038,9,0.3097282583231532,-0.12543330439080175,0.7448898210371082,0.5768189306857677,13.025019101255694,0.45568268642071336
R038,10,0.2955721258383536,-0.13951918722428575,0.730663438900993,0.573359731028701,11.022202306569866,0.22345568369832586
R038,11,0.2839577581408905,-0.15111626352609642,0.7190317798078775,0.5705162528117689,12.096835144854658,0.2831575080474811
R038,12,0.2664415613417339,-0.1686184591962569,0.7015015818797248,0.5662191057686735,6.23530448053245,0.1470592945696568
R038,13,0.2503551751808665,-0.18470793741760222,0.6854182877793351,0.5622639196717157,10.260514488723972,0.18113969381799847
R038,14,0.2336428763737787,-0.20149463237699924,0.6687803851245566,0.5581464464396179,9.984570291259471,0.1658094606255263
R038,15,0.21374721458105692,-0.22150594228123857,0.6490003714433524,0.5532342777401201,5.959656485169319,0.09331697548425327
R038,16,0.19405002442979544,-0.24135223213665277,0.6294522809962436,0.5483608472923991,6.062063846062592,0.09819351647917103
R038,17,0.18239622430258748,-0.25322170635881214,0.6180141549639872,0.5454730579971518,10.579113055451108,0.2789556527725554
R038,18,0.17029168728199834,-0.2655868200129451,0.6061701945769418,0.5424703373662187,8.207271836542498,0.2698813841974999
R038,19,0.15186077262772485,-0.28432438145985217,0.5880459267153019,0.5378923992210375,6.599281095175058,0.12377529024643127
R038,20,0.13410575206610728,-0.30245785291158456,0.5706693570437991,0.53347628227584,7.690873782589939,0.13454368912949705
R038,21,0.11561511483255824,-0.3213309612489287,0.5525611909140452,0.5288716256349585,6.48153135753679,0.11816815988270427
R038,22,0.09411383906910557,-0.3432241902481361,0.5314518683863473,0.5235111083588503,5.036999076128384,0.049380908387065915
R038,23,0.07651596856552251,-0.36125344615886085,0.5142853832899059,0.5191196647368429,5.204222608004986,0.1393140264349994
R038,24,0.05674399486869111,-0.38146024393699496,0.4949482336743771,0.5141821935068107,5.879375148463117,0.08949405468871983
R039,1,0.07397278846468794,-0.4757167883879302,0.623662365317306,0.5184847688711123,5.564552953274362,0.11657058878519823
R039,2,0.06572386396255425,-0.48366570824696586,0.6151134361720744,0.516425053908363,9.569170614491208,0.35704877560380033
R039,3,0.046841853292788116,-0.5023002974613893,0.5959840040469655,0.5117083225744876,5.467888324326283,0.11217674201483105
R039,4,0.027673861895008367,-0.5212691906387321,0.5766169144287487,0.5069180239695802,5.3219992100003175,0.10554541863637806
R039,5,0.01203990919161536,-0.5367081639706708,0.5607879823539015,0.5030099409380523,5.510743586755895,0.1879476494481623
R039,6,-0.003174753657479927,-0.551798862087265,0.5454493547723053,0.4992063122522655,8.103643992948175,0.19541161871181784
R039,7,-0.01896017601805184,-0.5674644363545764,0.5295440843184727,0.49526009798956927,5.386954345971212,0.18278976441546715
R039,8,-0.04016574133412816,-0.5885974049115948,0.5082659222433384,0.4899599144249506,3.322023028263454,0.05747926209841106
R039,9,-0.061328052808346044,-0.6097273605315975,0.4870712549149054,0.48467279046584577,4.264108725181172,0.05745948750823507
R039,10,-0.07874472921872527,-0.6271387188993054,0.4696492604618549,0.4803239837873144,4.480005019405107,0.14500020914187947
R039,11,-0.1012599398130441,-0.6497108111483436,0.44719093152225536,0.47470662364940286,1.5715991196991428,0.023816629987464283
R039,12,-0.11875419717486785,-0.6672662526027324,0.4297578582529968,0.4703462919493988,4.372738851498035,0.14053078547908482
R039,13,-0.1360186700328229,-0.68463776014246,0.4126004200768143,0.4660476625964426,3.6389634630470997,0.145558538521884
R039,14,-0.1562788040183767,-0.7050546623347297,0.3924970542979763,0.4610096220889807,7.410876613352369,0.07425666386065102
R039,15,-0.17606489716306867,-0.7250481961038522,0.3729184017777149,0.4560971286949062,3.9878204332365224,0.08642697535810968
R039,16,-0.19836110833976459,-0.7475598490526927,0.35083763237316345,0.45057168857689467,1.69598177757163,0.028999240732151255
R039,17,-0.21776249098854766,-0.7671805767073729,0.33165559473027756,0.4457734954248621,3.3145468195866283,0.09643945081610954
R039,18,-0.2333484908186923,-0.7830256097296109,0.3163286280922262,0.44192615587111767,4.609739863242592,0.18438959452970372
R039,19,-0.2521340468021256,-0.8021237135704427,0.2978556199661915,0.4372983073477742,3.6367195979989893,0.10986331658329122
R039,20,-0.27149124723674445,-0.8217982751040896,0.27881578063060075,0.4325410327051555,2.4295660452248047,0.09718264180899219
R039,21,-0.2916135037346229,-0.842241893094627,0.2590148856253812,0.4276089006070912,1.9973673761427608,0.07989469504571044
R039,22,-0.3130012197911285,-0.863956592579527,0.23795415299726996,0.4223823447102911,2.225059089358856,0.05104412872328567
R039,23,-0.33329269070530537,-0.8845794180011599,0.21799403659054922,0.4174396771329648,1.9226311674483334,0.07690524669793333
R039,24,-0.3548499164254905,-0.9064760756157952,0.19677624276481426,0.412206825141514,2.1545026189967684,0.048104275791532036
R040,1,-0.9131679677590687,-1.2127431183433037,-0.6135928171748336,0.28635201073750444,13.807001848876249,0.4912273567671022
R040,2,-0.9163750383327433,-1.2154038494456114,-0.617346227219875,0.2856970806254055,11.8818065499374,0.47527226199749606
R040,3,-0.9259205029292045,-1.2244803833087872,-0.6273606225496218,0.2837530884452661,10.260430266236794,0.33001955755621787
R040,4,-0.9291133204388765,-1.227276082585597,-0.630950558292156,0.2831046371861952,11.931019990775601,0.47724079963102395
R040,5,-0.9311534624653244,-1.2289963582581502,-0.6333105666724985,0.28269076058462483,14.120461170052097,0.5054755077296408
R040,6,-0.938378602351685,-1.2359884915290613,-0.6407687131743087,0.2812279736714611,9.71294335074367,0.3885177340297467
R040,7,-0.9404815433526043,-1.2379284083513562,-0.6430346783538523,0.2808030833336365,13.078059710951734,0.5032524879563224
R040,8,-0.9476297124936321,-1.245009531454857,-0.6502498935324073,0.2793617556827448,10.793040983141823,0.38230612970181843
R040,9,-0.9586368675361107,-1.2560264001057053,-0.661247334966516,0.277151199695436,8.02131517158374,0.2925547988159892
R040,10,-0.9699109295310807,-1.26736474364102,-0.6724571154211413,0.2748982561999523,9.206053489328795,0.2820933404240361
R040,11,-0.979412675876724,-1.276993444724613,-0.681831907028835,0.27300833714596906,9.45223747886964,0.3240103251682452
R040,12,-0.9974694637934987,-1.295245750618689,-0.6996931769683084,0.2694392457990253,3.997196558242708,0.12488318992677949
R040,13,-1.0066099786998866,-1.3046099783157508,-0.7086099790840222,0.267643807239763,8.915687303831199,0.3298203043263
R040,14,-1.0171161767113288,-1.3153994484976932,-0.7188329049249644,0.26558951486100474,8.75619456434245,0.2937475897540196
R040,15,-1.0279540532890075,-1.3265215686278566,-0.7293865379501583,0.263480945829069,7.884686162820594,0.2868619234508581
R040,16,-1.0426186185834396,-1.341521922239178,-0.7437153149277012,0.26064504580547854,8.190814467096358,0.19956259367125512
R040,17,-1.0590799365274188,-1.358375166318306,-0.7597847067365318,0.2574853192788105,6.493725362243609,0.15880569828380037
R040,18,-1.0696543149197133,-1.3693822673239038,-0.7699263625155228,0.2554688294745171,8.126730043976508,0.29694708516568785
R040,19,-1.0854117579957285,-1.3855989492304777,-0.7852245667609794,0.2524832585239414,4.511089170883552,0.18044356683534207
R040,20,-1.1054520555632295,-1.40613115766242,-0.8047729534640389,0.24871973787193705,2.95088113547771,0.0812867139782379
R040,21,-1.1176444541342754,-1.4188348122279244,-0.8164540960406262,0.2464484744835493,8.802765287825377,0.26376205853751716
R040,22,-1.134402158714297,-1.4361625161856675,-0.8326418012429264,0.24334961335122046,3.9962416356069843,0.15984966542427936
R040,23,-1.1491887540066779,-1.4515417148133234,-0.8468357932000323,0.24063729163849454,5.878961018010335,0.20329004241709733
R040,24,-1.1681775409814537,-1.4711623329401615,-0.8651927490227458,0.23718456027144996,3.5785787749420193,0.1074407822892508
R041,1,0.7374671876611283,0.43013274665907275,1.0448016286631838,0.67644175180896,25.0,0.8512083762216802
R041,2,0.7462382572994937,0.4394042299844919,1.0530722846144953,0.6783584823944232,25.0,0.7444830732100768
R041,3,0.7608152627886784,0.4544512794003661,1.0671792461769907,0.6815307099883314,25.0,0.8814435416521871
R041,4,0.7761755146778224,0.4701786257905964,1.0821724035650484,0.6848552650433688,25.0,0.8956860870331194
R041,5,0.7884364073729744,0.4827255438113508,1.0941472709345978,0.6874954983630909,25.0,0.8225872210489049
R041,6,0.805826682538167,0.5003208483291566,1.1113325167471775,0.6912194833796035,25.0,0.9402816860456401
R041,7,0.8219582896766088,0.5166272666719378,1.1272893126812797,0.6946518724631823,25.0,0.9133864326958864
R041,8,0.835839649701402,0.5306822996335108,1.1409969997692933,0.6975882753324492,25.0,0.8619047243983043
R041,9,0.8483081665917415,0.5432677653180098,1.1533485678654731,0.700212121423392,25.0,0.8300014180837004
R041,10,0.8642202282029138,0.5592400660157599,1.1692003903900676,0.703541626184576,25.0,0.9106154147485989
R041,11,0.878659098174132,0.573709017924747,1.183609178423517,0.7065442762504925,25.0,0.8785740068498061
R041,12,0.894925215733605,0.5899485098712396,1.1999019215959703,0.7099055175287964,25.0,0.9218340958029884
R041,13,0.9120278498256995,0.6069943673066778,1.2170613323447212,0.7134149442496867,25.0,0.9431521649509815
R041,14,0.9263034402574327,0.6211830191902985,1.231423861324567,0.7163247322479401,25.0,0.8795708023933895
R041,15,0.9446351195665127,0.6393252309607383,1.2499450081722872,0.7200349784269964,25.0,0.9682892372057975
R041,16,0.9596284147088446,0.654127920753993,1.2651289086636963,0.7230474013905939,25.0,0.8915612911175748
R041,17,0.9746642424795585,0.6689429301976881,1.280385554761429,0.7260482034169202,25.0,0.8943587921250398
R041,18,0.9897849463421802,0.6838125735193068,1.2957573191650535,0.7290454431326325,25.0,0.8981207436837364
R041,19,1.0035194374363043,0.6972391093599654,1.3097997655126434,0.7317499790703946,25.0,0.866063012668131
R041,20,1.0205375452588972,0.7138923096916312,1.3271827808261631,0.7350772935402968,25.0,0.9422071854726188
R041,21,1.0339615967971485,0.7268944345539821,1.341028759040315,0.7376832128241229,25.0,0.8588953391543777
R041,22,1.0457947648017407,0.7382752766987848,1.3533142529046966,0.7399665613360735,25.0,0.8237287888062417
R041,23,1.0609365012724539,0.7529074760399496,1.368965526504958,0.7428694712332102,25.0,0.9003755216081993
R041,24,1.072214399192871,0.7635941959625501,1.380834602423192,0.7450178051826098,25.0,0.8079439838773008
R042,1,-0.07799960321575301,-0.3639462744597823,0.20794706802827628,0.48050997953409236,16.0251067267759,0.5726241298464714
R042,2,-0.0725368903383646,-0.35788300859477873,0.2128092279180495,0.48187372448682797,17.539250061560978,0.6756195678939555
R042,3,-0.07737675763567364,-0.36219283279701775,0.20743931752567046,0.4806654562167786,12.646594830901567,0.43848158322279857
R042,4,-0.07951445628584157,-0.3638011542495015,0.20477224167781832,0.48013185293633254,14.0394498363469,0.5017931743794045
R042,5,-0.07792761184971114,-0.361750809819229,0.20589558611980674,0.4805279500541048,16.764268020607744,0.5882134010303873
R042,6,-0.07479782559275508,-0.3582446391640378,0.20864898797852768,0.48130925690398674,17.456061283111577,0.6228030641555791
R042,7,-0.08191458710081834,-0.3650183672848175,0.20118919308318084,0.4795327965223427,12.778099237982818,0.3889049618991409
R042,8,-0.0830041381951746,-0.3658276951752154,0.1998194187848662,0.4792608712595515,15.097016696926273,0.5284293665202987
R042,9,-0.08109912111352519,-0.36369132120290704,0.20149307897585667,0.47973632480090134,16.606674870081086,0.6003178509562422
R042,10,-0.08711314911494203,-0.36950227053901774,0.19527597230913366,0.47823547468656336,13.982324893878374,0.420122362835704
R042,11,-0.08990718994960009,-0.3721412853690178,0.1923269054698176,0.47753833084737396,14.935532474746234,0.4967766237373118
R042,12,-0.0937430240530906,-0.375870739180403,0.1883846910742218,0.47658139122429183,12.92357740231925,0.4749381479269239
R042,13,-0.09719978372605226,-0.3792472200214443,0.18484765256933977,0.4757191677587544,13.699434038225737,0.4863379108284427
R042,14,-0.10331307381087299,-0.3853449773752501,0.1787188297535041,0.47419468041785595,12.340071627093424,0.4245487103224283
R042,15,-0.11470299282412152,-0.3967659931852775,0.16736000753703448,0.47135565051834294,11.770331834137954,0.30370167548094495
R042,16,-0.12422556923252247,-0.40639085448288337,0.1579397160178384,0.4689834846548385,11.2215879793122,0.3438851418720096
R042,17,-0.1245391856971396,-0.40687090686023114,0.1577925354659519,0.46890538300567786,16.108538344409578,0.555426917220479
R042,18,-0.1204287224297062,-0.4030319514378923,0.16217450657847987,0.46992915392757684,17.33150500266462,0.6514320455756647
R042,19,-0.13235044657953868,-0.4153412231741843,0.150640330015107,0.46696060255222677,9.70091778173649,0.2714722753207853
R042,20,-0.13801678875404041,-0.4214356268158389,0.14540204930775805,0.46555047016525525,12.178245894887546,0.4171929952221611
R042,21,-0.15142912018657062,-0.4353591509353526,0.13250091056221136,0.4622148958613245,10.395112445622157,0.23132170766432397
R042,22,-0.15957216460545537,-0.4440625804343939,0.12491825122348316,0.46019139447987767,10.78257130860446,0.3537532413002028
R042,23,-0.1694195588668175,-0.4544962654648683,0.11565714773123328,0.45774612965790623,9.965511147652034,0.31661414307509245
R042,24,-0.1774129718890935,-0.4631189482125267,0.1082930044343397,0.45576272821827185,13.489205378324783,0.3605114099069325
R043,1,0.661062073516778,0.321071976892218,1.001052170141338,0.6594989281640393,21.521417788262756,0.8418826267392162
R043,2,0.6785966215839758,0.33913681102978926,1.0180564321381624,0.6634254059433412,24.045713122516418,0.9566233237507464
R043,3,0.6919691856830401,0.3529550593465715,1.0309833120195087,0.6664048386522888,21.636393222605985,0.8598497176085828
R043,4,0.7059138840685183,0.36731854192150365,1.0445092262155329,0.6694976497191619,22.006561797122828,0.875273408213451
R043,5,0.7199682561500208,0.3816985213177965,1.058237990982245,0.6726000268172758,22.270257876206376,0.8759208125548351
R043,6,0.7338689934859882,0.39583641813721476,1.0719015688347617,0.6756537216894152,21.895202305507606,0.8706334293961504
R043,7,0.7463100404311299,0.4084521927520296,1.0841678881102301,0.6783741444298909,20.93515719352479,0.8374062877409917
R043,8,0.7636483239832961,0.4259634687800279,1.1013331791865641,0.6821452998049882,23.885014281776304,0.9515223600772306
R043,9,0.7798144560450002,0.4422142690288607,1.1174146430611398,0.6856401235902434,23.16027941918925,0.9233449757995521
R043,10,0.7944523161165296,0.4568484610021483,1.1320561712309107,0.6887865287937037,22.61222958345119,0.886296646831009
R043,11,0.81070095602844,0.47309170096514197,1.1483102110917378,0.6922588536649561,23.182279007155742,0.9242616252981558
R043,12,0.82507182878614,0.4873944221434064,1.1627492354288738,0.6953118867240452,22.272363433027856,0.8814071057838199
R043,13,0.8395081649958607,0.5017002345539916,1.1773160954377297,0.6983616197558568,22.199360093443378,0.8833066705601408
R043,14,0.8476985064000413,0.5097263948998307,1.1856706179002519,0.7000841289203872,18.768960348742723,0.7403733478642801
R043,15,0.8640770245933201,0.5258826654534832,1.2022713837331571,0.703511757221676,23.595699261421814,0.9297849630710907
R043,16,0.8771862329657906,0.5387358017490131,1.215636664182568,0.7062388002964824,21.541257491605773,0.8558857288169072
R043,17,0.8904065206306928,0.5516695294654446,1.229143511795941,0.7089740570292457,21.7849152954645,0.8602137084984567
R043,18,0.9007843492364745,0.5616317135972806,1.2399369848756685,0.7111106599611176,20.05585274060866,0.7850370756786375
R043,19,0.9156289163236976,0.5760588802668988,1.2551989523804963,0.714150630735365,22.450307931865876,0.8891438231246032
R043,20,0.9295232406302686,0.5895340401000113,1.2695124411605259,0.7169785513433493,21.825895885148906,0.8677456618812046
R043,21,0.9445568432660592,0.604146707772401,1.2849669787597173,0.7200191988578611,22.57935178726367,0.894754425533203
R043,22,0.9554637846523707,0.6145757829247553,1.296351786379986,0.7222126606259576,20.187885118815263,0.7994952132839693
R043,23,0.9646671366893498,0.6232812126087023,1.3060530607699974,0.7240552698958822,19.755281945887535,0.7616037248130698
R043,24,0.9760616767972852,0.6341162875087649,1.3180070660858054,0.7263260683713824,20.29142095268045,0.811656838107218
