reviewer_id,week,capability_estimate,interval_lo,interval_hi,deferred_rate,committed_rate,blind_sample_n
C000,1,-0.1220935249973129,-0.3650765898376715,0.1208895398430457,0.3333333333333333,0.6666666666666667,1
C000,2,-0.112106380145216,-0.3543682819930462,0.1301555217026141,0.2272727272727272,0.7727272727272727,3
C000,3,-0.1079563283106638,-0.3495567866583746,0.1336441300370468,0.375,0.625,1
C000,4,-0.0956518345063665,-0.3366507107581175,0.1453470417453844,0.16,0.84,0
C000,5,-0.0850652418302953,-0.325552827160446,0.1554223434998553,0.2,0.8,0
C000,6,-0.0730712824807278,-0.3130694294224659,0.1669268644610101,0.1363636363636363,0.8636363636363636,3
C000,7,-0.059224423519585,-0.2988167688500567,0.1803679218108866,0.125,0.875,1
C000,8,-0.0453175331782904,-0.2846125045494026,0.1939774381928216,0.1304347826086956,0.8695652173913043,2
C000,9,-0.0437258459456125,-0.2827944062811653,0.1953427143899403,0.3636363636363636,0.6363636363636364,3
C000,10,-0.0347015873961775,-0.2736094152265829,0.2042062404342277,0.2083333333333333,0.7916666666666666,1
C000,11,-0.0262189005893687,-0.2650390948347479,0.2126012936560103,0.217391304347826,0.782608695652174,2
C000,12,-0.0160980215612586,-0.2549166166297158,0.2227205735071986,0.2,0.8,0
C000,13,-0.0066541137685239,-0.2455749709556733,0.2322667434186254,0.2,0.8,0
C000,14,-0.0003514902587949,-0.2394158959085386,0.2387129153909488,0.3043478260869565,0.6956521739130435,2
C000,15,0.0051683018790028,-0.2340766992972681,0.2444133030552737,0.28,0.72,0
C000,16,0.0170898338152695,-0.2224059493524786,0.2565856169830177,0.1304347826086956,0.8695652173913043,2
C000,17,0.0301951634103768,-0.2096472855384588,0.2700376123592126,0.1304347826086956,0.8695652173913043,2
C000,18,0.0332182597696295,-0.2070130638383275,0.2734495833775867,0.375,0.625,1
C000,19,0.0459087148919183,-0.1947674715823468,0.2865849013661835,0.1428571428571428,0.8571428571428572,4
C000,20,0.0501612298183473,-0.1910616400503155,0.2913840996870103,0.3636363636363636,0.6363636363636364,3
C000,21,0.0575094215388713,-0.1843060879470833,0.2993249310248259,0.32,0.6799999999999999,0
C000,22,0.0691805727695444,-0.1732934028106513,0.3116545483497402,0.16,0.84,0
C000,23,0.0766364781167379,-0.166537423168726,0.3198103794022019,0.2857142857142857,0.7142857142857143,4
C000,24,0.0867489234954271,-0.1571470362127763,0.3306448832036305,0.25,0.75,1
C001,1,-0.6922719860724977,-0.8702446234028506,-0.5142993487421449,0.6363636363636364,0.3636363636363636,25
C001,2,-0.6944161451146523,-0.871409657705476,-0.5174226325238287,0.4782608695652174,0.5217391304347826,25
C001,3,-0.7105464518018116,-0.8866633625849367,-0.5344295410186866,0.875,0.125,25
C001,4,-0.7265468649102174,-0.9018695649516064,-0.5512241648688284,0.84,0.16,25
C001,5,-0.7386225202441961,-0.9132454429469364,-0.5639995975414558,0.7916666666666666,0.2083333333333333,25
C001,6,-0.7444986279167813,-0.918522648906694,-0.5704746069268686,0.6,0.4,25
C001,7,-0.745044792266809,-0.9185676114032544,-0.5715219731303635,0.4782608695652174,0.5217391304347826,25
C001,8,-0.7634897411336221,-0.9365839157352688,-0.5903955665319753,0.9090909090909092,0.0909090909090909,25
C001,9,-0.7759237675952816,-0.9486766055864484,-0.6031709296041148,0.782608695652174,0.217391304347826,25
C001,10,-0.7856236720853749,-0.9581277711658878,-0.613119573004862,0.6956521739130435,0.3043478260869565,25
C001,11,-0.7996982879002055,-0.9720160277713844,-0.6273805480290264,0.7916666666666666,0.2083333333333333,25
C001,12,-0.8137878621389169,-0.985981541986001,-0.6415941822918327,0.8260869565217391,0.1739130434782608,25
C001,13,-0.8297017846796859,-1.0018581386064531,-0.6575454307529187,0.8636363636363636,0.1363636363636363,25
C001,14,-0.8481537628202662,-1.020352727223668,-0.6759547984168646,0.9130434782608696,0.0869565217391304,25
C001,15,-0.860914437152301,-1.033256450073346,-0.6885724242312559,0.75,0.25,25
C001,16,-0.8753466129940047,-1.0479185221447973,-0.7027747038432121,0.782608695652174,0.217391304347826,25
C001,17,-0.8816555852845286,-1.0545539593461462,-0.7087572112229109,0.5652173913043478,0.4347826086956522,25
C001,18,-0.8977443359537292,-1.0710564507689349,-0.7244322211385233,0.8260869565217391,0.1739130434782608,25
C001,19,-0.9111162897590016,-1.084939215444756,-0.7372933640732473,0.7727272727272727,0.2272727272727273,25
C001,20,-0.92354780145645,-1.0979790409042782,-0.749116562008622,0.7619047619047619,0.2380952380952381,25
C001,21,-0.9402774926422716,-1.1153901177783183,-0.7651648675062246,0.875,0.125,25
C001,22,-0.9572195270546368,-1.1331161517015629,-0.7813229024077107,0.8333333333333334,0.1666666666666666,25
C001,23,-0.9717972922864332,-1.148576885335129,-0.7950176992377374,0.8,0.1999999999999999,25
C001,24,-0.9908985622717548,-1.168650869441082,-0.8131462551024278,0.92,0.0799999999999999,25
C002,1,0.3812163504891848,0.0223189485132609,0.7401137524651087,0.5909090909090909,0.409090909090909,3
C002,2,0.3765641565365684,0.0181658510622858,0.734962462010851,0.5263157894736842,0.4736842105263158,6
C002,3,0.3724613014200896,0.0145599632854915,0.7303626395546876,0.5238095238095238,0.4761904761904761,4
C002,4,0.3695642845585828,0.0121242885217059,0.7270042805954597,0.5,0.5,5
C002,5,0.3654306388032836,0.0084171718315957,0.7224441057749715,0.5789473684210527,0.4210526315789473,6
C002,6,0.3615114638312808,0.0048866203882026,0.7181363072743591,0.5555555555555556,0.4444444444444444,7
C002,7,0.3560897334812291,-0.0002103242972814,0.7123897912597397,0.55,0.4499999999999999,5
C002,8,0.3500012195604211,-0.0059760691149459,0.7059785082357881,0.5714285714285714,0.4285714285714286,4
C002,9,0.3388677231061259,-0.0168665917749471,0.6946020379871989,0.7142857142857143,0.2857142857142857,4
C002,10,0.340466290418,-0.0150587454459371,0.6959913262819373,0.4285714285714285,0.5714285714285714,4
C002,11,0.3223431005869386,-0.0330120827477605,0.6776982839216379,0.8947368421052632,0.1052631578947368,6
C002,12,0.3106720189430694,-0.0445458237222419,0.6658898616083807,0.75,0.25,5
C002,13,0.309446187974873,-0.045667943783126,0.664560319732872,0.4545454545454545,0.5454545454545454,3
C002,14,0.2954811335384145,-0.0595915346218094,0.6505538016986384,0.7727272727272727,0.2272727272727273,3
C002,15,0.2920898108519795,-0.0629739051123917,0.6471535268163506,0.5454545454545454,0.4545454545454546,3
C002,16,0.2769957844076227,-0.0781422703383194,0.6321338391535649,0.8181818181818182,0.1818181818181817,3
C002,17,0.2656281823735269,-0.0896162280497239,0.6208725927967778,0.7368421052631579,0.2631578947368421,6
C002,18,0.2566144724819492,-0.0987959683734091,0.6120249133373077,0.6086956521739131,0.3913043478260869,2
C002,19,0.2476932422368859,-0.1079405989540963,0.6033270834278681,0.65,0.35,5
C002,20,0.2421226971354177,-0.1137366909592833,0.5979820852301188,0.6,0.4,5
C002,21,0.2268438023350614,-0.1292759727928414,0.5829635774629643,0.8,0.1999999999999999,5
C002,22,0.219271226853601,-0.1371780215055042,0.5757204752127063,0.631578947368421,0.368421052631579,6
C002,23,0.2058193618411791,-0.1510424063346682,0.5626811300170266,0.782608695652174,0.217391304347826,2
C002,24,0.1893211655982336,-0.1680058302553141,0.5466481614517815,0.8421052631578947,0.1578947368421053,6
C003,1,-0.6244692752684176,-1.0462903191324004,-0.2026482314044347,0.6363636363636364,0.3636363636363636,3
C003,2,-0.6426221865584547,-1.0640828370217226,-0.2211615360951867,0.8695652173913043,0.1304347826086956,2
C003,3,-0.6608431367150509,-1.0819928251442454,-0.2396934482858563,0.875,0.125,1
C003,4,-0.6783501398876908,-1.0992217062835006,-0.2574785734918808,0.8695652173913043,0.1304347826086956,2
C003,5,-0.6940051494975681,-1.1146547899585444,-0.2733555090365918,0.88,0.12,0
C003,6,-0.7077949254445148,-1.1282259655449045,-0.287363885344125,0.8260869565217391,0.1739130434782608,2
C003,7,-0.7233392154281266,-1.1436277447409224,-0.3030506861153307,0.8333333333333334,0.1666666666666666,1
C003,8,-0.7444588120465869,-1.1646585009158252,-0.3242591231773487,0.9583333333333334,0.0416666666666666,1
C003,9,-0.7626221044387786,-1.1827573557692883,-0.342486853108269,0.875,0.125,1
C003,10,-0.7823151439779756,-1.202415500203376,-0.3622147877525752,0.96,0.04,0
C003,11,-0.7997509867924553,-1.219819973658732,-0.3796819999261783,0.9166666666666666,0.0833333333333333,1
C003,12,-0.8224016452414354,-1.2424740424669074,-0.4023292480159635,1.0,0.0,3
C003,13,-0.8439087132160692,-1.2639873820652483,-0.42383004436689,1.0,0.0,0
C003,14,-0.8667640918255779,-1.2868563361489451,-0.4466718475022106,1.0,0.0,1
C003,15,-0.8856314956921774,-1.305749922100683,-0.4655130692836718,0.9130434782608696,0.0869565217391304,2
C003,16,-0.9061218192703384,-1.3263137109607563,-0.4859299275799204,1.0,0.0,4
C003,17,-0.926939199570385,-1.347240622448776,-0.5066377766919938,1.0,0.0,3
C003,18,-0.9469750053778744,-1.3674326147402365,-0.5265173960155126,0.9583333333333334,0.0416666666666666,1
C003,19,-0.9682748770339584,-1.3889137363780546,-0.5476360176898624,0.95,0.05,5
C003,20,-0.9888420279398418,-1.409726111020969,-0.5679579448587149,1.0,0.0,4
C003,21,-1.0079294375198051,-1.4291009352845696,-0.5867579397550411,0.9090909090909092,0.0909090909090909,3
C003,22,-1.0270156082228574,-1.4485137008697448,-0.60551751557597,0.92,0.0799999999999999,0
C003,23,-1.047262675198113,-1.4691152997238974,-0.6254100506723284,0.9545454545454546,0.0454545454545454,3
C003,24,-1.0653176846155703,-1.4875739289604577,-0.6430614402706831,0.8695652173913043,0.1304347826086956,2
C004,1,-0.3150145327306439,-0.7712036764742566,0.1411746110129687,0.76,0.24,0
C004,2,-0.3278867235494108,-0.7836950533824945,0.1279216062836728,0.782608695652174,0.217391304347826,2
C004,3,-0.3414255933830737,-0.7969220048454009,0.1140708180792534,0.8,0.1999999999999999,0
C004,4,-0.3589190909090347,-0.8141510057145137,0.0963128238964442,0.88,0.12,0
C004,5,-0.3767600941040007,-0.8317691643374281,0.0782489761294267,0.875,0.125,1
C004,6,-0.3972616532292042,-0.8520952891170352,0.0575719826586266,0.9565217391304348,0.0434782608695651,2
C004,7,-0.4130910939447451,-0.8677913108362016,0.0416091229467115,0.8260869565217391,0.1739130434782608,2
C004,8,-0.4316074692605577,-0.8862125077422334,0.0229975692211178,0.9523809523809524,0.0476190476190476,4
C004,9,-0.4441671690817391,-0.898740433672597,0.0104060955091188,0.782608695652174,0.217391304347826,2
C004,10,-0.4648224364256408,-0.9193732678342708,-0.0102716050170107,0.9545454545454546,0.0454545454545454,3
C004,11,-0.4868751440760593,-0.9414418049874808,-0.0323084831646378,0.96,0.04,0
C004,12,-0.5059805362952163,-0.9605659450114146,-0.051395127579018,0.95,0.05,5
C004,13,-0.521013574418076,-0.9756588940561416,-0.0663682547800106,0.8095238095238095,0.1904761904761904,4
C004,14,-0.5429314642795848,-0.9976787900675126,-0.088184138491657,1.0,0.0,2
C004,15,-0.5627744239807269,-1.0176562195869672,-0.1078926283744866,0.9130434782608696,0.0869565217391304,2
C004,16,-0.583050704701353,-1.03807302826479,-0.1280283811379161,0.9523809523809524,0.0476190476190476,4
C004,17,-0.6053550247134212,-1.0605809375834714,-0.1501291118433709,1.0,0.0,0
C004,18,-0.625974736407587,-1.0814076667167172,-0.1705418060984569,0.9565217391304348,0.0434782608695651,2
C004,19,-0.6437696160458606,-1.0994341826281615,-0.1881050494635596,0.875,0.125,1
C004,20,-0.6638951903372236,-1.119830848269318,-0.2079595324051291,0.95,0.05,5
C004,21,-0.6849122910483847,-1.1411836979219805,-0.228640884174789,0.96,0.04,0
C004,22,-0.7060229994495464,-1.162634042172649,-0.2494119567264436,0.9583333333333334,0.0416666666666666,1
C004,23,-0.7233722999221983,-1.1803266061029023,-0.2664179937414941,0.8636363636363636,0.1363636363636363,3
C004,24,-0.743673747918102,-1.201043276815404,-0.2863042190208,0.92,0.0799999999999999,0
C005,1,0.4019833512452453,0.159608079615725,0.6443586228747655,0.5416666666666666,0.4583333333333333,25
C005,2,0.4037119466971898,0.1620470372866663,0.6453768561077132,0.4166666666666667,0.5833333333333333,25
C005,3,0.3998039197350699,0.1587544907546688,0.640853348715471,0.56,0.4399999999999999,25
C005,4,0.4058215943497019,0.1653444420363681,0.6462987466630357,0.3181818181818182,0.6818181818181819,25
C005,5,0.3950475496132543,0.1550634865480489,0.6350316126784596,0.7272727272727273,0.2727272727272727,25
C005,6,0.395871090828062,0.1563371470350367,0.6354050346210872,0.375,0.625,25
C005,7,0.3951106960033637,0.1559329097351889,0.6342884822715386,0.4761904761904761,0.5238095238095238,25
C005,8,0.3903669512284898,0.1514836402077303,0.6292502622492494,0.5652173913043478,0.4347826086956522,25
C005,9,0.3806260064331228,0.1419434761778095,0.6193085366884361,0.6956521739130435,0.3043478260869565,25
C005,10,0.3704461105084621,0.1319028198956657,0.6089894011212585,0.7083333333333334,0.2916666666666666,25
C005,11,0.3696487471749868,0.1311511561333977,0.6081463382165759,0.48,0.52,25
C005,12,0.362804925994285,0.1242915667212415,0.6013182852673284,0.625,0.375,25
C005,13,0.3568186796592931,0.1182469134359766,0.5953904458826096,0.5789473684210527,0.4210526315789473,25
C005,14,0.3514080681936176,0.11268436463973,0.5901317717475052,0.6086956521739131,0.3913043478260869,25
C005,15,0.3504405986552245,0.1115222721954114,0.5893589251150376,0.5,0.5,25
C005,16,0.3495165301524447,0.1103608535582256,0.5886722067466639,0.4545454545454545,0.5454545454545454,25
C005,17,0.3460776736706421,0.1065776321714031,0.5855777151698811,0.5833333333333334,0.4166666666666666,25
C005,18,0.3401513416106581,0.100264078687562,0.5800386045337541,0.6,0.4,25
C005,19,0.3347948726900449,0.0944262468156202,0.5751634985644696,0.6086956521739131,0.3913043478260869,25
C005,20,0.3348649413084693,0.0939358131255915,0.575794069491347,0.4782608695652174,0.5217391304347826,25
C005,21,0.32550998569501,0.0839981404485388,0.5670218309414813,0.65,0.35,25
C005,22,0.3146128790429148,0.0724960256248691,0.5567297324609605,0.6818181818181818,0.3181818181818182,25
C005,23,0.3127843143095251,0.0700190202259868,0.5555496083930633,0.5,0.5,25
C005,24,0.3085092261782692,0.0650519090608518,0.5519665432956865,0.5416666666666666,0.4583333333333333,25
C006,1,0.0886366234832907,-0.1687852789148801,0.3460585258814617,0.0952380952380952,0.9047619047619048,4
C006,2,0.1043235990196544,-0.1524410270397717,0.3610882250790805,0.0454545454545454,0.9545454545454546,3
C006,3,0.1216106875172838,-0.1345208499704002,0.3777422250049679,0.05,0.95,5
C006,4,0.1354137825366166,-0.1201509968510379,0.3909785619242713,0.0526315789473684,0.9473684210526316,6
C006,5,0.1452652862895582,-0.109756745562455,0.4002873181415714,0.1739130434782608,0.8260869565217391,2
C006,6,0.1564566324828882,-0.0980866420966179,0.4109999070623945,0.2105263157894736,0.7894736842105263,6
C006,7,0.1713352491034298,-0.0828337302340809,0.4255042284409407,0.0869565217391304,0.9130434782608696,2
C006,8,0.1852604843634629,-0.0685957124832207,0.4391166812101467,0.1,0.9,5
C006,9,0.1993941804703938,-0.0542463076982364,0.4530346686390241,0.0909090909090909,0.9090909090909092,3
C006,10,0.2084897905879499,-0.0450306245120856,0.4620102056879854,0.2,0.8,5
C006,11,0.2201303662888502,-0.0333587418908853,0.4736194744685859,0.1904761904761904,0.8095238095238095,4
C006,12,0.2331431352881979,-0.0203383141816603,0.4866245847580563,0.1052631578947368,0.8947368421052632,6
C006,13,0.2415394049473596,-0.012043306352794,0.4951221162475133,0.2272727272727272,0.7727272727272727,3
C006,14,0.2558848120309898,0.0021797485610575,0.5095898755009222,0.1052631578947368,0.8947368421052632,6
C006,15,0.2673998861461083,0.013507882219554,0.5212918900726626,0.1818181818181818,0.8181818181818181,3
C006,16,0.2773595103512958,0.0232165260338752,0.5315024946687165,0.1904761904761904,0.8095238095238095,4
C006,17,0.2893805509168596,0.0349061688705046,0.5438549329632146,0.16,0.84,0
C006,18,0.2994881400489719,0.0446110328140187,0.5543652472839251,0.1818181818181818,0.8181818181818181,3
C006,19,0.3101688075566786,0.0548445126988523,0.5654931024145049,0.1428571428571428,0.8571428571428572,4
C006,20,0.3191224735820674,0.0633511735107424,0.5748937736533923,0.238095238095238,0.7619047619047619,4
C006,21,0.3299428197245536,0.0736976125689114,0.5861880268801958,0.1428571428571428,0.8571428571428572,4
C006,22,0.337933995195967,0.0811506226357104,0.5947173677562235,0.2631578947368421,0.736842105263158,6
C006,23,0.3452149242989249,0.0877985400272061,0.6026313085706436,0.2916666666666667,0.7083333333333333,1
C006,24,0.3552144457960019,0.0971115939045484,0.6133172976874555,0.1739130434782608,0.8260869565217391,2
C007,1,0.0225014229513069,-0.3319380257471675,0.3769408716497814,0.48,0.52,0
C007,2,0.0223179559608684,-0.3316167479307065,0.3762526598524435,0.4545454545454545,0.5454545454545454,3
C007,3,0.0156410195916757,-0.3378590617394406,0.369141100922792,0.625,0.375,1
C007,4,0.0153117603130453,-0.3377575171605192,0.3683810377866099,0.4782608695652174,0.5217391304347826,2
C007,5,0.0162642974325992,-0.3364072058379326,0.3689358007031311,0.391304347826087,0.6086956521739131,2
C007,6,0.0106371192285853,-0.3417186287685166,0.3629928672256873,0.56,0.4399999999999999,0
C007,7,0.0085828168978605,-0.3434591276617436,0.3606247614574647,0.4347826086956521,0.5652173913043479,2
C007,8,-0.0007075507369941,-0.3525097986305891,0.3510946971566008,0.68,0.3199999999999999,0
C007,9,-0.0053521401532142,-0.3569328592547828,0.3462285789483544,0.5416666666666666,0.4583333333333333,1
C007,10,-0.0011162330246697,-0.3525345214144551,0.3503020553651156,0.32,0.6799999999999999,0
C007,11,-0.0040425701227287,-0.355442169159524,0.3473570289140665,0.5454545454545454,0.4545454545454546,3
C007,12,-0.0096684597997602,-0.3610870540826202,0.3417501344830998,0.6,0.4,0
C007,13,-0.0125881938576058,-0.3640617763170966,0.3388853886018849,0.5454545454545454,0.4545454545454546,3
C007,14,-0.0176696177779194,-0.3692589265103382,0.3339196909544994,0.56,0.4399999999999999,0
C007,15,-0.0228671129665033,-0.3745741861136366,0.32883996018063,0.5909090909090909,0.409090909090909,3
C007,16,-0.0270426690374714,-0.3789479857437698,0.3248626476688271,0.5217391304347826,0.4782608695652174,2
C007,17,-0.0389248377210912,-0.3911214697494866,0.3132717943073042,0.76,0.24,0
C007,18,-0.049385853985604,-0.4019079183602932,0.3031362103890852,0.7083333333333334,0.2916666666666666,1
C007,19,-0.0504985497006215,-0.4033592558908925,0.3023621564896493,0.5,0.5,1
C007,20,-0.0639542177287425,-0.4171925308704062,0.289284095412921,0.782608695652174,0.217391304347826,2
C007,21,-0.078424045371034,-0.4321067127708179,0.2752586220287499,0.8,0.1999999999999999,0
C007,22,-0.0929229775169762,-0.4470786240770588,0.2612326690431064,0.8181818181818182,0.1818181818181817,3
C007,23,-0.1112601083689474,-0.4658907032926438,0.2433704865547489,0.88,0.12,0
C007,24,-0.1230612008587152,-0.4781706185738258,0.2320482168563953,0.7391304347826086,0.2608695652173913,2
C008,1,-0.5399339011381273,-0.8986083568420684,-0.1812594454341862,0.782608695652174,0.217391304347826,2
C008,2,-0.5456860766616838,-0.9038908015732176,-0.1874813517501499,0.6086956521739131,0.3913043478260869,2
C008,3,-0.5511081885869167,-0.9089225699514376,-0.1932938072223957,0.5833333333333334,0.4166666666666666,1
C008,4,-0.564563144761747,-0.9220510812689678,-0.207075208254526,0.76,0.24,0
C008,5,-0.5762911885220943,-0.9334991114345678,-0.2190832656096207,0.75,0.25,1
C008,6,-0.593716630551612,-0.9507065442661712,-0.2367267168370526,0.8695652173913043,0.1304347826086956,2
C008,7,-0.6047897821856728,-0.9616089696829306,-0.2479705946884149,0.68,0.3199999999999999,0
C008,8,-0.611972760019292,-0.9686734471494556,-0.2552720728891283,0.64,0.36,0
C008,9,-0.6185601668162795,-0.9752156697638696,-0.2619046638686893,0.6086956521739131,0.3913043478260869,2
C008,10,-0.6304599078867394,-0.9871584713627952,-0.2737613444106838,0.75,0.25,1
C008,11,-0.6409077110995958,-0.9977124933013396,-0.2841029288978518,0.72,0.28,0
C008,12,-0.6586357089240746,-1.0156109198530752,-0.3016604979950742,0.9130434782608696,0.0869565217391304,2
C008,13,-0.6713241997522275,-1.0284730287284145,-0.3141753707760406,0.8181818181818182,0.1818181818181817,3
C008,14,-0.6860746226443684,-1.0434726824945504,-0.3286765627941863,0.8333333333333334,0.1666666666666666,1
C008,15,-0.7026840938463595,-1.060377868358892,-0.3449903193338271,0.875,0.125,1
C008,16,-0.7194474418528454,-1.0774691224317086,-0.361425761273982,0.8695652173913043,0.1304347826086956,2
C008,17,-0.7375967919619688,-1.0959757470125462,-0.3792178369113915,0.9130434782608696,0.0869565217391304,2
C008,18,-0.7570795100983521,-1.115820115145834,-0.3983389050508701,0.9166666666666666,0.0833333333333333,1
C008,19,-0.7766062227352398,-1.1357332851887338,-0.4174791602817458,0.92,0.0799999999999999,0
C008,20,-0.7947548294899,-1.1542705569932936,-0.4352391019865063,0.9047619047619048,0.0952380952380952,4
C008,21,-0.8120749869599697,-1.1720107174589336,-0.4521392564610058,0.8636363636363636,0.1363636363636363,3
C008,22,-0.8325920450941675,-1.192980293388033,-0.4722037968003024,0.9565217391304348,0.0434782608695651,2
C008,23,-0.8513751802996105,-1.2122469379136973,-0.4905034226855235,0.9166666666666666,0.0833333333333333,1
C008,24,-0.8722698575034077,-1.2336272747344423,-0.510912440272373,0.9523809523809524,0.0476190476190476,4
C009,1,-0.304580651563751,-0.5012578374367354,-0.1079034656907667,0.3809523809523809,0.6190476190476191,25
C009,2,-0.3004673532610037,-0.4962658366177432,-0.1046688699042642,0.3043478260869565,0.6956521739130435,25
C009,3,-0.2971396447542853,-0.4921536074034581,-0.1021256821051125,0.3809523809523809,0.6190476190476191,25
C009,4,-0.2972185065417436,-0.4915216945225727,-0.1029153185609145,0.4285714285714285,0.5714285714285714,25
C009,5,-0.296279502898299,-0.489986773525337,-0.102572232271261,0.4347826086956521,0.5652173913043479,25
C009,6,-0.2959812512616158,-0.4891763928569153,-0.1027861096663163,0.44,0.56,25
C009,7,-0.2888013201975143,-0.4815953643178843,-0.0960072760771444,0.2727272727272727,0.7272727272727273,25
C009,8,-0.2868028934123238,-0.4792882694465609,-0.0943175173780866,0.4090909090909091,0.5909090909090908,25
C009,9,-0.2885426543041307,-0.4807918256847194,-0.0962934829235419,0.5217391304347826,0.4782608695652174,25
C009,10,-0.2803476253344985,-0.472466372250323,-0.088228878418674,0.3043478260869565,0.6956521739130435,25
C009,11,-0.2676612229181757,-0.4597416016869116,-0.0755808441494397,0.1739130434782608,0.8260869565217391,25
C009,12,-0.2689118461395751,-0.4610367720637439,-0.0767869202154062,0.5,0.5,25
C009,13,-0.2654918264923168,-0.4577532967679608,-0.0732303562166728,0.375,0.625,25
C009,14,-0.2674451968035368,-0.4599034515297114,-0.0749869420773622,0.5,0.5,25
C009,15,-0.2714031257306767,-0.464130663142407,-0.0786755883189463,0.625,0.375,25
C009,16,-0.2735144301835137,-0.4666037009275105,-0.0804251594395168,0.5217391304347826,0.4782608695652174,25
C009,17,-0.266882645927733,-0.4603804826995409,-0.073384809155925,0.2916666666666667,0.7083333333333333,25
C009,18,-0.2617643634927118,-0.455743724749129,-0.0677850022362947,0.3478260869565217,0.6521739130434783,25
C009,19,-0.264219358531955,-0.4587120729321203,-0.0697266441317896,0.5217391304347826,0.4782608695652174,25
C009,20,-0.2699375997717521,-0.4650171081282276,-0.0748580914152766,0.5652173913043478,0.4347826086956522,25
C009,21,-0.2711675623038139,-0.4669184111418979,-0.0754167134657299,0.4444444444444444,0.5555555555555556,25
C009,22,-0.2677781915984769,-0.4642620755860137,-0.07129430761094,0.375,0.625,25
C009,23,-0.2701978364203687,-0.467500015297825,-0.0728956575429125,0.5238095238095238,0.4761904761904761,25
C009,24,-0.2788440348443831,-0.4770502415732704,-0.0806378281154957,0.6521739130434783,0.3478260869565217,25
C010,1,-0.2747430152562584,-0.684390706750244,0.1349046762377272,0.9523809523809524,0.0476190476190476,4
C010,2,-0.2924009499311635,-0.7016195259100907,0.1168176260477635,0.9047619047619048,0.0952380952380952,4
C010,3,-0.3083907563625647,-0.7172200924675367,0.1004385797424073,0.8571428571428571,0.1428571428571429,4
C010,4,-0.3290210837930084,-0.737536726211264,0.0794945586252471,0.9444444444444444,0.0555555555555555,7
C010,5,-0.3493480395649906,-0.757592126696195,0.0588960475662138,0.9166666666666666,0.0833333333333333,1
C010,6,-0.3718900569604876,-0.7798652673562251,0.0360851534352498,1.0,0.0,4
C010,7,-0.3923117773254512,-0.8000645049042401,0.0154409502533376,0.95,0.05,5
C010,8,-0.4098431067319579,-0.8174100961756063,-0.0022761172883096,0.8571428571428571,0.1428571428571429,4
C010,9,-0.4292136013211618,-0.8366537026306698,-0.0217735000116537,0.8947368421052632,0.1052631578947368,6
C010,10,-0.449728757253388,-0.8570447025407237,-0.0424128119660523,0.9473684210526316,0.0526315789473684,6
C010,11,-0.4721628281196161,-0.8793921850948361,-0.0649334711443961,1.0,0.0,9
C010,12,-0.4898138375700785,-0.8970425496261245,-0.0825851255140326,0.8636363636363636,0.1363636363636363,3
C010,13,-0.5119989638137202,-0.91926243944604,-0.1047354881814003,1.0,0.0,6
C010,14,-0.5298923895074467,-0.9371935011147454,-0.1225912779001478,0.9090909090909092,0.0909090909090909,3
C010,15,-0.5497764714781108,-0.9571327863881908,-0.1424201565680309,0.9090909090909092,0.0909090909090909,3
C010,16,-0.571796228892288,-0.9792205427320332,-0.1643719150525427,1.0,0.0,3
C010,17,-0.5933946835725201,-1.00091951792029,-0.1858698492247501,0.9545454545454546,0.0454545454545454,3
C010,18,-0.6156357566195189,-1.0232652867875185,-0.2080062264515194,1.0,0.0,5
C010,19,-0.6358994599456251,-1.0436933137508344,-0.2281056061404159,0.9130434782608696,0.0869565217391304,2
C010,20,-0.658757544597195,-1.0667469241319294,-0.2507681650624607,1.0,0.0,4
C010,21,-0.6815496139188593,-1.0897808291157425,-0.2733183987219763,1.0,0.0,5
C010,22,-0.7038783041765325,-1.1124074777405424,-0.2953491306125227,1.0,0.0,8
C010,23,-0.7261830290947757,-1.1350951429368905,-0.3172709152526608,1.0,0.0,5
C010,24,-0.7402934343454248,-1.149623216691312,-0.3309636519995376,0.75,0.25,1
C011,1,-0.195786911621633,-0.5041049376146881,0.1125311143714221,0.5,0.5,1
C011,2,-0.1926129248021199,-0.5003748945321039,0.115149044927864,0.3333333333333333,0.6666666666666667,1
C011,3,-0.1943292719695368,-0.5016099301486208,0.112951386209547,0.4583333333333333,0.5416666666666667,1
C011,4,-0.1903492103578584,-0.497242044574553,0.1165436238588361,0.391304347826087,0.6086956521739131,2
C011,5,-0.190434695943055,-0.4970139138864778,0.1161445220003677,0.5,0.5,1
C011,6,-0.1920906217815288,-0.4983847976232133,0.1142035540601555,0.4782608695652174,0.5217391304347826,2
C011,7,-0.197704147437375,-0.5037629968300845,0.1083547019553344,0.5833333333333334,0.4166666666666666,1
C011,8,-0.2033322742509695,-0.5092059082642635,0.1025413597623243,0.6086956521739131,0.3913043478260869,2
C011,9,-0.2157526952688659,-0.5214429596659376,0.0899375691282056,0.7083333333333334,0.2916666666666666,1
C011,10,-0.2247695720591868,-0.530332508392242,0.0807933642738683,0.6818181818181818,0.3181818181818182,3
C011,11,-0.231558386900381,-0.5370690303038366,0.0739522565030744,0.6,0.4,5
C011,12,-0.2385630961445535,-0.5441045518696108,0.0669783595805036,0.6086956521739131,0.3913043478260869,2
C011,13,-0.2409090328991672,-0.5465097697531653,0.0646917039548308,0.5,0.5,1
C011,14,-0.2519552983713408,-0.5576957077486482,0.0537851110059666,0.7083333333333334,0.2916666666666666,1
C011,15,-0.263787980041137,-0.5697107608015157,0.0421348007192416,0.7391304347826086,0.2608695652173913,2
C011,16,-0.2733300509951604,-0.5794943623885283,0.0328342603982075,0.72,0.28,0
C011,17,-0.2818209435975421,-0.588255164962571,0.0246132777674867,0.6521739130434783,0.3478260869565217,2
C011,18,-0.2924513108534031,-0.5992066534126002,0.0143040317057938,0.72,0.28,0
C011,19,-0.2998590561447716,-0.6069662110613259,0.0072480987717826,0.6190476190476191,0.3809523809523809,4
C011,20,-0.3089203415430209,-0.6164574224706003,-0.0013832606154415,0.6521739130434783,0.3478260869565217,2
C011,21,-0.3206397960627348,-0.6286543167379697,-0.0126252753874999,0.76,0.24,0
C011,22,-0.3338427746381642,-0.6423806616064439,-0.0253048876698844,0.782608695652174,0.217391304347826,2
C011,23,-0.3463722634098887,-0.6554783021715646,-0.0372662246482128,0.75,0.25,1
C011,24,-0.3580557773055697,-0.6677533746789506,-0.0483581799321889,0.75,0.25,1
C012,1,0.2699796950237241,-0.1071188179650343,0.6470782080124826,0.391304347826087,0.6086956521739131,2
C012,2,0.2778802166864313,-0.0987130978247165,0.6544735311975793,0.25,0.75,1
C012,3,0.2769071791463182,-0.0992738202013358,0.6530881784939724,0.4583333333333333,0.5416666666666667,1
C012,4,0.2771947903891114,-0.0986732275387455,0.6530628083169683,0.4166666666666667,0.5833333333333333,1
C012,5,0.2714804625634022,-0.1041404742629453,0.6471013993897499,0.64,0.36,0
C012,6,0.2665535250076234,-0.1088226372203537,0.6419296872356006,0.5909090909090909,0.409090909090909,3
C012,7,0.2597015388593364,-0.1154683023911777,0.6348713801098507,0.625,0.375,1
C012,8,0.2564509074383089,-0.1185148901897085,0.6314167050663264,0.5416666666666666,0.4583333333333333,1
C012,9,0.2538744674766094,-0.1209290810313777,0.6286780159845967,0.5,0.5,1
C012,10,0.2483280218241815,-0.1263494625762346,0.6230055062245978,0.56,0.4399999999999999,0
C012,11,0.2440798767177905,-0.1304738145201285,0.6186335679557097,0.56,0.4399999999999999,0
C012,12,0.236962807492762,-0.1375614103909934,0.6114870253765176,0.6666666666666666,0.3333333333333333,1
C012,13,0.2264104468953688,-0.148144220510681,0.6009651143014187,0.7391304347826086,0.2608695652173913,2
C012,14,0.2148635750995661,-0.1597315956043331,0.5894587458034655,0.75,0.25,1
C012,15,0.2014174459983969,-0.1732521445867901,0.576087036583584,0.8260869565217391,0.1739130434782608,2
C012,16,0.192956318763201,-0.1817933364843227,0.5677059740107249,0.64,0.36,0
C012,17,0.1891155308519012,-0.1857680173706927,0.5639990790744951,0.5454545454545454,0.4545454545454546,3
C012,18,0.1832026290869431,-0.1918772698297334,0.5582825280036198,0.6,0.4,0
C012,19,0.1747873098361453,-0.2004914734849243,0.550066093157215,0.65,0.35,5
C012,20,0.1676627104368698,-0.207900662756205,0.5432260836299447,0.65,0.35,5
C012,21,0.1605143551820217,-0.2153793167124884,0.5364080270765319,0.5833333333333334,0.4166666666666666,1
C012,22,0.1507016181385873,-0.2255948275507597,0.5269980638279345,0.6666666666666666,0.3333333333333333,1
C012,23,0.1414011532057545,-0.2353364638837028,0.5181387702952118,0.68,0.3199999999999999,0
C012,24,0.1243705414343855,-0.2528427297271242,0.5015838125958954,0.875,0.125,1
C013,1,-1.0401822882182965,-1.2135570122434018,-0.8668075641931913,0.6086956521739131,0.3913043478260869,25
C013,2,-1.0504198058664287,-1.2227921491203668,-0.8780474626124907,0.7083333333333334,0.2916666666666666,25
C013,3,-1.0645963140757504,-1.2360655012027686,-0.8931271269487322,0.7727272727272727,0.2272727272727273,25
C013,4,-1.075377431522965,-1.2460391769013466,-0.9047156861445832,0.7083333333333334,0.2916666666666666,25
C013,5,-1.088621709378748,-1.2585740662300335,-0.9186693525274624,0.7916666666666666,0.2083333333333333,25
C013,6,-1.105262542612609,-1.2745665379093585,-0.9359585473158596,0.8333333333333334,0.1666666666666666,25
C013,7,-1.1235869576226625,-1.2923368720376562,-0.9548370432076684,0.9130434782608696,0.0869565217391304,25
C013,8,-1.1320819254165624,-1.3003716536820962,-0.9637921971510284,0.68,0.3199999999999999,25
C013,9,-1.150129431065809,-1.3180563702769228,-0.9822024918546952,0.92,0.0799999999999999,25
C013,10,-1.1693723334682316,-1.3370296374648127,-1.0017150294716504,0.96,0.04,25
C013,11,-1.1893165813622,-1.356781317799308,-1.021851844925092,0.9583333333333334,0.0416666666666666,25
C013,12,-1.2029221143388895,-1.3702872421105337,-1.0355569865672458,0.875,0.125,25
C013,13,-1.2182725241606818,-1.3856348624621408,-1.0509101858592227,0.875,0.125,25
C013,14,-1.2387206807866338,-1.4061770100822852,-1.0712643514909823,1.0,0.0,25
C013,15,-1.2557273954618204,-1.423366570055737,-1.088088220867904,0.8695652173913043,0.1304347826086956,25
C013,16,-1.273091781277307,-1.441006763011942,-1.1051767995426722,0.9166666666666666,0.0833333333333333,25
C013,17,-1.294000740331379,-1.4622886447007306,-1.1257128359620272,1.0,0.0,25
C013,18,-1.314606734382564,-1.4833516549733143,-1.1458618137918135,1.0,0.0,25
C013,19,-1.3266674238256198,-1.495953943125359,-1.1573809045258805,0.7272727272727273,0.2727272727272727,25
C013,20,-1.3460047556448955,-1.5159297025585288,-1.1760798087312627,0.96,0.04,25
C013,21,-1.3649998594390131,-1.5356619817353037,-1.1943377371427226,0.9166666666666666,0.0833333333333333,25
C013,22,-1.3822959958914065,-1.5537864642166568,-1.2108055275661562,0.875,0.125,25
C013,23,-1.401103622270139,-1.5735181671560228,-1.2286890773842551,0.9090909090909092,0.0909090909090909,25
C013,24,-1.4220122782865574,-1.5954500727024554,-1.2485744838706594,1.0,0.0,25
C014,1,-0.8882196742579151,-1.0920401875359207,-0.6843991609799096,0.2105263157894736,0.7894736842105263,6
C014,2,-0.8841348848564154,-1.0870940872069712,-0.6811756825058597,0.375,0.625,1
C014,3,-0.8781893964461265,-1.0803386190746809,-0.676040173817572,0.32,0.6799999999999999,0
C014,4,-0.8706102579248824,-1.0720071329242076,-0.6692133829255573,0.2272727272727272,0.7727272727272727,3
C014,5,-0.8597634831315921,-1.0604904510941129,-0.6590365151690716,0.1363636363636363,0.8636363636363636,3
C014,6,-0.8520026035225152,-1.052158866523939,-0.6518463405210915,0.238095238095238,0.7619047619047619,4
C014,7,-0.837710718563407,-1.037375679234089,-0.6380457578927252,0.0526315789473684,0.9473684210526316,6
C014,8,-0.8268826715312521,-1.0261284323456024,-0.6276369107169018,0.1363636363636363,0.8636363636363636,3
C014,9,-0.8190039113991421,-1.0178959807913692,-0.6201118420069149,0.1818181818181818,0.8181818181818181,3
C014,10,-0.8127641047556179,-1.0113488140966045,-0.6141793954146313,0.238095238095238,0.7619047619047619,4
C014,11,-0.8045208702327568,-1.002888379376908,-0.6061533610886054,0.1904761904761904,0.8095238095238095,4
C014,12,-0.7968613261992844,-0.9951071629927394,-0.5986154894058294,0.25,0.75,5
C014,13,-0.7908316973447821,-0.9890453862044332,-0.592618008485131,0.238095238095238,0.7619047619047619,4
C014,14,-0.7944563793651189,-0.9927270421400276,-0.5961857165902101,0.55,0.4499999999999999,5
C014,15,-0.7941301413967489,-0.9925050228924066,-0.5957552599010911,0.4761904761904761,0.5238095238095238,4
C014,16,-0.780330234984654,-0.9788536469286664,-0.5818068230406417,0.0952380952380952,0.9047619047619048,4
C014,17,-0.7765765544760136,-0.9753316655607046,-0.5778214433913226,0.35,0.65,5
C014,18,-0.7686701121093733,-0.9677371372963725,-0.5696030869223743,0.238095238095238,0.7619047619047619,4
C014,19,-0.7615889681687364,-0.96106148683075,-0.562116449506723,0.2857142857142857,0.7142857142857143,4
C014,20,-0.7484301570455988,-0.9483961568070384,-0.5484641572841592,0.0588235294117647,0.9411764705882352,8
C014,21,-0.7349723683780215,-0.9355186860934828,-0.5344260506625602,0.0909090909090909,0.9090909090909092,3
C014,22,-0.7302308969159702,-0.9314644332185212,-0.5289973606134193,0.3636363636363636,0.6363636363636364,3
C014,23,-0.7157171909059211,-0.9177146519901777,-0.5137197298216646,0.0476190476190476,0.9523809523809524,4
C014,24,-0.7066678924514067,-0.9095102230418473,-0.5038255618609663,0.2105263157894736,0.7894736842105263,6
C015,1,0.510877778430128,0.1978126081871541,0.823942948673102,0.125,0.875,1
C015,2,0.5286789088370606,0.2161060324810958,0.8412517851930253,0.0,1.0,3
C015,3,0.5436186863896483,0.231536820280061,0.8557005524992356,0.08,0.92,0
C015,4,0.5586566756438294,0.2470302360990484,0.8702831151886103,0.125,0.875,1
C015,5,0.5720292774330225,0.2608280911806262,0.8832304636854187,0.1304347826086956,0.8695652173913043,2
C015,6,0.5849872161040459,0.2741103131173497,0.8958641190907422,0.1363636363636363,0.8636363636363636,3
C015,7,0.5981337663488289,0.2875006351882633,0.9087668975093944,0.1428571428571428,0.8571428571428572,4
C015,8,0.6152648513983917,0.3048742476080186,0.9256554551887648,0.0476190476190476,0.9523809523809524,4
C015,9,0.630373509430091,0.3202241925116493,0.9405228263485326,0.0909090909090909,0.9090909090909092,3
C015,10,0.6422727065576792,0.3323076593362588,0.9522377537790996,0.1739130434782608,0.8260869565217391,2
C015,11,0.6564773619646378,0.3466464249065899,0.9663082990226856,0.125,0.875,1
C015,12,0.667303583038826,0.3575132653306766,0.9770939007469752,0.1739130434782608,0.8260869565217391,2
C015,13,0.6820941583093547,0.3722880862986538,0.9919002303200556,0.1363636363636363,0.8636363636363636,3
C015,14,0.6994556236943681,0.3895290365764793,1.009382210812257,0.0,1.0,1
C015,15,0.7161835955057767,0.4061058604251285,1.0262613305864248,0.04,0.96,0
C015,16,0.7292469083163652,0.4189432829504706,1.0395505336822597,0.1739130434782608,0.8260869565217391,2
C015,17,0.743720146511632,0.4331278746013898,1.0543124184218742,0.0869565217391304,0.9130434782608696,2
C015,18,0.7600783775785861,0.4491412729518366,1.0710154822053355,0.04,0.96,0
C015,19,0.7742936169169233,0.4629647523963162,1.0856224814375304,0.125,0.875,1
C015,20,0.791116445507122,0.4792965457282476,1.1029363452859964,0.0833333333333333,0.9166666666666666,1
C015,21,0.8053764627196847,0.4930347031957784,1.1177182222435909,0.0909090909090909,0.9090909090909092,3
C015,22,0.8167934176773242,0.5039224873206825,1.129664348033966,0.1818181818181818,0.8181818181818181,3
C015,23,0.8303113217776448,0.5168915457221424,1.1437310978331472,0.12,0.88,0
C015,24,0.8410391545824851,0.5270396649929021,1.155038644172068,0.1818181818181818,0.8181818181818181,3
R000,1,-0.3254492068347776,-0.647339032801215,-0.0035593808683402,0.3333333333333333,0.6666666666666667,1
R000,2,-0.3348075683570628,-0.656159870394766,-0.0134552663193597,0.64,0.36,0
R000,3,-0.3382231983129619,-0.6590394255081542,-0.0174069711177696,0.52,0.48,0
R000,4,-0.3487575431885109,-0.6691200615310657,-0.028395024845956,0.7083333333333334,0.2916666666666666,1
R000,5,-0.3516250461540186,-0.671582851203075,-0.0316672411049621,0.5217391304347826,0.4782608695652174,2
R000,6,-0.3582322048940635,-0.6778600863129162,-0.0386043234752108,0.64,0.36,0
R000,7,-0.3630235934338983,-0.6823778604209554,-0.0436693264468412,0.5652173913043478,0.4347826086956522,2
R000,8,-0.3708753860033462,-0.6900465792635089,-0.0517041927431836,0.6666666666666666,0.3333333333333333,1
R000,9,-0.3764471975275078,-0.6954704855352338,-0.0574239095197817,0.5833333333333334,0.4166666666666666,1
R000,10,-0.3840712425278331,-0.7030151878703468,-0.0651272971853195,0.68,0.3199999999999999,0
R000,11,-0.3868102410431102,-0.7057345627325259,-0.0678859193536945,0.52,0.48,0
R000,12,-0.3918121929801454,-0.7108023188690092,-0.0728220670912817,0.56,0.4399999999999999,0
R000,13,-0.3963310530770484,-0.7153883895616546,-0.0772737165924422,0.5416666666666666,0.4583333333333333,1
R000,14,-0.4063501942494787,-0.7255280486411304,-0.087172339857827,0.6666666666666666,0.3333333333333333,1
R000,15,-0.415347642825739,-0.7347083828908892,-0.0959869027605887,0.6666666666666666,0.3333333333333333,1
R000,16,-0.4284086399828513,-0.7480095257886288,-0.1088077541770737,0.76,0.24,0
R000,17,-0.4420644917464069,-0.7619376030945417,-0.122191380398272,0.7916666666666666,0.2083333333333333,1
R000,18,-0.4624619582647112,-0.7826597402589629,-0.1422641762704595,0.9583333333333334,0.0416666666666666,1
R000,19,-0.4736448083913857,-0.7941879731111949,-0.1531016436715765,0.7083333333333334,0.2916666666666666,1
R000,20,-0.4834103129661586,-0.8043592187729067,-0.1624614071594104,0.72,0.28,0
R000,21,-0.4969180089570214,-0.8183326714318674,-0.1755033464821753,0.782608695652174,0.217391304347826,2
R000,22,-0.5142313096927195,-0.8361574625983927,-0.1923051567870461,0.875,0.125,1
R000,23,-0.5318267764642532,-0.8542901879506701,-0.2093633649778363,0.9166666666666666,0.0833333333333333,1
R000,24,-0.5506263392800811,-0.8736597642966129,-0.2275929142635493,0.9166666666666666,0.0833333333333333,1
R001,1,0.7306297839123228,0.4419256375742292,1.0193339302504163,0.36,0.64,25
R001,2,0.7383434760834039,0.4502493734697718,1.026437578697036,0.2608695652173913,0.7391304347826086,25
R001,3,0.7476650236498592,0.4601527972975535,1.035177250002165,0.24,0.76,25
R001,4,0.7562908251004103,0.4693323733693593,1.0432492768314614,0.2,0.8,25
R001,5,0.7610883435402221,0.4745876037617898,1.0475890833186543,0.3478260869565217,0.6521739130434783,25
R001,6,0.7682068994209916,0.4821109567069863,1.054302842134997,0.3181818181818182,0.6818181818181819,25
R001,7,0.77146942604399,0.4857028526676047,1.0572359994203753,0.36,0.64,25
R001,8,0.7707986528690225,0.485286114544872,1.0563111911931728,0.5,0.5,25
R001,9,0.7744580049018475,0.4891467920738076,1.0597692177298872,0.391304347826087,0.6086956521739131,25
R001,10,0.771514397787167,0.4863089572042846,1.0567198383700496,0.55,0.4499999999999999,25
R001,11,0.772480875691207,0.4873060120193877,1.0576557393630264,0.4347826086956521,0.5652173913043479,25
R001,12,0.7793728058952731,0.4941758825111952,1.064569729279351,0.28,0.72,25
R001,13,0.7858838477814567,0.500589703851418,1.0711779917114954,0.2916666666666667,0.7083333333333333,25
R001,14,0.7913266259912101,0.5058600494339125,1.0767932025485076,0.3181818181818182,0.6818181818181819,25
R001,15,0.7895241412180263,0.5038844420078268,1.0751638404282258,0.4782608695652174,0.5217391304347826,25
R001,16,0.7888275742332543,0.5029394388136748,1.074715709652834,0.4583333333333333,0.5416666666666667,25
R001,17,0.7910274430886456,0.5048154975419576,1.0772393886353335,0.4,0.6,25
R001,18,0.7918264483512112,0.505262747656251,1.0783901490461714,0.4583333333333333,0.5416666666666667,25
R001,19,0.7873440487428898,0.5004006006481185,1.074287496837661,0.5416666666666666,0.4583333333333333,25
R001,20,0.7836277893130411,0.496251591215475,1.0710039874106072,0.5416666666666666,0.4583333333333333,25
R001,21,0.7841317608426372,0.4962947267133671,1.0719687949719074,0.4583333333333333,0.5416666666666667,25
R001,22,0.7797616228063322,0.4914356145491363,1.068087631063528,0.5652173913043478,0.4347826086956522,25
R001,23,0.7792094917700115,0.4902979184254011,1.0681210651146218,0.48,0.52,25
R001,24,0.7752768712590979,0.4857789592507382,1.0647747832674577,0.5714285714285714,0.4285714285714286,25
R002,1,-0.1179722900501198,-0.5503970141477339,0.3144524340474942,1.0,0.0,3
R002,2,-0.1374600617862508,-0.5694454650890715,0.2945253415165697,0.95,0.05,5
R002,3,-0.1568427960914842,-0.5884511398969035,0.2747655477139351,0.9090909090909092,0.0909090909090909,3
R002,4,-0.1779480447725199,-0.6091826645928682,0.2532865750478284,0.9523809523809524,0.0476190476190476,4
R002,5,-0.1974070736590901,-0.6282712645688284,0.2334571172506482,0.9523809523809524,0.0476190476190476,4
R002,6,-0.2193695175997319,-0.6498741416288334,0.2111351064293695,1.0,0.0,4
R002,7,-0.2398801880582697,-0.6700605844228931,0.1903002083063534,0.9545454545454546,0.0454545454545454,3
R002,8,-0.2603174362796535,-0.6902236956839158,0.1695888231246087,0.95,0.05,5
R002,9,-0.2826564018637119,-0.712348515017323,0.1470357112898992,1.0,0.0,5
R002,10,-0.3027783415189108,-0.7323163944377833,0.1267597113999616,0.9090909090909092,0.0909090909090909,3
R002,11,-0.3221434846931988,-0.7515336685541134,0.1072466991677157,0.95,0.05,5
R002,12,-0.3412747097128373,-0.7705873564335229,0.0880379370078483,0.9545454545454546,0.0454545454545454,3
R002,13,-0.3585635029485132,-0.7878343551286661,0.0707073492316396,0.8571428571428571,0.1428571428571429,4
R002,14,-0.3758342318653228,-0.8050888092802126,0.0534203455495671,0.8636363636363636,0.1363636363636363,3
R002,15,-0.3945612432553609,-0.823843257167334,0.0347207706566121,0.9,0.0999999999999999,5
R002,16,-0.4136215806588379,-0.8429936672022463,0.0157505058845704,0.9444444444444444,0.0555555555555555,7
R002,17,-0.4346098529940531,-0.8640813917654361,-0.00513831422267,0.9565217391304348,0.0434782608695651,2
R002,18,-0.4546107475917157,-0.8841871000315185,-0.025034395151913,0.9,0.0999999999999999,5
R002,19,-0.4716894836047923,-0.9014096575906988,-0.0419693096188858,0.8421052631578947,0.1578947368421053,6
R002,20,-0.4892802596426955,-0.9192117755643924,-0.0593487437209985,0.8571428571428571,0.1428571428571429,4
R002,21,-0.5057072600020817,-0.9359073983338856,-0.0755071216702775,0.7894736842105263,0.2105263157894736,6
R002,22,-0.5267399757396142,-0.9573033485605522,-0.096176602918676,0.95,0.05,5
R002,23,-0.545968647982252,-0.9768983656368464,-0.1150389303276574,0.95,0.05,5
R002,24,-0.5642499521738236,-0.9955877555802334,-0.1329121487674137,0.9090909090909092,0.0909090909090909,3
R003,1,0.2768015115077016,-0.0756812037280378,0.6292842267434411,0.391304347826087,0.6086956521739131,2
R003,2,0.2747311570177734,-0.0772375795237318,0.6266998935592787,0.5,0.5,1
R003,3,0.2827996073259609,-0.0686895167092072,0.634288731361129,0.217391304347826,0.782608695652174,2
R003,4,0.2862353225666112,-0.0647761386657929,0.6372467837990154,0.36,0.64,0
R003,5,0.2838846124864556,-0.0667134989385768,0.634482723911488,0.5,0.5,1
R003,6,0.2809416111762408,-0.0692823187021268,0.6311655410546084,0.5217391304347826,0.4782608695652174,2
R003,7,0.2775312815668208,-0.0723801270538758,0.6274426901875174,0.5454545454545454,0.4545454545454546,3
R003,8,0.2765474879946168,-0.0731083959642279,0.6262033719534615,0.4761904761904761,0.5238095238095238,4
R003,9,0.2696692227756026,-0.0797335017052505,0.6190719472564558,0.625,0.375,1
R003,10,0.2634486595040289,-0.0857579942801605,0.6126553132882184,0.64,0.36,0
R003,11,0.2592184879915051,-0.0898027944957804,0.6082397704787907,0.5454545454545454,0.4545454545454546,3
R003,12,0.2567095411695261,-0.0922074278783176,0.6056265102173699,0.5,0.5,3
R003,13,0.256341874424794,-0.0925324553707471,0.6052162042203353,0.4545454545454545,0.5454545454545454,3
R003,14,0.2536200512115418,-0.0952729698597498,0.6025130722828335,0.5217391304347826,0.4782608695652174,2
R003,15,0.2479883478375048,-0.100983460216038,0.5969601558910478,0.5652173913043478,0.4347826086956522,2
R003,16,0.2467122476995601,-0.1023409590796116,0.595765454478732,0.4782608695652174,0.5217391304347826,2
R003,17,0.2504076071649267,-0.0987877307164914,0.5996029450463449,0.36,0.64,0
R003,18,0.2439445295796737,-0.1054778757968526,0.5933669349562,0.6086956521739131,0.3913043478260869,2
R003,19,0.2352283626978442,-0.1144868914942845,0.5849436168899731,0.6521739130434783,0.3478260869565217,2
R003,20,0.222177918073149,-0.1278791376533335,0.5722349737996317,0.782608695652174,0.217391304347826,2
R003,21,0.212943723041959,-0.1375116689173475,0.5633991150012656,0.64,0.36,0
R003,22,0.197992392421043,-0.1528632595323163,0.5488480443744024,0.8,0.1999999999999999,5
R003,23,0.1903323533091613,-0.1609254867461808,0.5415901933645035,0.5909090909090909,0.409090909090909,3
R003,24,0.1803844607763742,-0.1713658357402515,0.5321347572930001,0.7083333333333334,0.2916666666666666,1
R004,1,-0.3741611053961731,-0.7156297011107305,-0.0326925096816157,0.6956521739130435,0.3043478260869565,2
R004,2,-0.3844305478009503,-0.7254144220657239,-0.0434466735361766,0.68,0.3199999999999999,0
R004,3,-0.3826234174036529,-0.723177187441117,-0.0420696473661887,0.4166666666666667,0.5833333333333333,1
R004,4,-0.39077417544726,-0.7309987739696295,-0.0505495769248905,0.6818181818181818,0.3181818181818182,3
R004,5,-0.3914905196305408,-0.7314179088117292,-0.0515631304493524,0.4583333333333333,0.5416666666666667,1
R004,6,-0.3970960047633669,-0.736784810242441,-0.0574071992842928,0.6086956521739131,0.3913043478260869,2
R004,7,-0.4082025386584887,-0.7477493321943915,-0.0686557451225859,0.7391304347826086,0.2608695652173913,2
R004,8,-0.4157062908009487,-0.7551666812635267,-0.0762459003383705,0.6363636363636364,0.3636363636363636,3
R004,9,-0.4258212778644608,-0.7652006401099793,-0.0864419156189422,0.6818181818181818,0.3181818181818182,3
R004,10,-0.4382791350949604,-0.77763609738845,-0.0989221728014708,0.7916666666666666,0.2083333333333333,1
R004,11,-0.4496810442024443,-0.789050509151979,-0.1103115792529097,0.76,0.24,0
R004,12,-0.4569140258105186,-0.7963295701553833,-0.1174984814656538,0.6,0.4,0
R004,13,-0.4728263213102757,-0.8123638839869365,-0.1332887586336148,0.8333333333333334,0.1666666666666666,1
R004,14,-0.4873294216725478,-0.8270317999545699,-0.1476270433905258,0.8095238095238095,0.1904761904761904,4
R004,15,-0.4982227761367064,-0.8381063868282883,-0.1583391654451245,0.7391304347826086,0.2608695652173913,2
R004,16,-0.5154438992551084,-0.8555688710370879,-0.1753189274731287,0.8695652173913043,0.1304347826086956,2
R004,17,-0.5245911496713821,-0.8649600131112121,-0.1842222862315521,0.6363636363636364,0.3636363636363636,3
R004,18,-0.5379381387899023,-0.8786346362632764,-0.197241641316528,0.7727272727272727,0.2272727272727273,3
R004,19,-0.5543171412000057,-0.895411825858729,-0.2132224565412824,0.875,0.125,1
R004,20,-0.5733987921690028,-0.9149019924412348,-0.2318955918967708,0.9130434782608696,0.0869565217391304,2
R004,21,-0.5885840691035883,-0.930533632473232,-0.2466345057339445,0.8333333333333334,0.1666666666666666,1
R004,22,-0.6081958657694079,-0.9506364582295684,-0.2657552733092473,0.9090909090909092,0.0909090909090909,3
R004,23,-0.6275959281417156,-0.9705553731409902,-0.284636483142441,0.9166666666666666,0.0833333333333333,1
R004,24,-0.648274717147239,-0.9917648493749064,-0.3047845849195719,0.9565217391304348,0.0434782608695651,2
R005,1,0.0227867342689097,-0.2050116715136417,0.2505851400514611,0.1428571428571428,0.8571428571428572,25
R005,2,0.0376730692579224,-0.1893733948306762,0.2647195333465211,0.0833333333333333,0.9166666666666666,25
R005,3,0.0496866642658124,-0.1766963153235251,0.27606964385515,0.1304347826086956,0.8695652173913043,25
R005,4,0.0630240769824043,-0.1627692606656204,0.288817414630429,0.1363636363636363,0.8636363636363636,25
R005,5,0.0746743760548784,-0.1506403903370004,0.2999891424467574,0.1666666666666666,0.8333333333333334,25
R005,6,0.0896594540079507,-0.1352875637929344,0.3146064718088359,0.0869565217391304,0.9130434782608696,25
R005,7,0.1053407131577184,-0.1193261118348232,0.3300075381502602,0.08,0.92,25
R005,8,0.1163436877836232,-0.1080824128266264,0.3407697883938728,0.1428571428571428,0.8571428571428572,25
R005,9,0.1274346499330079,-0.0968078470692293,0.3516771469352451,0.1739130434782608,0.8260869565217391,25
R005,10,0.139757642664181,-0.0844203582017051,0.3639356435300672,0.12,0.88,25
R005,11,0.1537885807547019,-0.0704245317346871,0.3780016932440909,0.125,0.875,25
R005,12,0.1662957775345339,-0.0580095189458399,0.3906010740149078,0.1666666666666666,0.8333333333333334,25
R005,13,0.1804460033316952,-0.0439713470317845,0.4048633536951749,0.125,0.875,25
R005,14,0.1902392559499112,-0.0343632346197327,0.4148417465195552,0.24,0.76,25
R005,15,0.2036958601594335,-0.0211915304248729,0.42858325074374,0.12,0.88,25
R005,16,0.2197870431931567,-0.0054247656087687,0.4449988519950822,0.0416666666666666,0.9583333333333334,25
R005,17,0.2345537414545858,0.008944142967744,0.4601633399414276,0.08,0.92,25
R005,18,0.2448720145425167,0.0188070928692247,0.4709369362158087,0.1739130434782608,0.8260869565217391,25
R005,19,0.255790312101082,0.0292499464514362,0.4823306777507279,0.1739130434782608,0.8260869565217391,25
R005,20,0.2694883361002059,0.0423843596638567,0.4965923125365551,0.1666666666666666,0.8333333333333334,25
R005,21,0.2822613731231274,0.0545358357937265,0.5099869104525282,0.16,0.84,25
R005,22,0.2958421335776129,0.0674206412842053,0.5242636258710206,0.12,0.88,25
R005,23,0.308722499212099,0.0795466489822757,0.5378983494419223,0.0833333333333333,0.9166666666666666,25
R005,24,0.3232331049140749,0.09328232418348,0.5531838856446698,0.1304347826086956,0.8695652173913043,25
R006,1,-0.3576981707391912,-0.669447382557504,-0.0459489589208783,0.6666666666666666,0.3333333333333333,4
R006,2,-0.3636046120898367,-0.6748078289268703,-0.052401395252803,0.6190476190476191,0.3809523809523809,4
R006,3,-0.3764541076210603,-0.6871407009722696,-0.065767514269851,0.7619047619047619,0.2380952380952381,4
R006,4,-0.3758750259695598,-0.686093444127372,-0.0656566078117475,0.4347826086956521,0.5652173913043479,2
R006,5,-0.3916020475355326,-0.7014093778114829,-0.0817947172595822,0.8421052631578947,0.1578947368421053,6
R006,6,-0.4013008828391851,-0.7107486174854618,-0.0918531481929083,0.6842105263157895,0.3157894736842105,6
R006,7,-0.4087948045252748,-0.7179119846394144,-0.0996776244111352,0.6363636363636364,0.3636363636363636,3
R006,8,-0.4252299367839364,-0.7341046076990464,-0.1163552658688263,0.875,0.125,1
R006,9,-0.4337016618075798,-0.7423358657995782,-0.1250674578155813,0.6521739130434783,0.3478260869565217,2
R006,10,-0.4394503623741425,-0.7478936981343571,-0.1310070266139277,0.6,0.4,5
R006,11,-0.4480303852413131,-0.7563544769615432,-0.139706293521083,0.6666666666666666,0.3333333333333333,4
R006,12,-0.4634979141166116,-0.7717825377367658,-0.1552132904964575,0.8,0.1999999999999999,5
R006,13,-0.4729151014963725,-0.7812080451499628,-0.1646221578427823,0.6842105263157895,0.3157894736842105,6
R006,14,-0.4848293666757742,-0.7932223467088058,-0.1764363866427427,0.7727272727272727,0.2272727272727273,3
R006,15,-0.4953080992594864,-0.8038490858178087,-0.1867671127011641,0.7272727272727273,0.2727272727272727,3
R006,16,-0.5083453549465615,-0.8170929551703957,-0.1995977547227273,0.75,0.25,5
R006,17,-0.5274357568784869,-0.8364183110901622,-0.2184532026668115,0.9130434782608696,0.0869565217391304,2
R006,18,-0.5455497040135227,-0.8548001119033372,-0.2362992961237081,0.85,0.15,5
R006,19,-0.5552903782069386,-0.8648627715553254,-0.2457179848585517,0.6842105263157895,0.3157894736842105,6
R006,20,-0.5697344296580951,-0.8796991659757851,-0.259769693340405,0.8181818181818182,0.1818181818181817,3
R006,21,-0.5853599107088238,-0.8957679823802636,-0.274951839037384,0.8333333333333334,0.1666666666666666,7
R006,22,-0.6003361138196749,-0.911267515614716,-0.2894047120246337,0.8260869565217391,0.1739130434782608,2
R006,23,-0.623327632224065,-0.9348251860660725,-0.3118300783820575,1.0,0.0,3
R006,24,-0.6438649355071974,-0.9559500517508062,-0.3317798192635885,1.0,0.0,6
R007,1,0.5204882258109733,0.1769393428517112,0.8640371087702354,0.125,0.875,1
R007,2,0.5331475833877273,0.1901541500717288,0.8761410167037257,0.1363636363636363,0.8636363636363636,3
R007,3,0.5362352900721654,0.1937341328478706,0.8787364472964602,0.3478260869565217,0.6521739130434783,2
R007,4,0.5502839998896454,0.2081908864036099,0.8923771133756808,0.0833333333333333,0.9166666666666666,1
R007,5,0.5578706781145447,0.2160763649972225,0.8996649912318668,0.2608695652173913,0.7391304347826086,2
R007,6,0.5635521613958182,0.2219556686728223,0.905148654118814,0.32,0.6799999999999999,0
R007,7,0.5652003536730543,0.2237682006206303,0.9066325067254783,0.4166666666666667,0.5833333333333333,1
R007,8,0.5728818271933667,0.2315578058900037,0.9142058484967296,0.25,0.75,1
R007,9,0.5805723912739805,0.2392947876717732,0.9218499948761878,0.25,0.75,1
R007,10,0.5826522568912316,0.241353334041957,0.923951179740506,0.375,0.625,1
R007,11,0.5867839283800226,0.2454338870320572,0.928133969727988,0.32,0.6799999999999999,0
R007,12,0.5927799308059358,0.251325058192461,0.9342348034194108,0.2916666666666667,0.7083333333333333,1
R007,13,0.5956842549265194,0.2540910216136789,0.93727748823936,0.375,0.625,1
R007,14,0.5957382568314523,0.2539818942413922,0.9374946194215124,0.4761904761904761,0.5238095238095238,4
R007,15,0.5924578316719289,0.2505365452203242,0.9343791181235336,0.5416666666666666,0.4583333333333333,1
R007,16,0.5963027073920097,0.2541826216736337,0.9384227931103856,0.4,0.6,0
R007,17,0.5958946277572109,0.2535116679916285,0.9382775875227932,0.4583333333333333,0.5416666666666667,1
R007,18,0.5979335569884604,0.2552227186870081,0.9406443952899128,0.4347826086956521,0.5652173913043479,2
R007,19,0.5998268825441044,0.2567862177810145,0.9428675473071944,0.4347826086956521,0.5652173913043479,2
R007,20,0.605856246962724,0.2624691802163316,0.9492433137091164,0.2272727272727272,0.7727272727272727,3
R007,21,0.6046102408816,0.2608008490544936,0.9484196327087064,0.5,0.5,1
R007,22,0.6127083789179043,0.2684063502284716,0.9570104076073368,0.25,0.75,1
R007,23,0.6120057523364424,0.2672092489248124,0.9568022557480724,0.5,0.5,1
R007,24,0.6080297085370915,0.2626793112151942,0.9533801058589888,0.5217391304347826,0.4782608695652174,2
R008,1,-0.0933883681629939,-0.5410741049142627,0.3542973685882749,0.75,0.25,1
R008,2,-0.1089092214102283,-0.5561718292071862,0.3383533863867297,0.8333333333333334,0.1666666666666666,1
R008,3,-0.1160012796354794,-0.5628788892082333,0.3308763299372743,0.6956521739130435,0.3043478260869565,2
R008,4,-0.1232933099156946,-0.5698044504982065,0.3232178306668171,0.6521739130434783,0.3478260869565217,2
R008,5,-0.1355038296455186,-0.5817613328662601,0.3107536735752227,0.7272727272727273,0.2727272727272727,3
R008,6,-0.1396295002985186,-0.585675860397892,0.3064168598008548,0.5652173913043478,0.4347826086956522,2
R008,7,-0.1560588178272315,-0.6019891334291102,0.2898714977746471,0.8181818181818182,0.1818181818181817,3
R008,8,-0.168602334950693,-0.6144562934458145,0.2772516235444284,0.782608695652174,0.217391304347826,2
R008,9,-0.1828006359182289,-0.6286620751300326,0.2630608032935746,0.75,0.25,5
R008,10,-0.1944256193185629,-0.640331849583514,0.2514806109463881,0.75,0.25,1
R008,11,-0.207307902401917,-0.6532620333574646,0.2386462285536305,0.782608695652174,0.217391304347826,2
R008,12,-0.2225297898923356,-0.6685990327603273,0.2235394529756559,0.84,0.16,0
R008,13,-0.2397327448925658,-0.685972378402564,0.2065068886174322,0.84,0.16,0
R008,14,-0.2547429070133279,-0.7011561215086575,0.1916703074820016,0.8260869565217391,0.1739130434782608,2
R008,15,-0.271146854732239,-0.7177736436472051,0.1754799341827271,0.8636363636363636,0.1363636363636363,3
R008,16,-0.2903842546681958,-0.7372752801684914,0.1565067708320998,0.92,0.0799999999999999,0
R008,17,-0.312332980891169,-0.7595162804405211,0.134850318658183,1.0,0.0,1
R008,18,-0.3354071339905712,-0.7828863711772744,0.112072103196132,1.0,0.0,1
R008,19,-0.3579645431693922,-0.8057450486508713,0.0898159623120867,1.0,0.0,1
R008,20,-0.3803567153397241,-0.8284566098572212,0.0677431791777729,1.0,0.0,2
R008,21,-0.4002832878784778,-0.8487312299527376,0.048164654195782,0.9166666666666666,0.0833333333333333,1
R008,22,-0.4184310714005263,-0.8672361180825372,0.0303739752814846,0.9166666666666666,0.0833333333333333,1
R008,23,-0.4386368051228076,-0.8878050823014192,0.0105314720558039,0.9565217391304348,0.0434782608695651,2
R008,24,-0.460849785416266,-0.9104156220843233,-0.0112839487482089,1.0,0.0,2
R009,1,0.3240925191118891,0.0786291761094174,0.5695558621143607,0.52,0.48,25
R009,2,0.3251515625609986,0.0804456938465978,0.5698574312753995,0.391304347826087,0.6086956521739131,25
R009,3,0.3245773962646057,0.0806062797127829,0.5685485128164285,0.48,0.52,25
R009,4,0.3280702346614753,0.0847380214990807,0.57140244782387,0.3478260869565217,0.6521739130434783,25
R009,5,0.3282390551522259,0.0854828073334901,0.5709953029709618,0.391304347826087,0.6086956521739131,25
R009,6,0.3251130581307121,0.0828699996219972,0.567356116639427,0.5833333333333334,0.4166666666666666,25
R009,7,0.3347121084266223,0.0929598445397113,0.5764643723135333,0.2083333333333333,0.7916666666666666,25
R009,8,0.3390568989741001,0.0977157730237563,0.5803980249244439,0.3478260869565217,0.6521739130434783,25
R009,9,0.3427726635740881,0.1017632117680072,0.583782115380169,0.3478260869565217,0.6521739130434783,25
R009,10,0.3347512413727143,0.0940302744408808,0.5754722083045477,0.625,0.375,25
R009,11,0.3277747485524661,0.0873200803504248,0.5682294167545074,0.6086956521739131,0.3913043478260869,25
R009,12,0.3301895188179158,0.0899390896961163,0.5704399479397154,0.36,0.64,25
R009,13,0.325932588865247,0.0857674183676203,0.5660977593628738,0.5909090909090909,0.409090909090909,25
R009,14,0.3304465407699268,0.0902875686693996,0.5706055128704539,0.3478260869565217,0.6521739130434783,25
R009,15,0.3302180440575394,0.0899710267058396,0.5704650614092392,0.4583333333333333,0.5416666666666667,25
R009,16,0.3301097724812021,0.0897316853435114,0.5704878596188928,0.4761904761904761,0.5238095238095238,25
R009,17,0.3265608857625057,0.0859725864328238,0.5671491850921876,0.5652173913043478,0.4347826086956522,25
R009,18,0.3247711844840207,0.0838934514352237,0.5656489175328177,0.5,0.5,25
R009,19,0.3275016494952503,0.0862551642804641,0.5687481347100365,0.391304347826087,0.6086956521739131,25
R009,20,0.3237806963718088,0.082036457740025,0.5655249350035926,0.56,0.4399999999999999,25
R009,21,0.3138082530909591,0.07150380484093,0.5561127013409883,0.6956521739130435,0.3043478260869565,25
R009,22,0.3114907167351572,0.0686036625068255,0.5543777709634888,0.5217391304347826,0.4782608695652174,25
R009,23,0.3022731821358404,0.0587080882693822,0.5458382760022986,0.68,0.3199999999999999,25
R009,24,0.2959513986365374,0.0516645078331189,0.5402382894399559,0.56,0.4399999999999999,25
R010,1,-0.6977943696090155,-1.0299168663824771,-0.3656718728355539,0.6666666666666666,0.3333333333333333,1
R010,2,-0.7158010116291632,-1.0474250711471496,-0.384176952111177,0.9,0.0999999999999999,5
R010,3,-0.7322192260914477,-1.0634070788407448,-0.4010313733421505,0.88,0.12,0
R010,4,-0.751743311964628,-1.082528379342162,-0.4209582445870937,0.9,0.0999999999999999,5
R010,5,-0.7640301926115787,-1.09445863110659,-0.4336017541165672,0.7777777777777778,0.2222222222222222,7
R010,6,-0.7858567290215104,-1.116013774953393,-0.4556996830896279,1.0,0.0,4
R010,7,-0.8086693651273936,-1.1385565816130232,-0.478782148641764,1.0,0.0,3
R010,8,-0.8252926504790724,-1.1549339539491226,-0.4956513470090222,0.8636363636363636,0.1363636363636363,3
R010,9,-0.8439063914340743,-1.173348049490058,-0.5144647333780904,0.95,0.05,5
R010,10,-0.8614055315763648,-1.1906765395864791,-0.5321345235662505,0.8947368421052632,0.1052631578947368,6
R010,11,-0.8840365816898267,-1.21319043402368,-0.5548827293559734,1.0,0.0,4
R010,12,-0.9053577076756282,-1.2344237198774342,-0.5762916954738222,1.0,0.0,8
R010,13,-0.9224948916583118,-1.2515386628908003,-0.5934511204258233,0.8947368421052632,0.1052631578947368,6
R010,14,-0.9396729512969688,-1.2687598150546635,-0.6105860875392743,0.8636363636363636,0.1363636363636363,3
R010,15,-0.9609765436295348,-1.2901514789024524,-0.6318016083566174,0.9473684210526316,0.0526315789473684,6
R010,16,-0.983661588003238,-1.3129814823093957,-0.6543416936970803,1.0,0.0,7
R010,17,-1.0022328901339728,-1.3317566870491682,-0.6727090932187774,0.8888888888888888,0.1111111111111111,7
R010,18,-1.0240378379603468,-1.3538408239678346,-0.694234851952859,1.0,0.0,6
R010,19,-1.0470461565428066,-1.3771836323054911,-0.7169086807801222,1.0,0.0,1
R010,20,-1.0676540000420358,-1.398135605024737,-0.7371723950593345,1.0,0.0,6
R010,21,-1.087266605938951,-1.4181466159812244,-0.7563865958966778,0.95,0.05,5
R010,22,-1.1076783977459013,-1.438958552382113,-0.7763982431096897,1.0,0.0,7
R010,23,-1.1268311398658948,-1.4585774460643235,-0.7950848336674659,0.95,0.05,5
R010,24,-1.1450166875272705,-1.4772793951522811,-0.8127539799022593,0.95,0.05,5
R011,1,0.1822423548748485,-0.1380049797199817,0.5024896894696789,0.1818181818181818,0.8181818181818181,3
R011,2,0.1893830660394788,-0.1303234713562959,0.5090896034352537,0.2083333333333333,0.7916666666666666,1
R011,3,0.1953514528446517,-0.1238450591779198,0.5145479648672234,0.25,0.75,1
R011,4,0.1953084867828534,-0.1234919603090096,0.5141089338747166,0.4782608695652174,0.5217391304347826,2
R011,5,0.1914334356773649,-0.1269867716100052,0.5098536429647351,0.56,0.4399999999999999,0
R011,6,0.1910587306866425,-0.1270111006145043,0.5091285619877894,0.4583333333333333,0.5416666666666667,1
R011,7,0.1972620491137304,-0.1205103452703343,0.5150344434977951,0.28,0.72,0
R011,8,0.2005887195099456,-0.1169066319090852,0.5180840709289765,0.375,0.625,1
R011,9,0.2055648352519737,-0.11168420788639,0.5228138783903374,0.3636363636363636,0.6363636363636364,3
R011,10,0.2079723762809909,-0.1091433903496776,0.5250881429116595,0.3636363636363636,0.6363636363636364,3
R011,11,0.2094409631602016,-0.1075685611647159,0.5264504874851192,0.36,0.64,0
R011,12,0.2095447658726642,-0.1074591095325403,0.5265486412778688,0.4583333333333333,0.5416666666666667,1
R011,13,0.2115983297180333,-0.1054984379779642,0.528695097414031,0.4285714285714285,0.5714285714285714,4
R011,14,0.2080465235625075,-0.1091579211066953,0.5252509682317104,0.5416666666666666,0.4583333333333333,1
R011,15,0.2133029439894699,-0.1040623742118261,0.5306682621907659,0.35,0.65,5
R011,16,0.209866941951424,-0.1076902802603597,0.5274241641632078,0.52,0.48,0
R011,17,0.2078598149707498,-0.1099391800929599,0.5256588100344596,0.5217391304347826,0.4782608695652174,2
R011,18,0.2158291257932108,-0.1022563894401487,0.5339146410265705,0.217391304347826,0.782608695652174,2
R011,19,0.2100745786954218,-0.1083270222692166,0.5284761796600603,0.6086956521739131,0.3913043478260869,2
R011,20,0.2071467904419289,-0.1116283917037403,0.5259219725875983,0.5,0.5,1
R011,21,0.2013004609432768,-0.1179022185551511,0.5205031404417046,0.6086956521739131,0.3913043478260869,2
R011,22,0.1986118738756344,-0.1210512797129093,0.5182750274641781,0.52,0.48,0
R011,23,0.1895622934924138,-0.1306466582784571,0.509771245263285,0.6956521739130435,0.3043478260869565,2
R011,24,0.1805511057739546,-0.1402050588429196,0.5013072703908289,0.5652173913043478,0.4347826086956522,2
R012,1,0.0261614662917097,-0.447533963757459,0.4998568963408786,0.72,0.28,0
R012,2,0.0176182870724774,-0.4556790783185395,0.4909156524634945,0.6666666666666666,0.3333333333333333,1
R012,3,0.0040448625077788,-0.4688725847636346,0.4769623097791922,0.782608695652174,0.217391304347826,2
R012,4,-0.0073746630180727,-0.4799556723141449,0.4652063462779993,0.75,0.25,1
R012,5,-0.0165443685074868,-0.4888277885394055,0.4557390515244318,0.6363636363636364,0.3636363636363636,3
R012,6,-0.0344594930813925,-0.5065139894554753,0.4375950032926903,0.875,0.125,1
R012,7,-0.0437958718639042,-0.515624789013327,0.4280330452855186,0.6666666666666666,0.3333333333333333,1
R012,8,-0.0580983800963295,-0.5297327947194825,0.4135360345268235,0.8333333333333334,0.1666666666666666,1
R012,9,-0.0755380159904957,-0.547018886728323,0.3959428547473315,0.85,0.15,5
R012,10,-0.0894943954778725,-0.5608826444836857,0.3818938535279407,0.8571428571428571,0.1428571428571429,4
R012,11,-0.1101939712938312,-0.5815038410161708,0.3611158984285084,0.9565217391304348,0.0434782608695651,2
R012,12,-0.125635799530096,-0.5969031805971265,0.3456315815369345,0.7916666666666666,0.2083333333333333,1
R012,13,-0.1444584711563658,-0.6157449578731532,0.3268280155604215,0.9130434782608696,0.0869565217391304,2
R012,14,-0.1636314061163111,-0.6349924853250788,0.3077296730924565,0.9166666666666666,0.0833333333333333,1
R012,15,-0.1803504234360554,-0.6518294694594903,0.2911286225873795,0.8421052631578947,0.1578947368421053,6
R012,16,-0.2012771462901169,-0.6729809884907192,0.2704266959104852,0.9565217391304348,0.0434782608695651,2
R012,17,-0.2166742696520543,-0.6886070315627357,0.2552584922586269,0.8333333333333334,0.1666666666666666,1
R012,18,-0.2320214144984321,-0.7042355724180764,0.2401927434212121,0.8260869565217391,0.1739130434782608,2
R012,19,-0.2507606887977969,-0.7232934847613169,0.2217721071657231,0.9166666666666666,0.0833333333333333,1
R012,20,-0.2728741882448891,-0.7457289549875838,0.1999805784978055,1.0,0.0,0
R012,21,-0.2953909555105711,-0.7685707174380358,0.1777888064168934,1.0,0.0,1
R012,22,-0.3163366387806353,-0.7898446062271913,0.1571713286659206,0.9565217391304348,0.0434782608695651,2
R012,23,-0.3389863889062976,-0.812857188762921,0.1348844109503257,1.0,0.0,3
R012,24,-0.3606774515076907,-0.8349465014280312,0.1135915984126496,0.96,0.04,0
R013,1,-0.1919021583681225,-0.3904748160922398,0.0066704993559948,0.6190476190476191,0.3809523809523809,25
R013,2,-0.2016186883720375,-0.3993229940800246,-0.0039143826640504,0.7083333333333334,0.2916666666666666,25
R013,3,-0.2071940324852425,-0.4041049779906575,-0.0102830869798275,0.6190476190476191,0.3809523809523809,25
R013,4,-0.2146434176574704,-0.4108091753064547,-0.0184776600084861,0.6521739130434783,0.3478260869565217,25
R013,5,-0.2243889817602596,-0.4199179025047805,-0.0288600610157387,0.72,0.28,25
R013,6,-0.2351322285386587,-0.4300859101976015,-0.0401785468797158,0.7083333333333334,0.2916666666666666,25
R013,7,-0.2340788715276532,-0.4285186633908285,-0.0396390796644779,0.4347826086956521,0.5652173913043479,25
R013,8,-0.2425807353045621,-0.4366138720450898,-0.0485475985640343,0.6956521739130435,0.3043478260869565,25
R013,9,-0.2494755006171785,-0.443202849906988,-0.0557481513273689,0.6363636363636364,0.3636363636363636,25
R013,10,-0.2605972283561426,-0.4540918700314915,-0.0671025866807936,0.72,0.28,25
R013,11,-0.270712577160046,-0.4640751383377574,-0.0773500159823346,0.7083333333333334,0.2916666666666666,25
R013,12,-0.2874377010349271,-0.4807151242887608,-0.0941602777810933,0.8695652173913043,0.1304347826086956,25
R013,13,-0.2978520212955621,-0.4911370319637861,-0.104567010627338,0.7391304347826086,0.2608695652173913,25
R013,14,-0.309263210166295,-0.5026393934667065,-0.1158870268658835,0.75,0.25,25
R013,15,-0.3178369107385327,-0.5114185199196589,-0.1242553015574065,0.7083333333333334,0.2916666666666666,25
R013,16,-0.3310215847079066,-0.5248923548914377,-0.1371508145243756,0.8,0.1999999999999999,25
R013,17,-0.3419952729321703,-0.5362390975712816,-0.1477514482930591,0.76,0.24,25
R013,18,-0.3568884243655335,-0.551589338794636,-0.162187509936431,0.8333333333333334,0.1666666666666666,25
R013,19,-0.3735731979804368,-0.568815541511134,-0.1783308544497396,0.875,0.125,25
R013,20,-0.3910621141764329,-0.5869397419072944,-0.1951844864455715,0.875,0.125,25
R013,21,-0.4023539576015928,-0.5989146789178903,-0.2057932362852954,0.7391304347826086,0.2608695652173913,25
R013,22,-0.4161129176524968,-0.613389257767956,-0.2188365775370375,0.8,0.1999999999999999,25
R013,23,-0.4319028693388281,-0.6299571440444716,-0.2338485946331846,0.8695652173913043,0.1304347826086956,25
R013,24,-0.4427606633557018,-0.6417025307635827,-0.2438187959478208,0.72,0.28,25
R014,1,0.0196077373369184,-0.307100311518324,0.3463157861921609,0.5,0.5,1
R014,2,0.0182558571284011,-0.3079572836355495,0.3444689978923517,0.5238095238095238,0.4761904761904761,4
R014,3,0.0090011688247286,-0.3167952221529566,0.3347975598024138,0.75,0.25,5
R014,4,0.0083169279275053,-0.3170933769680603,0.3337272328230709,0.5,0.5,5
R014,5,0.0071040317631425,-0.3179517201947776,0.3321597837210626,0.5238095238095238,0.4761904761904761,4
R014,6,0.0007467900935193,-0.3239984716126666,0.3254920517997053,0.6190476190476191,0.3809523809523809,4
R014,7,-0.0018303764560426,-0.3263218082043191,0.3226610552922339,0.5238095238095238,0.4761904761904761,4
R014,8,-0.0029745651843281,-0.3272136855251544,0.321264555156498,0.4761904761904761,0.5238095238095238,4
R014,9,-0.0126080231065873,-0.3366627033646548,0.31144665715148,0.7083333333333334,0.2916666666666666,1
R014,10,-0.0245745534315744,-0.3484850401479235,0.2993359332847746,0.7368421052631579,0.2631578947368421,6
R014,11,-0.0351533813188769,-0.3590029750017231,0.2886962123639692,0.75,0.25,5
R014,12,-0.0433590122874173,-0.3672010409200364,0.2804830163452018,0.65,0.35,5
R014,13,-0.0512182695639402,-0.375139482248784,0.2727029431209036,0.6470588235294118,0.3529411764705882,8
R014,14,-0.0567415576359417,-0.3807994244473739,0.2673163091754903,0.5882352941176471,0.4117647058823529,8
R014,15,-0.072526675073285,-0.3968161362969877,0.2517627861504177,0.8947368421052632,0.1052631578947368,6
R014,16,-0.0838489523052034,-0.4083715152248431,0.2406736106144363,0.7368421052631579,0.2631578947368421,6
R014,17,-0.0927282632164813,-0.4175174550507286,0.2320609286177659,0.6666666666666666,0.3333333333333333,4
R014,18,-0.1069515883517471,-0.43207716063787,0.2181739839343757,0.7727272727272727,0.2272727272727273,3
R014,19,-0.1259495906381671,-0.4514165893102649,0.1995174080339307,0.9047619047619048,0.0952380952380952,4
R014,20,-0.1421987471128399,-0.4680577366409383,0.1836602424152585,0.8571428571428571,0.1428571428571429,4
R014,21,-0.1573586040740248,-0.4836385333138623,0.1689213251658127,0.7894736842105263,0.2105263157894736,6
R014,22,-0.1659335010950081,-0.4926778178815711,0.1608108156915549,0.6666666666666666,0.3333333333333333,4
R014,23,-0.1810169294708361,-0.5082560323071663,0.146222173365494,0.8181818181818182,0.1818181818181817,3
R014,24,-0.2018836041549317,-0.529675313400797,0.1259081050909336,1.0,0.0,4
R015,1,-0.0207809150301691,-0.3293772969167348,0.2878154668563966,0.48,0.52,0
R015,2,-0.0244778831553952,-0.3325439493478697,0.2835881830370792,0.56,0.4399999999999999,0
R015,3,-0.024169788335943,-0.3317874491488525,0.2834478724769665,0.5,0.5,3
R015,4,-0.0333298990169624,-0.3405285955244586,0.2738687974905336,0.6818181818181818,0.3181818181818182,3
R015,5,-0.0281219567616706,-0.3349631260791706,0.2787192125558294,0.3478260869565217,0.6521739130434783,2
R015,6,-0.0306020417250221,-0.3371577468320318,0.2759536633819875,0.5416666666666666,0.4583333333333333,1
R015,7,-0.0301465172493664,-0.3364862797084985,0.2761932452097657,0.4782608695652174,0.5217391304347826,2
R015,8,-0.0264024739665338,-0.3326141074267745,0.2798091594937067,0.32,0.6799999999999999,0
R015,9,-0.0236275057040351,-0.3297906589559112,0.282535647547841,0.4,0.6,5
R015,10,-0.0236572004862529,-0.3298646444177712,0.2825502434452653,0.48,0.52,0
R015,11,-0.0292529229195724,-0.3355778398067921,0.2770719939676472,0.6,0.4,0
R015,12,-0.0381314733456514,-0.3446002134581477,0.2683372667668447,0.68,0.3199999999999999,0
R015,13,-0.042587917675333,-0.3492017896643407,0.2640259543136745,0.56,0.4399999999999999,0
R015,14,-0.0516733056094178,-0.3584719146966185,0.2551253034777828,0.7083333333333334,0.2916666666666666,1
R015,15,-0.0614717780109149,-0.3684670728053826,0.2455235167835527,0.72,0.28,0
R015,16,-0.0615643322270576,-0.3687579152483823,0.245629250794267,0.4545454545454545,0.5454545454545454,3
R015,17,-0.069778616915941,-0.3772284189079308,0.2376711850760487,0.6666666666666666,0.3333333333333333,1
R015,18,-0.0793044310138563,-0.3870586495204193,0.2284497874927066,0.68,0.3199999999999999,0
R015,19,-0.084422005404449,-0.3924822263192527,0.2236382155103546,0.5652173913043478,0.4347826086956522,2
R015,20,-0.0880800732375777,-0.3965083025297778,0.2203481560546223,0.56,0.4399999999999999,0
R015,21,-0.0933308192047805,-0.4021937083943833,0.2155320699848222,0.5833333333333334,0.4166666666666666,1
R015,22,-0.103375443294565,-0.4127016670020985,0.2059507804129684,0.7083333333333334,0.2916666666666666,1
R015,23,-0.1033502134938746,-0.4131679538467777,0.2064675268590284,0.4545454545454545,0.5454545454545454,3
R015,24,-0.1096134689049509,-0.4199970229789882,0.2007700851690862,0.5833333333333334,0.4166666666666666,1
R016,1,0.2556792104963051,-0.172002410355157,0.6833608313477674,0.625,0.375,1
R016,2,0.2484876426064341,-0.1787837964642191,0.6757590816770874,0.6,0.4,0
R016,3,0.2397072853764767,-0.1872237354699292,0.6666383062228827,0.6666666666666666,0.3333333333333333,1
R016,4,0.2304341332385097,-0.1961969069457914,0.657065173422811,0.6521739130434783,0.3478260869565217,2
R016,5,0.2195990471276922,-0.2067733348433566,0.6459714290987411,0.7083333333333334,0.2916666666666666,1
R016,6,0.2186000936893216,-0.207551468618732,0.6447516559973752,0.4782608695652174,0.5217391304347826,2
R016,7,0.2134209801228194,-0.2126094844722313,0.6394514447178701,0.6,0.4,0
R016,8,0.2091438278369631,-0.2168383942686082,0.6351260499425346,0.5652173913043478,0.4347826086956522,2
R016,9,0.1957984349846093,-0.2302064309511088,0.6218033009203274,0.782608695652174,0.217391304347826,2
R016,10,0.1839564789746061,-0.2420739202545093,0.6099868782037215,0.7619047619047619,0.2380952380952381,4
R016,11,0.1718860659370075,-0.2542104659667559,0.5979825978407711,0.7083333333333334,0.2916666666666666,1
R016,12,0.1605103206110232,-0.265710369686796,0.5867310109088425,0.7272727272727273,0.2727272727272727,3
R016,13,0.1434100062257395,-0.2829408112442509,0.5697608236957299,0.8695652173913043,0.1304347826086956,2
R016,14,0.1267028363083609,-0.299814407749989,0.5532200803667109,0.88,0.12,0
R016,15,0.1129685248544101,-0.3137184710259363,0.5396555207347566,0.7916666666666666,0.2083333333333333,1
R016,16,0.0981076335000878,-0.3287520135419394,0.5249672805421151,0.7727272727272727,0.2272727272727273,3
R016,17,0.0815403866465981,-0.3455558184900825,0.5086365917832788,0.8695652173913043,0.1304347826086956,2
R016,18,0.0634343876093319,-0.3639056930241606,0.4907744682428244,0.88,0.12,0
R016,19,0.0482726698602541,-0.3793153644210151,0.4758607041415235,0.8333333333333334,0.1666666666666666,1
R016,20,0.0282553461487465,-0.3996372156228306,0.4561479079203238,0.95,0.05,5
R016,21,0.0083368645525673,-0.4199213702054076,0.4365950993105423,0.9565217391304348,0.0434782608695651,2
R016,22,-0.0085268827160081,-0.4371839379581317,0.4201301725261155,0.88,0.12,0
R016,23,-0.0270423785541792,-0.4561060184028854,0.402021261294527,0.8695652173913043,0.1304347826086956,2
R016,24,-0.0481087094326738,-0.4776154115557492,0.3813979926904015,0.9565217391304348,0.0434782608695651,2
R017,1,0.2497487950061538,0.0271529259814393,0.4723446640308683,0.4347826086956521,0.5652173913043479,25
R017,2,0.2463815470578476,0.0245736249709982,0.468189469144697,0.5,0.5,25
R017,3,0.236808277255308,0.0157495021695577,0.4578670523410583,0.68,0.3199999999999999,25
R017,4,0.2316268125594547,0.0112785667244517,0.4519750583944577,0.5652173913043478,0.4347826086956522,25
R017,5,0.2238638787441751,0.0041877093742538,0.4435400481140964,0.6666666666666666,0.3333333333333333,25
R017,6,0.2167860874544886,-0.0022892716806954,0.4358614465896726,0.6,0.4,25
R017,7,0.2076704971553073,-0.0108889501632381,0.4262299444738529,0.6666666666666666,0.3333333333333333,25
R017,8,0.1973246230312276,-0.0207897548402144,0.4154390009026697,0.6956521739130435,0.3043478260869565,25
R017,9,0.1933988587703559,-0.0243256112484013,0.4111233287891133,0.52,0.48,25
R017,10,0.1861503816520162,-0.0312804809008828,0.4035812442049152,0.6363636363636364,0.3636363636363636,25
R017,11,0.1867437969364268,-0.03047757654691,0.4039651704197637,0.4090909090909091,0.5909090909090908,25
R017,12,0.1732848295096988,-0.0437819137813083,0.390351572800706,0.7083333333333334,0.2916666666666666,25
R017,13,0.1616530252196116,-0.0553139032222242,0.3786199536614476,0.72,0.28,25
R017,14,0.1531186222744295,-0.0638324080364273,0.3700696525852864,0.7272727272727273,0.2727272727272727,25
R017,15,0.1380739999979793,-0.0789570060067284,0.3551050060026871,0.8260869565217391,0.1739130434782608,25
R017,16,0.1294226145325925,-0.0877723467759342,0.3466175758411194,0.6666666666666666,0.3333333333333333,25
R017,17,0.1229309042625194,-0.094498293637667,0.3403601021627058,0.5833333333333334,0.4166666666666666,25
R017,18,0.1051677741205585,-0.1125334148942354,0.3228689631353526,0.875,0.125,25
R017,19,0.0844755252905928,-0.1335818943845414,0.3025329449657272,0.9583333333333334,0.0416666666666666,25
R017,20,0.0688957465983269,-0.1496247856828378,0.2874162788794917,0.8181818181818182,0.1818181818181817,25
R017,21,0.0631408067631383,-0.1559499593359257,0.2822315728622024,0.56,0.4399999999999999,25
R017,22,0.0522830663587027,-0.1674748851298683,0.2720410178472739,0.6956521739130435,0.3043478260869565,25
R017,23,0.0408634565758045,-0.1796329755842954,0.2613598887359044,0.75,0.25,25
R017,24,0.0232486902847539,-0.198057804256056,0.244555184825564,0.875,0.125,25
R018,1,-0.6326518039194575,-0.9431131669987868,-0.3221904408401281,0.5333333333333333,0.4666666666666667,10
R018,2,-0.6434829066021759,-0.953427566781928,-0.3335382464224239,0.7272727272727273,0.2727272727272727,3
R018,3,-0.6612871713177204,-0.9707640521666726,-0.3518102904687682,0.8695652173913043,0.1304347826086956,2
R018,4,-0.6735612509248763,-0.9825716231659812,-0.3645508786837712,0.75,0.25,5
R018,5,-0.682308875926938,-0.9908811735438832,-0.3737365783099928,0.6363636363636364,0.3636363636363636,3
R018,6,-0.7019001674210454,-1.010110374633021,-0.3936899602090702,0.9166666666666666,0.0833333333333333,1
R018,7,-0.7148530915188428,-1.0227227362459617,-0.4069834467917239,0.7368421052631579,0.2631578947368421,6
R018,8,-0.7257260051771338,-1.0333309080590327,-0.418121102295235,0.7142857142857143,0.2857142857142857,4
R018,9,-0.7410964511025175,-1.0485148343893695,-0.4336780678156655,0.8,0.1999999999999999,5
R018,10,-0.7536842526482668,-1.060961479559206,-0.4464070257373275,0.7391304347826086,0.2608695652173913,2
R018,11,-0.7696769471805271,-1.0768679234970802,-0.4624859708639742,0.8421052631578947,0.1578947368421053,6
R018,12,-0.7805289469102664,-1.0877014397163074,-0.4733564541042254,0.7142857142857143,0.2857142857142857,4
R018,13,-0.7972297717523374,-1.1044582183512135,-0.4900013251534612,0.8181818181818182,0.1818181818181817,3
R018,14,-0.8165954183493114,-1.1239291996778833,-0.5092616370207395,0.9473684210526316,0.0526315789473684,6
R018,15,-0.8291326165184195,-1.1366314691183406,-0.5216337639184985,0.7222222222222222,0.2777777777777778,7
R018,16,-0.8462951332671812,-1.1540270510579351,-0.538563215476427,0.8695652173913043,0.1304347826086956,2
R018,17,-0.8645878856650986,-1.1725934747408835,-0.5565822965893137,0.8571428571428571,0.1428571428571429,4
R018,18,-0.8838495060472326,-1.1921759010690904,-0.5755231110253747,0.9473684210526316,0.0526315789473684,6
R018,19,-0.8997454186181143,-1.2084483861677886,-0.5910424510684399,0.8823529411764706,0.1176470588235294,8
R018,20,-0.918279231471145,-1.227438367948097,-0.6091200949941933,0.9090909090909092,0.0909090909090909,3
R018,21,-0.9381045084283152,-1.2477586314698073,-0.628450385386823,0.9545454545454546,0.0454545454545454,3
R018,22,-0.958429980262619,-1.2686034639521058,-0.6482564965731323,0.95,0.05,5
R018,23,-0.976857110084958,-1.2875922446231818,-0.6661219755467342,0.8947368421052632,0.1052631578947368,6
R018,24,-0.9991634733989128,-1.310487946819231,-0.6878389999785945,1.0,0.0,5
R019,1,0.0007862606092228,-0.4316476123885743,0.43322013360702,0.7916666666666666,0.2083333333333333,1
R019,2,-0.0067708281541766,-0.4387998257325783,0.425258169424225,0.6521739130434783,0.3478260869565217,2
R019,3,-0.0211073228371265,-0.452785293497325,0.4105706478230719,0.7619047619047619,0.2380952380952381,4
R019,4,-0.0366723873553238,-0.468025535698883,0.3946807609882354,0.8260869565217391,0.1739130434782608,2
R019,5,-0.0413515486964509,-0.4724179435923722,0.3897148461994703,0.6086956521739131,0.3913043478260869,2
R019,6,-0.0564196545711822,-0.4872022593340529,0.3743629501916884,0.8095238095238095,0.1904761904761904,4
R019,7,-0.066171302080878,-0.4967143201807558,0.3643717160189996,0.68,0.3199999999999999,0
R019,8,-0.0738053759255276,-0.5041681591141549,0.3565574072630996,0.6818181818181818,0.3181818181818182,3
R019,9,-0.0865685023828207,-0.5167941920389776,0.343657187273336,0.75,0.25,1
R019,10,-0.0991818033500185,-0.5292931434668322,0.330929536766795,0.8,0.1999999999999999,0
R019,11,-0.1146325586593375,-0.5447005424479778,0.3154354251293028,0.8181818181818182,0.1818181818181817,3
R019,12,-0.130257042475353,-0.5603129519599999,0.2997988670092937,0.8571428571428571,0.1428571428571429,4
R019,13,-0.1427952407071755,-0.5729205801328026,0.2873300987184513,0.7916666666666666,0.2083333333333333,1
R019,14,-0.1559665577520909,-0.5862262078044795,0.2742930923002975,0.8181818181818182,0.1818181818181817,3
R019,15,-0.1709683674169886,-0.6014457083505187,0.2595089735165414,0.8260869565217391,0.1739130434782608,2
R019,16,-0.1877806791606283,-0.6184792959705584,0.2429179376493016,0.8333333333333334,0.1666666666666666,1
R019,17,-0.2094991080670894,-0.6404539930358218,0.221455776901643,1.0,0.0,2
R019,18,-0.2303825204858261,-0.6616096457215972,0.2008446047499449,0.9565217391304348,0.0434782608695651,2
R019,19,-0.2460181293230978,-0.6775505130383465,0.1855142543921508,0.8695652173913043,0.1304347826086956,2
R019,20,-0.2648899039148344,-0.6967397863485179,0.1669599785188489,0.9166666666666666,0.0833333333333333,1
R019,21,-0.2862623446432473,-0.718440217328949,0.1459155280424543,0.9545454545454546,0.0454545454545454,3
R019,22,-0.304830119495331,-0.7373709639143133,0.1277107249236512,0.9130434782608696,0.0869565217391304,2
R019,23,-0.3260073009177716,-0.7589140949593753,0.1068994931238321,1.0,0.0,4
R019,24,-0.3466668842729645,-0.7799969974494808,0.0866632289035518,0.96,0.04,0
R020,1,-0.3425441299562738,-0.8339318084627434,0.1488435485501957,0.875,0.125,1
R020,2,-0.353733981144727,-0.8447538986463579,0.1372859363569038,0.6818181818181818,0.3181818181818182,3
R020,3,-0.3626773341241742,-0.85343124169557,0.1280765734472215,0.6666666666666666,0.3333333333333333,4
R020,4,-0.381062839580669,-0.8716190103774744,0.1094933312161364,0.88,0.12,0
R020,5,-0.4034886614515178,-0.8938820121232673,0.0869046892202315,1.0,0.0,1
R020,6,-0.4233952200143268,-0.9136441096180764,0.0668536695894226,0.9583333333333334,0.0416666666666666,1
R020,7,-0.4397695355462995,-0.929896744525066,0.0503576734324667,0.8095238095238095,0.1904761904761904,4
R020,8,-0.4587016943316099,-0.9487971140247924,0.0313937253615725,0.9166666666666666,0.0833333333333333,1
R020,9,-0.479013442192171,-0.9690821927638048,0.0110553083794626,0.9166666666666666,0.0833333333333333,1
R020,10,-0.4992646445329095,-0.989336729121392,-0.0091925599444271,0.9583333333333334,0.0416666666666666,1
R020,11,-0.5224268965997384,-1.0125094331692162,-0.0323443600302605,1.0,0.0,1
R020,12,-0.5442771378198863,-1.0343748836971214,-0.054179391942651,0.9565217391304348,0.0434782608695651,2
R020,13,-0.5629928001285912,-1.053111236118402,-0.0728743641387802,0.9565217391304348,0.0434782608695651,2
R020,14,-0.5843869424685455,-1.074576167489688,-0.0941977174474031,1.0,0.0,1
R020,15,-0.6060256582397245,-1.0962974187338783,-0.1157538977455707,0.96,0.04,0
R020,16,-0.6264112581131627,-1.1167709484949078,-0.1360515677314174,0.9583333333333334,0.0416666666666666,1
R020,17,-0.6488397904704061,-1.139320687629727,-0.158358893311085,1.0,0.0,4
R020,18,-0.6626482256844086,-1.1532902723095977,-0.1720061790592197,0.8,0.1999999999999999,0
R020,19,-0.6785979130714441,-1.1694634725793338,-0.1877323535635545,0.7916666666666666,0.2083333333333333,1
R020,20,-0.699625901634804,-1.1907763883617584,-0.2084754149078496,0.9545454545454546,0.0454545454545454,3
R020,21,-0.7212917484944629,-1.2127816957007536,-0.2298018012881721,0.96,0.04,0
R020,22,-0.7403614124911544,-1.2321948426181497,-0.2485279823641593,0.9583333333333334,0.0416666666666666,1
R020,23,-0.7620460844991414,-1.254260247584265,-0.2698319214140177,1.0,0.0,0
R020,24,-0.7840923234184551,-1.2766905014159091,-0.291494145421001,1.0,0.0,1
R021,1,0.1782758604722844,-0.0611187079562862,0.4176704289008551,0.217391304347826,0.782608695652174,25
R021,2,0.1877636642325143,-0.0509379681596298,0.4264652966246586,0.24,0.76,25
R021,3,0.2003501995231924,-0.0377369913932671,0.438437390439652,0.1666666666666666,0.8333333333333334,25
R021,4,0.2159409367877724,-0.0216251114552719,0.4535069850308168,0.08,0.92,25
R021,5,0.2258556303897513,-0.0112823543997315,0.4629936151792342,0.1904761904761904,0.8095238095238095,25
R021,6,0.2404570625363457,0.0037254477240119,0.4771886773486794,0.0869565217391304,0.9130434782608696,25
R021,7,0.2528299903069231,0.0163989164785484,0.4892610641352978,0.1666666666666666,0.8333333333333334,25
R021,8,0.2561806296928486,0.0199724454274979,0.4923888139581993,0.391304347826087,0.6086956521739131,25
R021,9,0.2593791710482446,0.0233162928331909,0.4954420492632984,0.4,0.6,25
R021,10,0.2672342505457898,0.0312559304445913,0.5032125706469883,0.2608695652173913,0.7391304347826086,25
R021,11,0.2731889397622126,0.0372531057857731,0.5091247737386521,0.3043478260869565,0.6956521739130435,25
R021,12,0.2780585108565406,0.0420597478615193,0.514057273851562,0.32,0.6799999999999999,25
R021,13,0.2837237429283468,0.0476405099936805,0.5198069758630132,0.3043478260869565,0.6956521739130435,25
R021,14,0.2923391153138361,0.0561106697981532,0.528567560829519,0.2608695652173913,0.7391304347826086,25
R021,15,0.3058759375670721,0.0693855917571531,0.5423662833769911,0.125,0.875,25
R021,16,0.317025950707703,0.0802128459693553,0.5538390554460506,0.16,0.84,25
R021,17,0.3239273051371318,0.0866744025698115,0.5611802077044521,0.2916666666666667,0.7083333333333333,25
R021,18,0.3271660612134687,0.0894122649268573,0.5649198575000802,0.3636363636363636,0.6363636363636364,25
R021,19,0.3335185180535903,0.095185640472048,0.5718513956351325,0.3333333333333333,0.6666666666666667,25
R021,20,0.333387094107293,0.0944532809116739,0.5723209073029122,0.4583333333333333,0.5416666666666667,25
R021,21,0.3395601051506851,0.0999637530358383,0.5791564572655318,0.32,0.6799999999999999,25
R021,22,0.3431091656061015,0.1028073997824396,0.5834109314297634,0.3333333333333333,0.6666666666666667,25
R021,23,0.3519346183623508,0.1108844069896303,0.5929848297350713,0.2083333333333333,0.7916666666666666,25
R021,24,0.3578167331823496,0.1159958496440347,0.5996376167206645,0.3636363636363636,0.6363636363636364,25
R022,1,0.2802856751381497,-0.0688065293399975,0.629377879616297,0.55,0.4499999999999999,5
R022,2,0.2719564589157203,-0.0766211538263602,0.6205340716578008,0.65,0.35,5
R022,3,0.2666743056092523,-0.081466131262537,0.6148147424810417,0.5909090909090909,0.409090909090909,3
R022,4,0.2557761643175954,-0.0919602906287631,0.6035126192639539,0.75,0.25,5
R022,5,0.2431552084798265,-0.1042101148349735,0.5905205317946265,0.7619047619047619,0.2380952380952381,4
R022,6,0.2437594591715029,-0.1032513695406366,0.5907702878836425,0.45,0.55,5
R022,7,0.2326274423373097,-0.1141319575105039,0.5793868421851234,0.6956521739130435,0.3043478260869565,2
R022,8,0.2211583768456722,-0.125380992524106,0.5676977462154504,0.7777777777777778,0.2222222222222222,7
R022,9,0.2065955986135439,-0.1397924121955458,0.5529836094226338,0.7727272727272727,0.2272727272727273,3
R022,10,0.1980353426173698,-0.1482450451815162,0.5443157304162558,0.6521739130434783,0.3478260869565217,2
R022,11,0.1919308448359006,-0.1542781559372011,0.5381398456090024,0.6,0.4,5
R022,12,0.1818867368394932,-0.1642808056850588,0.5280542793640453,0.7,0.3,5
R022,13,0.1718935574506412,-0.174308753028664,0.5180958679299466,0.6666666666666666,0.3333333333333333,7
R022,14,0.1639112432954954,-0.1823750905447747,0.5101975771357656,0.65,0.35,5
R022,15,0.15010445018066,-0.1963245187956777,0.4965334191569978,0.75,0.25,5
R022,16,0.1329108534590908,-0.2137134935629666,0.4795352004811483,0.8636363636363636,0.1363636363636363,3
R022,17,0.1172161902101131,-0.2296509714292896,0.4640833518495159,0.8333333333333334,0.1666666666666666,7
R022,18,0.1040570702317178,-0.2430851089505324,0.4511992494139681,0.75,0.25,5
R022,19,0.090719436496641,-0.2567696358684305,0.4382085088617126,0.7619047619047619,0.2380952380952381,4
R022,20,0.0724418061406038,-0.2753961706866327,0.4202797829678403,0.8888888888888888,0.1111111111111111,7
R022,21,0.0538872393860233,-0.2943321766629047,0.4021066554349514,0.95,0.05,5
R022,22,0.0391086428809714,-0.3095464360129215,0.3877637217748644,0.875,0.125,9
R022,23,0.0194384551273474,-0.3296856172345259,0.3685625274892208,0.9444444444444444,0.0555555555555555,7
R022,24,-0.0016889304266221,-0.3513304051788143,0.3479525443255701,0.95,0.05,5
R023,1,-0.0581306776266496,-0.4271829834105233,0.3109216281572239,0.5652173913043478,0.4347826086956522,2
R023,2,-0.0614724681768582,-0.4300681788905917,0.3071232425368753,0.4782608695652174,0.5217391304347826,2
R023,3,-0.071315334292627,-0.4395388970524482,0.296908228467194,0.6521739130434783,0.3478260869565217,2
R023,4,-0.079216254768296,-0.4471170809233349,0.2886845713867428,0.6363636363636364,0.3636363636363636,3
R023,5,-0.0869639336300832,-0.4546030213088215,0.280675154048655,0.68,0.3199999999999999,0
R023,6,-0.1013478194034593,-0.4687464489684952,0.2660508101615766,0.8,0.1999999999999999,0
R023,7,-0.1088201610932889,-0.4759884727724357,0.2583481505858577,0.64,0.36,0
R023,8,-0.1145414911061703,-0.481513346299618,0.2524303640872773,0.5909090909090909,0.409090909090909,3
R023,9,-0.1247984390738875,-0.4916356884166638,0.2420388102688886,0.7391304347826086,0.2608695652173913,2
R023,10,-0.138266852925101,-0.5050441818205431,0.2285104759703412,0.75,0.25,1
R023,11,-0.1502347395814731,-0.516996930618984,0.2165274514560376,0.7916666666666666,0.2083333333333333,1
R023,12,-0.1595373414299886,-0.5263174282164026,0.2072427453564254,0.64,0.36,0
R023,13,-0.1670001866955439,-0.5338003250132028,0.1997999516221149,0.6666666666666666,0.3333333333333333,4
R023,14,-0.1745985507039756,-0.5415056379645188,0.1923085365565675,0.68,0.3199999999999999,0
R023,15,-0.1915855213539451,-0.5586514053289029,0.1754803626210126,0.8636363636363636,0.1363636363636363,3
R023,16,-0.20597743985784,-0.5732042703485491,0.161249390632869,0.782608695652174,0.217391304347826,2
R023,17,-0.2192421853956627,-0.5866831645030506,0.148198793711725,0.7391304347826086,0.2608695652173913,2
R023,18,-0.2370096769939401,-0.6047356146201464,0.130716260632266,0.875,0.125,1
R023,19,-0.25893970740485,-0.6269804505992956,0.1091010357895956,1.0,0.0,7
R023,20,-0.2718959257881103,-0.6402553676820757,0.0964635161058549,0.7391304347826086,0.2608695652173913,2
R023,21,-0.2867927170332526,-0.6555044773573435,0.0819190432908382,0.7619047619047619,0.2380952380952381,4
R023,22,-0.3026460278697648,-0.6717864214618738,0.0664943657223441,0.84,0.16,0
R023,23,-0.3189488071978246,-0.6885562702029471,0.0506586558072978,0.8260869565217391,0.1739130434782608,2
R023,24,-0.3309058773984424,-0.7010112933970138,0.0391995386001288,0.7916666666666666,0.2083333333333333,1
R024,1,-0.5627407600796108,-1.0311835745260405,-0.094297945633181,0.8333333333333334,0.1666666666666666,1
R024,2,-0.5757745646521748,-1.0438127244134092,-0.1077364048909402,0.8,0.1999999999999999,0
R024,3,-0.5894826525477154,-1.0571344998919316,-0.121830805203499,0.7916666666666666,0.2083333333333333,1
R024,4,-0.5959622553987955,-1.063287185865913,-0.128637324931678,0.6086956521739131,0.3913043478260869,2
R024,5,-0.6141006276347356,-1.0811779563357882,-0.1470232989336829,0.8571428571428571,0.1428571428571429,4
R024,6,-0.6279585643093549,-1.0948552272997931,-0.1610619013189168,0.7916666666666666,0.2083333333333333,1
R024,7,-0.6495999110208743,-1.116361143792691,-0.1828386782490577,0.9565217391304348,0.0434782608695651,2
R024,8,-0.6664790047052866,-1.133132616896559,-0.1998253925140142,0.8571428571428571,0.1428571428571429,4
R024,9,-0.686985893585772,-1.1536186478812995,-0.2203531392902445,0.9130434782608696,0.0869565217391304,2
R024,10,-0.7059673117215788,-1.1725829223129047,-0.2393517011302529,0.88,0.12,0
R024,11,-0.7264578207879543,-1.1930860186524517,-0.2598296229234569,0.96,0.04,0
R024,12,-0.7442784304369436,-1.2109309814315687,-0.2776258794423185,0.88,0.12,0
R024,13,-0.7610926882842417,-1.2278109263050812,-0.2943744502634022,0.8333333333333334,0.1666666666666666,1
R024,14,-0.7837449171518943,-1.250565505175516,-0.3169243291282725,1.0,0.0,4
R024,15,-0.8065229004815706,-1.2734491334177596,-0.3395966675453816,1.0,0.0,0
R024,16,-0.8250969373876078,-1.292131738192515,-0.3580621365827005,0.9166666666666666,0.0833333333333333,1
R024,17,-0.8467283760358709,-1.3138827167088345,-0.3795740353629074,0.9545454545454546,0.0454545454545454,3
R024,18,-0.8692473512624828,-1.3365688327598586,-0.4019258697651069,1.0,0.0,4
R024,19,-0.8905953424053469,-1.3581347866413385,-0.4230558981693553,0.9565217391304348,0.0434782608695651,2
R024,20,-0.9104196927369732,-1.3782144714021145,-0.4426249140718318,0.92,0.0799999999999999,0
R024,21,-0.9281185261778104,-1.396195100494507,-0.4600419518611135,0.9166666666666666,0.0833333333333333,1
R024,22,-0.9473819732268038,-1.4157806128332058,-0.4789833336204019,0.96,0.04,0
R024,23,-0.9662396503976856,-1.4349686589220962,-0.4975106418732749,0.9130434782608696,0.0869565217391304,2
R024,24,-0.9872448146414092,-1.4563543595560708,-0.5181352697267477,0.9583333333333334,0.0416666666666666,1
R025,1,0.6395464544799451,0.3428946612150814,0.9361982477448088,0.2631578947368421,0.736842105263158,25
R025,2,0.6488563396858962,0.3527951420773346,0.9449175372944578,0.217391304347826,0.782608695652174,25
R025,3,0.6501949966074259,0.3546461418020545,0.9457438514127972,0.4347826086956521,0.5652173913043479,25
R025,4,0.6573819682969593,0.3622906876647693,0.9524732489291492,0.28,0.72,25
R025,5,0.6621214989502722,0.3673888662607117,0.9568541316398328,0.2916666666666667,0.7083333333333333,25
R025,6,0.6633876868807158,0.3689358137623439,0.9578395599990877,0.391304347826087,0.6086956521739131,25
R025,7,0.6752987602951626,0.3810498171124263,0.9695477034778988,0.125,0.875,25
R025,8,0.6755145887311853,0.3814676775590688,0.9695614999033018,0.391304347826087,0.6086956521739131,25
R025,9,0.6707156971633804,0.3768419430414099,0.9645894512853508,0.5454545454545454,0.4545454545454546,25
R025,10,0.6716423207198319,0.3777945232452797,0.965490118194384,0.4583333333333333,0.5416666666666667,25
R025,11,0.6746563602437534,0.3807801094071506,0.9685326110803564,0.4090909090909091,0.5909090909090908,25
R025,12,0.6781321637778784,0.3842265702051505,0.9720377573506064,0.391304347826087,0.6086956521739131,25
R025,13,0.6826707673975485,0.3886372845888165,0.9767042502062804,0.375,0.625,25
R025,14,0.6931871449046878,0.3989272109935453,0.9874470788158304,0.217391304347826,0.782608695652174,25
R025,15,0.6961622770716233,0.4016213773563948,0.9907031767868516,0.375,0.625,25
R025,16,0.7091282848789868,0.4143055148084167,1.003951054949557,0.16,0.84,25
R025,17,0.7178680834759081,0.4226855104972774,1.013050656454539,0.2727272727272727,0.7272727272727273,25
R025,18,0.7214147472735697,0.4258714524114869,1.0169580421356526,0.3809523809523809,0.6190476190476191,25
R025,19,0.7267082821920579,0.4307752115393074,1.0226413528448082,0.3333333333333333,0.6666666666666667,25
R025,20,0.7301502921390538,0.4337983394160923,1.0265022448620154,0.391304347826087,0.6086956521739131,25
R025,21,0.7243788955409337,0.427553125642822,1.0212046654390454,0.6086956521739131,0.3913043478260869,25
R025,22,0.722669567027341,0.4253407793599224,1.0199983546947595,0.5416666666666666,0.4583333333333333,25
R025,23,0.7299238712091208,0.4320369251431866,1.027810817275055,0.28,0.72,25
R025,24,0.7317299872518167,0.433255558079947,1.0302044164236863,0.4166666666666667,0.5833333333333333,25
R026,1,0.229276833343949,-0.1066138930686426,0.5651675597565406,0.5909090909090909,0.409090909090909,3
R026,2,0.2267582156476357,-0.1085641812016915,0.562080612496963,0.5,0.5,3
R026,3,0.221328102493183,-0.1135021945464546,0.5561583995328206,0.5714285714285714,0.4285714285714286,4
R026,4,0.2114453796423124,-0.1229247032446038,0.5458154625292286,0.7083333333333334,0.2916666666666666,1
R026,5,0.2047589101252713,-0.1291911424353835,0.5387089626859263,0.6,0.4,5
R026,6,0.1947383785353819,-0.1388232854570671,0.528300042527831,0.75,0.25,5
R026,7,0.1868938722255442,-0.1463160450550475,0.5201037895061361,0.5909090909090909,0.409090909090909,3
R026,8,0.1765503944922412,-0.1563359006556629,0.5094366896401453,0.6818181818181818,0.3181818181818182,3
R026,9,0.1761934418359148,-0.1564189558852103,0.50880583955704,0.4285714285714285,0.5714285714285714,4
R026,10,0.1752239108634938,-0.1572129193881081,0.5076607411150957,0.4210526315789473,0.5789473684210527,6
R026,11,0.16606127567442,-0.1662582300006889,0.498380781349529,0.6818181818181818,0.3181818181818182,3
R026,12,0.1634671834114527,-0.1688102297416871,0.4957445965645927,0.5454545454545454,0.4545454545454546,3
R026,13,0.1618636243831817,-0.1704496632721747,0.4941769120385382,0.4545454545454545,0.5454545454545454,3
R026,14,0.1555314973972568,-0.1768746792603421,0.4879376740548557,0.6,0.4,5
R026,15,0.1378160243554307,-0.1947151474940825,0.4703471962049439,0.8636363636363636,0.1363636363636363,3
R026,16,0.1229692596928366,-0.2097140535140537,0.4556525728997269,0.85,0.15,5
R026,17,0.1058759140320083,-0.2269899989997364,0.4387418270637531,0.8695652173913043,0.1304347826086956,2
R026,18,0.0955321603590808,-0.2375440774445802,0.428608398162742,0.6842105263157895,0.3157894736842105,6
R026,19,0.08445737465816,-0.2488851932025748,0.4177999425188948,0.7222222222222222,0.2777777777777778,7
R026,20,0.0680953375020919,-0.2655509289862197,0.4017416039904036,0.8421052631578947,0.1578947368421053,6
R026,21,0.0545170729666217,-0.2794855275488935,0.388519673482137,0.7647058823529411,0.2352941176470588,8
R026,22,0.0426040783745745,-0.2917913010655774,0.3769994578147265,0.7368421052631579,0.2631578947368421,6
R026,23,0.0250267947814317,-0.3098450820603717,0.3598986716232353,0.8636363636363636,0.1363636363636363,3
R026,24,0.0064502850855896,-0.3289431622561362,0.3418437324273155,0.8947368421052632,0.1052631578947368,6
R027,1,-0.4351171312749541,-0.651777659917127,-0.2184566026327812,0.32,0.6799999999999999,0
R027,2,-0.4199550889340052,-0.6358184375809629,-0.2040917402870474,0.12,0.88,0
R027,3,-0.409101177689584,-0.624246848539721,-0.193955506839447,0.2,0.8,0
R027,4,-0.4017302948232839,-0.6162425243889225,-0.1872180652576454,0.2916666666666667,0.7083333333333333,1
R027,5,-0.3960830685434831,-0.6100432857554157,-0.1821228513315505,0.3043478260869565,0.6956521739130435,2
R027,6,-0.3801083256338887,-0.5935852988102095,-0.1666313524575678,0.0869565217391304,0.9130434782608696,2
R027,7,-0.3756331236915403,-0.5887067504296424,-0.1625594969534382,0.3333333333333333,0.6666666666666667,1
R027,8,-0.3613107729904831,-0.5740423744587513,-0.1485791715222148,0.125,0.875,1
R027,9,-0.350766306285877,-0.5632688884088021,-0.138263724162952,0.2272727272727272,0.7727272727272727,3
R027,10,-0.343997921323311,-0.55633688958737,-0.131658953059252,0.3636363636363636,0.6363636363636364,3
R027,11,-0.3287314395196858,-0.5409602516423586,-0.116502627397013,0.0909090909090909,0.9090909090909092,3
R027,12,-0.3178448678463388,-0.5300132208527112,-0.1056765148399665,0.217391304347826,0.782608695652174,2
R027,13,-0.3062587252812634,-0.5184378959325734,-0.0940795546299535,0.16,0.84,0
R027,14,-0.2959404309958571,-0.508175824156122,-0.0837050378355922,0.24,0.76,0
R027,15,-0.2843334414878874,-0.4967165322624906,-0.0719503507132842,0.1904761904761904,0.8095238095238095,4
R027,16,-0.276741507567094,-0.4893654691021444,-0.0641175460320436,0.217391304347826,0.782608695652174,2
R027,17,-0.264530879188699,-0.477458657390479,-0.0516031009869189,0.2083333333333333,0.7916666666666666,1
R027,18,-0.2544762512914145,-0.4677855266646388,-0.0411669759181902,0.2083333333333333,0.7916666666666666,1
R027,19,-0.2433391319809683,-0.4570812154339138,-0.0295970485280227,0.217391304347826,0.782608695652174,2
R027,20,-0.2313580541635037,-0.445608961796969,-0.0171071465300383,0.1363636363636363,0.8636363636363636,3
R027,21,-0.2276809284988228,-0.4425396547710193,-0.0128222022266263,0.3478260869565217,0.6521739130434783,2
R027,22,-0.21701453267784,-0.4325363877507026,-0.0014926776049774,0.16,0.84,0
R027,23,-0.2089425309829608,-0.4252124989490852,0.0073274369831634,0.2727272727272727,0.7272727272727273,3
R027,24,-0.1993983582993415,-0.4164683950951968,0.0176716784965137,0.1818181818181818,0.8181818181818181,3
R028,1,-0.1692568574933572,-0.7468137336313845,0.4083000186446699,0.7916666666666666,0.2083333333333333,1
R028,2,-0.1867921597450422,-0.7640716706902769,0.3904873512001924,0.88,0.12,0
R028,3,-0.2073543675071594,-0.7843635578890047,0.3696548228746858,0.9565217391304348,0.0434782608695651,2
R028,4,-0.222499540464844,-0.7992827202531219,0.3542836393234338,0.84,0.16,0
R028,5,-0.238437305061726,-0.8150014454228598,0.3381268352994078,0.8571428571428571,0.1428571428571429,4
R028,6,-0.2579929107075868,-0.834425567428377,0.3184397460132034,0.9090909090909092,0.0909090909090909,3
R028,7,-0.277305994245881,-0.8536296426278505,0.2990176541360883,0.9130434782608696,0.0869565217391304,2
R028,8,-0.2978162822056852,-0.8740357791733717,0.2784032147620012,0.9565217391304348,0.0434782608695651,2
R028,9,-0.3167559752767405,-0.8928761569042465,0.2593642063507653,0.9545454545454546,0.0454545454545454,3
R028,10,-0.3401208753748821,-0.9161512120901892,0.235909461340425,1.0,0.0,1
R028,11,-0.3615589313753838,-0.9375058127163698,0.2143879499656022,0.96,0.04,0
R028,12,-0.3819143323082393,-0.9577823862232928,0.193953721606814,0.96,0.04,0
R028,13,-0.4015651370635473,-0.9773853170759654,0.1742550429488709,0.9583333333333334,0.0416666666666666,1
R028,14,-0.4245705244580108,-1.000385609709863,0.1512445607938412,1.0,0.0,1
R028,15,-0.4473677440922548,-1.0231818050195538,0.1284463168350442,1.0,0.0,3
R028,16,-0.4654843933441119,-1.0413022982376765,0.1103335115494524,0.8695652173913043,0.1304347826086956,2
R028,17,-0.4866347632105822,-1.0625269219677866,0.0892573955466223,0.9545454545454546,0.0454545454545454,3
R028,18,-0.5056766672971615,-1.0816489423635418,0.0702956077692186,0.9583333333333334,0.0416666666666666,1
R028,19,-0.5249953215149583,-1.1010552035066623,0.0510645604767455,0.9166666666666666,0.0833333333333333,1
R028,20,-0.5439460070095298,-1.1201446107771194,0.0322525967580596,0.9047619047619048,0.0952380952380952,4
R028,21,-0.5667996205742502,-1.1432284588271229,0.0096292176786222,1.0,0.0,4
R028,22,-0.5869421532473604,-1.1636477354570176,-0.0102365710377032,0.9565217391304348,0.0434782608695651,2
R028,23,-0.6093789783972556,-1.1863656121884985,-0.0323923446060128,1.0,0.0,1
R028,24,-0.6295507242183045,-1.206830583019325,-0.0522708654172837,0.9583333333333334,0.0416666666666666,1
R029,1,0.1325966800105565,-0.1093842960729237,0.3745776560940368,0.1304347826086956,0.8695652173913043,25
R029,2,0.1447831019736193,-0.0965013711267643,0.3860675750740029,0.1428571428571428,0.8571428571428572,25
R029,3,0.161563703903146,-0.0791037528685769,0.4022311606748689,0.0454545454545454,0.9545454545454546,25
R029,4,0.1693119591761024,-0.0707606599478863,0.4093845783000912,0.25,0.75,25
R029,5,0.1799801877156,-0.0596050721090204,0.4195654475402205,0.2083333333333333,0.7916666666666666,25
R029,6,0.192507025232964,-0.0466980800208337,0.4317121304867617,0.1,0.9,25
R029,7,0.2007718409088915,-0.0380959064237254,0.4396395882415085,0.2727272727272727,0.7272727272727273,25
R029,8,0.215535858160226,-0.0230372465150308,0.4541089628354828,0.08,0.92,25
R029,9,0.228182615728506,-0.0101573369449597,0.4665225684019718,0.1304347826086956,0.8695652173913043,25
R029,10,0.2416575766571329,0.0034893431709489,0.4798258101433169,0.125,0.875,25
R029,11,0.2576345171192451,0.0195954460323604,0.4956735882061298,0.0416666666666666,0.9583333333333334,25
R029,12,0.2737402547471037,0.0357125142145313,0.5117679952796761,0.1304347826086956,0.8695652173913043,25
R029,13,0.2889469015521296,0.0508879597252433,0.5270058433790158,0.08,0.92,25
R029,14,0.3009838208196169,0.0628003363496951,0.5391673052895387,0.1666666666666666,0.8333333333333334,25
R029,15,0.3163007669203545,0.0779709033096484,0.5546306305310607,0.0454545454545454,0.9545454545454546,25
R029,16,0.3341980207136337,0.0956434006155682,0.5727526408116992,0.0,1.0,25
R029,17,0.3464037855209236,0.1075308752610114,0.5852766957808357,0.16,0.84,25
R029,18,0.3585671276339238,0.1193143451594311,0.5978199101084164,0.1666666666666666,0.8333333333333334,25
R029,19,0.3703525744895635,0.130697938346537,0.61000721063259,0.16,0.84,25
R029,20,0.3838691426084474,0.1437337848651602,0.6240045003517347,0.125,0.875,25
R029,21,0.3986466417359172,0.157951500201148,0.6393417832706865,0.0434782608695652,0.9565217391304348,25
R029,22,0.4161683316608676,0.174914133100911,0.6574225302208243,0.04,0.96,25
R029,23,0.4334293794515614,0.1915728832556738,0.675285875647449,0.0454545454545454,0.9545454545454546,25
R029,24,0.4492426183820339,0.2066754803621455,0.6918097564019223,0.0476190476190476,0.9523809523809524,25
R030,1,-0.5513201300694756,-0.840464334041243,-0.262175926097708,0.5909090909090909,0.409090909090909,3
R030,2,-0.5593207434879971,-0.8478719658552099,-0.2707695211207843,0.6666666666666666,0.3333333333333333,7
R030,3,-0.564193436775727,-0.8522325095947878,-0.2761543639566661,0.5263157894736842,0.4736842105263158,6
R030,4,-0.5666225836807243,-0.8542467993903418,-0.2789983679711067,0.5,0.5,7
R030,5,-0.5766612875713271,-0.8639558406951345,-0.2893667344475196,0.7058823529411765,0.2941176470588235,8
R030,6,-0.5771322803908318,-0.8641645732397369,-0.2900999875419265,0.4347826086956521,0.5652173913043479,2
R030,7,-0.5941925404860652,-0.881054654879252,-0.3073304260928783,0.8571428571428571,0.1428571428571429,4
R030,8,-0.6062661821882582,-0.8930060382466584,-0.3195263261298581,0.7222222222222222,0.2777777777777778,7
R030,9,-0.6148127642419415,-0.9014776583107742,-0.3281478701731088,0.6521739130434783,0.3478260869565217,2
R030,10,-0.6274427120579058,-0.914058534577379,-0.3408268895384326,0.7894736842105263,0.2105263157894736,6
R030,11,-0.6420341901743303,-0.9286626757308052,-0.3554057046178553,0.8125,0.1875,9
R030,12,-0.6505476031098751,-0.9372738212103168,-0.3638213850094337,0.6666666666666666,0.3333333333333333,4
R030,13,-0.6697585693329717,-0.9566304705405928,-0.3828866681253507,0.9375,0.0625,9
R030,14,-0.6868960185930644,-0.973974860082429,-0.3998171771036998,0.8947368421052632,0.1052631578947368,6
R030,15,-0.6998094417449193,-0.9871393230049244,-0.4124795604849142,0.782608695652174,0.217391304347826,2
R030,16,-0.7141859602324486,-1.0017720861148725,-0.4265998343500248,0.7619047619047619,0.2380952380952381,4
R030,17,-0.7315134594094665,-1.019416036211895,-0.4436108826070382,0.8571428571428571,0.1428571428571429,4
R030,18,-0.7505156521246359,-1.038785160511751,-0.4622461437375207,0.9047619047619048,0.0952380952380952,4
R030,19,-0.7674142279142484,-1.0560771364200463,-0.4787513194084504,0.85,0.15,5
R030,20,-0.7845323201339586,-1.0736330521984754,-0.4954315880694417,0.8333333333333334,0.1666666666666666,7
R030,21,-0.8059971961731989,-1.0956054946903433,-0.5163888976560546,0.9565217391304348,0.0434782608695651,2
R030,22,-0.8253335527645379,-1.1154724084748129,-0.5351946970542629,0.9090909090909092,0.0909090909090909,3
R030,23,-0.8447397321916664,-1.1354412469715287,-0.5540382174118041,0.9130434782608696,0.0869565217391304,2
R030,24,-0.8674124995654389,-1.1587052036747814,-0.5761197954560964,1.0,0.0,9
R031,1,-0.0978271571318397,-0.3683615226261604,0.1727072083624809,0.2608695652173913,0.7391304347826086,2
R031,2,-0.0918148621057547,-0.3617505898807382,0.1781208656692286,0.2916666666666667,0.7083333333333333,1
R031,3,-0.0874286778543312,-0.3568431937426626,0.1819858380340001,0.3333333333333333,0.6666666666666667,1
R031,4,-0.0871536317218277,-0.3561160785343692,0.1818088150907136,0.44,0.56,0
R031,5,-0.0880061089449111,-0.3565894298710391,0.1805772119812168,0.4583333333333333,0.5416666666666667,1
R031,6,-0.0791974954799401,-0.3474412848782638,0.1890462939183835,0.2727272727272727,0.7272727272727273,3
R031,7,-0.0758840711885724,-0.3438600450168222,0.1920919026396774,0.3333333333333333,0.6666666666666667,1
R031,8,-0.0689351292208587,-0.3367327742227506,0.1988625157810331,0.2916666666666667,0.7083333333333333,1
R031,9,-0.0693213280924125,-0.3369845054844913,0.1983418492996662,0.4166666666666667,0.5833333333333333,1
R031,10,-0.0691703923942111,-0.3367417060624774,0.1984009212740551,0.4545454545454545,0.5454545454545454,3
R031,11,-0.0705358297587558,-0.3380610942446594,0.1969894347271478,0.5,0.5,1
R031,12,-0.0714276378183264,-0.3389418620376271,0.1960865864009741,0.5,0.5,3
R031,13,-0.0772726356682162,-0.3448626542012829,0.1903173828648504,0.5909090909090909,0.409090909090909,3
R031,14,-0.0850877866225737,-0.3528219194680133,0.1826463462228659,0.6086956521739131,0.3913043478260869,2
R031,15,-0.0839059657698586,-0.3518298925161878,0.1840179609764705,0.4166666666666667,0.5833333333333333,1
R031,16,-0.0850800329136406,-0.3532709512103413,0.18311088538306,0.4782608695652174,0.5217391304347826,2
R031,17,-0.0867499875139512,-0.3552530936605218,0.1817531186326192,0.5,0.5,1
R031,18,-0.0827173349978484,-0.3515937666384057,0.1861590966427088,0.3478260869565217,0.6521739130434783,2
R031,19,-0.0770958997021255,-0.3463708208154386,0.1921790214111876,0.28,0.72,0
R031,20,-0.0786293840723778,-0.348394006489291,0.1911352383445353,0.5,0.5,3
R031,21,-0.0741597594518045,-0.3444398166804714,0.1961202977768623,0.3043478260869565,0.6956521739130435,2
R031,22,-0.0742340718764916,-0.3450550954062619,0.1965869516532785,0.4583333333333333,0.5416666666666667,1
R031,23,-0.0847784183459993,-0.3562032018006225,0.1866463651086238,0.7391304347826086,0.2608695652173913,2
R031,24,-0.0915359152358639,-0.3636163223859693,0.1805444919142414,0.6,0.4,0
R032,1,-0.6500823835140485,-1.036829956048962,-0.2633348109791349,0.68,0.3199999999999999,0
R032,2,-0.6604460648089352,-1.0467809530786338,-0.2741111765392366,0.7083333333333334,0.2916666666666666,1
R032,3,-0.6699863857447204,-1.0559417317889812,-0.2840310397004595,0.6521739130434783,0.3478260869565217,2
R032,4,-0.6788178210884174,-1.064484499054303,-0.2931511431225317,0.6818181818181818,0.3181818181818182,3
R032,5,-0.6855320650933732,-1.0709930579714149,-0.3000710722153313,0.625,0.375,1
R032,6,-0.7022456273889531,-1.0875966940624484,-0.3168945607154578,0.875,0.125,1
R032,7,-0.714744831261293,-1.1000271042241485,-0.3294625582984377,0.782608695652174,0.217391304347826,2
R032,8,-0.7284635260994006,-1.1137472277617362,-0.343179824437065,0.782608695652174,0.217391304347826,2
R032,9,-0.7450390832690883,-1.1303741436272925,-0.3597040229108842,0.875,0.125,1
R032,10,-0.7626151690619736,-1.148004150723802,-0.377226187400145,0.9090909090909092,0.0909090909090909,3
R032,11,-0.7817082924230506,-1.1672051791162257,-0.3962114057298756,0.9166666666666666,0.0833333333333333,1
R032,12,-0.8005170001646201,-1.1861257649029515,-0.4149082354262884,0.9565217391304348,0.0434782608695651,2
R032,13,-0.8194325548745721,-1.2051839467096177,-0.4336811630395265,0.9090909090909092,0.0909090909090909,3
R032,14,-0.829693963947159,-1.2156391113622396,-0.4437488165320784,0.75,0.25,1
R032,15,-0.8474479617574443,-1.2335963305810476,-0.4612995929338411,0.9130434782608696,0.0869565217391304,2
R032,16,-0.8668228375535266,-1.253219256260241,-0.4804264188468122,0.9583333333333334,0.0416666666666666,1
R032,17,-0.8852246918645492,-1.2718754827791314,-0.498573900949967,0.9130434782608696,0.0869565217391304,2
R032,18,-0.903584886738566,-1.290513083169481,-0.5166566903076508,0.9166666666666666,0.0833333333333333,1
R032,19,-0.91859994564195,-1.305834697278654,-0.5313651940052457,0.782608695652174,0.217391304347826,2
R032,20,-0.9374957927141544,-1.3250911967421042,-0.5499003886862044,0.9166666666666666,0.0833333333333333,1
R032,21,-0.9601184748259126,-1.3481031379720798,-0.5721338116797454,1.0,0.0,2
R032,22,-0.9822215627071664,-1.3706191184812777,-0.5938240069330551,1.0,0.0,1
R032,23,-1.0014414820533375,-1.3902571019688856,-0.6126258621377898,0.9545454545454546,0.0454545454545454,3
R032,24,-1.0197678155537917,-1.4090498920704864,-0.6304857390370966,0.88,0.12,0
R033,1,-0.0393033239996224,-0.2543963308692004,0.1757896828699555,0.3043478260869565,0.6956521739130435,25
R033,2,-0.0414010576091474,-0.2556732548110473,0.1728711395927524,0.5416666666666666,0.4583333333333333,25
R033,3,-0.0325625716286081,-0.2460678992671972,0.1809427560099809,0.2,0.8,25
R033,4,-0.0318312785614231,-0.2446638713177359,0.1810013141948896,0.4347826086956521,0.5652173913043479,25
R033,5,-0.0280039637939658,-0.240267715810142,0.1842597882222103,0.3478260869565217,0.6521739130434783,25
R033,6,-0.0147759668196829,-0.2265526156786922,0.1970006820393263,0.0833333333333333,0.9166666666666666,25
R033,7,-0.0133903191939156,-0.2247614065217603,0.1979807681339291,0.44,0.56,25
R033,8,-0.0062089694233498,-0.2172859534887053,0.2048680146420057,0.2916666666666667,0.7083333333333333,25
R033,9,-0.0022273112980391,-0.2131131379542278,0.2086585153581494,0.3478260869565217,0.6521739130434783,25
R033,10,0.0024883879084199,-0.2082740895943458,0.2132508654111857,0.375,0.625,25
R033,11,0.0067199423718425,-0.2040002782823819,0.2174401630260671,0.3636363636363636,0.6363636363636364,25
R033,12,0.009436717279929,-0.2012940294772739,0.220167464037132,0.4285714285714285,0.5714285714285714,25
R033,13,0.0121987479108328,-0.198560317257837,0.2229578130795026,0.3636363636363636,0.6363636363636364,25
R033,14,0.0170082774603511,-0.1938601808012936,0.227876735721996,0.3333333333333333,0.6666666666666667,25
R033,15,0.0234231207788179,-0.1876358697678574,0.2344821113254933,0.2608695652173913,0.7391304347826086,25
R033,16,0.0221867077928538,-0.1891740643882205,0.2335474799739281,0.5217391304347826,0.4782608695652174,25
R033,17,0.0214493249098836,-0.1903162783540244,0.2332149281737917,0.5217391304347826,0.4782608695652174,25
R033,18,0.0166798976296574,-0.195572071538009,0.228931866797324,0.5833333333333334,0.4166666666666666,25
R033,19,0.0246928981107234,-0.1881138221824477,0.2374996184038947,0.2608695652173913,0.7391304347826086,25
R033,20,0.0238343955308253,-0.1895956531898117,0.2372644442514624,0.5,0.5,25
R033,21,0.0339174162109047,-0.1802182921505004,0.2480531245723099,0.238095238095238,0.7619047619047619,25
R033,22,0.0351540525379451,-0.179756441514907,0.2500645465907972,0.4166666666666667,0.5833333333333333,25
R033,23,0.0387478798125397,-0.176974549813624,0.2544703094387036,0.3636363636363636,0.6363636363636364,25
R033,24,0.0360212873176712,-0.1805316513550092,0.2525742259903517,0.5,0.5,25
R034,1,-0.7414729915823284,-0.944469658138182,-0.5384763250264748,0.15,0.85,5
R034,2,-0.7266618924987344,-0.9288140566833804,-0.5245097283140883,0.1176470588235294,0.8823529411764706,8
R034,3,-0.7161801497054548,-0.917576264273476,-0.5147840351374338,0.238095238095238,0.7619047619047619,4
R034,4,-0.7006153316093603,-0.901346631131612,-0.4998840320871085,0.0,1.0,5
R034,5,-0.6878957385503776,-0.8880514938422405,-0.4877399832585146,0.15,0.85,5
R034,6,-0.6816243197985512,-0.8812893080586193,-0.4819593315384831,0.3043478260869565,0.6956521739130435,2
R034,7,-0.6730748916429521,-0.872318389428861,-0.4738313938570432,0.2222222222222222,0.7777777777777778,7
R034,8,-0.6649230345790591,-0.8638193958307635,-0.4660266733273547,0.238095238095238,0.7619047619047619,4
R034,9,-0.6488073680211635,-0.8474258917530357,-0.4501888442892911,0.0454545454545454,0.9545454545454546,3
R034,10,-0.6359662543827485,-0.8343808340029504,-0.4375516747625464,0.0952380952380952,0.9047619047619048,4
R034,11,-0.6280377400589625,-0.8263523234166731,-0.4297231567012519,0.2272727272727272,0.7727272727272727,3
R034,12,-0.620332328218164,-0.8186147479653898,-0.4220499084709382,0.2857142857142857,0.7142857142857143,4
R034,13,-0.613540394796656,-0.811857928032918,-0.415222861560394,0.2727272727272727,0.7272727272727273,3
R034,14,-0.6045389187665977,-0.8029686031806813,-0.4061092343525141,0.2083333333333333,0.7916666666666666,1
R034,15,-0.5936970721930583,-0.7923300179567433,-0.3950641264293734,0.1764705882352941,0.8235294117647058,8
R034,16,-0.5919359193292157,-0.7908753472840853,-0.3929964913743462,0.4090909090909091,0.5909090909090908,3
R034,17,-0.5859693952126006,-0.7852897810689156,-0.3866490093562856,0.3,0.7,5
R034,18,-0.5729821525316966,-0.7727154711178079,-0.3732488339455853,0.15,0.85,5
R034,19,-0.5685002828970158,-0.7687196908129492,-0.3682808749810823,0.35,0.65,5
R034,20,-0.5639206568151789,-0.7647130176423008,-0.3631282959880569,0.3181818181818182,0.6818181818181819,3
R034,21,-0.5567542560745974,-0.7581625364544072,-0.3553459756947875,0.3157894736842105,0.6842105263157895,6
R034,22,-0.5451067066579721,-0.7472115484985014,-0.3430018648174429,0.1739130434782608,0.8260869565217391,2
R034,23,-0.5385203225899883,-0.7414164824232168,-0.3356241627567597,0.2631578947368421,0.736842105263158,6
R034,24,-0.5303515592977287,-0.7341266364030976,-0.3265764821923598,0.2631578947368421,0.736842105263158,6
R035,1,-0.1928866382471718,-0.4912287786004623,0.1054555021061186,0.375,0.625,1
R035,2,-0.1901323867836751,-0.4879329497921341,0.1076681762247838,0.375,0.625,1
R035,3,-0.1854903404335135,-0.4828564091522088,0.1118757282851817,0.3333333333333333,0.6666666666666667,1
R035,4,-0.188005992322784,-0.4849872818159602,0.1089752971703921,0.5238095238095238,0.4761904761904761,4
R035,5,-0.1890978914594735,-0.4857900582934035,0.1075942753744564,0.5,0.5,1
R035,6,-0.1841610378288547,-0.4806102816921205,0.112288206034411,0.3333333333333333,0.6666666666666667,4
R035,7,-0.1839949335528516,-0.4802748622153506,0.1122849951096472,0.4347826086956521,0.5652173913043479,2
R035,8,-0.1908675553154896,-0.4869791395138731,0.1052440288828939,0.64,0.36,0
R035,9,-0.1945393994928707,-0.490528981404538,0.1014501824187965,0.5217391304347826,0.4782608695652174,2
R035,10,-0.1972146797845991,-0.4931491332556357,0.0987197736864374,0.5217391304347826,0.4782608695652174,2
R035,11,-0.1957721562783828,-0.4916524245553184,0.1001081119985528,0.4166666666666667,0.5833333333333333,1
R035,12,-0.1996593905135096,-0.4955138017297238,0.0961950207027045,0.5652173913043478,0.4347826086956522,2
R035,13,-0.2060755249024496,-0.5019885863933997,0.0898375365885003,0.6,0.4,0
R035,14,-0.2076266922282668,-0.5036044366334174,0.0883510521768837,0.48,0.52,0
R035,15,-0.2184278891460826,-0.5145158677411299,0.0776600894489646,0.6956521739130435,0.3043478260869565,2
R035,16,-0.2235680888343572,-0.5198049979095958,0.0726688202408814,0.5416666666666666,0.4583333333333333,1
R035,17,-0.2308659434424816,-0.5272792738235415,0.065547386938578,0.6086956521739131,0.3913043478260869,2
R035,18,-0.2373348162400831,-0.5340035699894283,0.059333937509262,0.625,0.375,1
R035,19,-0.245332781235868,-0.542304557133741,0.0516389946620049,0.6190476190476191,0.3809523809523809,4
R035,20,-0.2498876217512328,-0.5472089324834045,0.0474336889809389,0.5714285714285714,0.4285714285714286,4
R035,21,-0.2482759184810185,-0.5459746595998045,0.0494228226377673,0.4166666666666667,0.5833333333333333,1
R035,22,-0.2475215194735032,-0.5456847707833214,0.0506417318363148,0.4782608695652174,0.5217391304347826,2
R035,23,-0.2558341615739952,-0.5545540477042672,0.0428857245562767,0.6521739130434783,0.3478260869565217,2
R035,24,-0.2680696292169804,-0.5673892166572063,0.0312499582232455,0.76,0.24,0
R036,1,-0.5663931978289944,-1.0235369695464005,-0.1092494261115886,0.875,0.125,1
R036,2,-0.57716280007949,-1.033942826606936,-0.1203827735520436,0.72,0.28,0
R036,3,-0.5881511174469556,-1.0445710595393594,-0.1317311753545518,0.7083333333333334,0.2916666666666666,1
R036,4,-0.602450239525913,-1.0585478422934589,-0.1463526367583671,0.8260869565217391,0.1739130434782608,2
R036,5,-0.6130190601988748,-1.0688021830095855,-0.1572359373881641,0.6818181818181818,0.3181818181818182,3
R036,6,-0.6259544503912384,-1.0815265888690224,-0.1703823119134545,0.72,0.28,0
R036,7,-0.6417198897862352,-1.097084245217542,-0.1863555343549283,0.8571428571428571,0.1428571428571429,4
R036,8,-0.6572293138701994,-1.1124607346318944,-0.2019978931085043,0.7727272727272727,0.2272727272727273,3
R036,9,-0.6717137193545739,-1.1268154111311042,-0.2166120275780436,0.8260869565217391,0.1739130434782608,2
R036,10,-0.6880879686278943,-1.1431011753395337,-0.2330747619162549,0.8333333333333334,0.1666666666666666,1
R036,11,-0.707728742362969,-1.162693983778409,-0.252763500947529,0.9166666666666666,0.0833333333333333,1
R036,12,-0.724141892290705,-1.1790731031344075,-0.2692106814470026,0.875,0.125,1
R036,13,-0.7437000523171278,-1.1986020964571265,-0.288798008177129,0.9545454545454546,0.0454545454545454,3
R036,14,-0.7624420906911413,-1.217372184180727,-0.3075119972015556,0.875,0.125,1
R036,15,-0.7804691316547698,-1.2354306826738906,-0.3255075806356491,0.88,0.12,0
R036,16,-0.802893341806419,-1.2578894986239786,-0.3478971849888596,1.0,0.0,1
R036,17,-0.8212976413778386,-1.2763424354224475,-0.3662528473332295,0.8695652173913043,0.1304347826086956,2
R036,18,-0.83960940072937,-1.2947423303463022,-0.3844764711124377,0.9130434782608696,0.0869565217391304,2
R036,19,-0.8570620961684279,-1.3123389377027088,-0.4017852546341469,0.9130434782608696,0.0869565217391304,2
R036,20,-0.8767069646202486,-1.3321761256900893,-0.4212378035504078,0.9,0.0999999999999999,5
R036,21,-0.8957332414732325,-1.3514402270173935,-0.4400262559290714,0.9545454545454546,0.0454545454545454,3
R036,22,-0.9154949302641596,-1.3714791943274238,-0.4595106662008955,0.9545454545454546,0.0454545454545454,3
R036,23,-0.937454659691186,-1.3937689557689548,-0.4811403636134171,1.0,0.0,4
R036,24,-0.9561952677918784,-1.4128953347282858,-0.4994952008554709,0.9583333333333334,0.0416666666666666,1
R037,1,-0.8452219921647687,-1.0202595344556664,-0.6701844498738709,0.8095238095238095,0.1904761904761904,25
R037,2,-0.8567613303308925,-1.0308039561754092,-0.6827187044863758,0.782608695652174,0.217391304347826,25
R037,3,-0.8690559355126027,-1.0422013445838805,-0.6959105264413249,0.75,0.25,25
R037,4,-0.8809382788501142,-1.0532835127319256,-0.7085930449683029,0.7391304347826086,0.2608695652173913,25
R037,5,-0.897417173091379,-1.0690422389419754,-0.7257921072407827,0.8333333333333334,0.1666666666666666,25
R037,6,-0.906703188005332,-1.0776999027989949,-0.7357064732116689,0.6521739130434783,0.3478260869565217,25
R037,7,-0.9221879326529018,-1.0926516703578262,-0.7517241949479775,0.88,0.12,25
R037,8,-0.9317758087176864,-1.101805637401288,-0.7617459800340846,0.7083333333333334,0.2916666666666666,25
R037,9,-0.9492815037752887,-1.1189626613939263,-0.779600346156651,0.9166666666666666,0.0833333333333333,25
R037,10,-0.9648552444756684,-1.1342580319470417,-0.7954524570042951,0.8181818181818182,0.1818181818181817,25
R037,11,-0.978969132118914,-1.1481837810940962,-0.809754483143732,0.75,0.25,25
R037,12,-0.9988697215630804,-1.167990304362223,-0.8297491387639379,0.9166666666666666,0.0833333333333333,25
R037,13,-1.0191987967028506,-1.1883034563710515,-0.8500941370346498,0.9545454545454546,0.0454545454545454,25
R037,14,-1.0380400861738626,-1.2072188821370222,-0.868861290210703,0.92,0.0799999999999999,25
R037,15,-1.0538339635774072,-1.2231836245772996,-0.8844843025775149,0.875,0.125,25
R037,16,-1.0757565508628195,-1.245355209118971,-0.9061578926066683,1.0,0.0,25
R037,17,-1.096769670619277,-1.2667117450453516,-0.926827596193203,0.9565217391304348,0.0434782608695651,25
R037,18,-1.1181543336953628,-1.2885346193014653,-0.9477740480892602,1.0,0.0,25
R037,19,-1.1384196132935749,-1.309335819581572,-0.9675034070055772,0.9583333333333334,0.0416666666666666,25
R037,20,-1.1558538813381976,-1.3273769782132905,-0.9843307844631048,0.88,0.12,25
R037,21,-1.17904977963003,-1.3512715288300812,-1.0068280304299786,1.0,0.0,25
R037,22,-1.1992197942032663,-1.372240640904705,-1.026198947501828,0.9565217391304348,0.0434782608695651,25
R037,23,-1.221971871764771,-1.3958928313917944,-1.0480509121377477,1.0,0.0,25
R037,24,-1.241157278693105,-1.4160717598544403,-1.06624279753177,0.9130434782608696,0.0869565217391304,25
R038,1,0.3861487701979349,-0.051143878911624,0.8234414193074939,0.9375,0.0625,9
R038,2,0.378036509855389,-0.0588606799684857,0.8149336996792638,0.6666666666666666,0.3333333333333333,1
R038,3,0.3675088122417992,-0.0689959678481605,0.804013592331759,0.75,0.25,5
R038,4,0.3653600323960629,-0.0708271569792453,0.8015472217713713,0.5,0.5,1
R038,5,0.3496449551422809,-0.0862672161906061,0.785557126475168,0.8181818181818182,0.1818181818181817,3
R038,6,0.3387779179306735,-0.0969206274419214,0.7744764633032685,0.7272727272727273,0.2727272727272727,3
R038,7,0.3239706513143365,-0.1115246036653878,0.759465906294061,0.8181818181818182,0.1818181818181817,3
R038,8,0.3138576906335057,-0.1214497974002418,0.7491651786672533,0.7,0.3,5
R038,9,0.3097282583231532,-0.1254333043908017,0.7448898210371082,0.5454545454545454,0.4545454545454546,3
R038,10,0.2955721258383536,-0.1395191872242857,0.730663438900993,0.7777777777777778,0.2222222222222222,7
R038,11,0.2839577581408905,-0.1511162635260964,0.7190317798078775,0.7222222222222222,0.2777777777777778,7
R038,12,0.2664415613417339,-0.1686184591962569,0.7015015818797248,0.8636363636363636,0.1363636363636363,3
R038,13,0.2503551751808665,-0.1847079374176022,0.6854182877793351,0.8333333333333334,0.1666666666666666,7
R038,14,0.2336428763737787,-0.2014946323769992,0.6687803851245566,0.8888888888888888,0.1111111111111111,7
R038,15,0.2137472145810569,-0.2215059422812385,0.6490003714433524,0.9047619047619048,0.0952380952380952,4
R038,16,0.1940500244297954,-0.2413522321366527,0.6294522809962436,0.9047619047619048,0.0952380952380952,4
R038,17,0.1823962243025874,-0.2532217063588121,0.6180141549639872,0.75,0.25,5
R038,18,0.1702916872819983,-0.2655868200129451,0.6061701945769418,0.782608695652174,0.217391304347826,2
R038,19,0.1518607726277248,-0.2843243814598521,0.5880459267153019,0.9047619047619048,0.0952380952380952,4
R038,20,0.1341057520661072,-0.3024578529115845,0.5706693570437991,0.85,0.15,5
R038,21,0.1156151148325582,-0.3213309612489287,0.5525611909140452,0.9047619047619048,0.0952380952380952,4
R038,22,0.0941138390691055,-0.3432241902481361,0.5314518683863473,0.9523809523809524,0.0476190476190476,4
R038,23,0.0765159685655225,-0.3612534461588608,0.5142853832899059,0.9130434782608696,0.0869565217391304,2
R038,24,0.0567439948686911,-0.3814602439369949,0.4949482336743771,0.9523809523809524,0.0476190476190476,4
R039,1,0.0739727884646879,-0.4757167883879302,0.623662365317306,0.9090909090909092,0.0909090909090909,3
R039,2,0.0657238639625542,-0.4836657082469658,0.6151134361720744,0.6666666666666666,0.3333333333333333,1
R039,3,0.0468418532927881,-0.5023002974613893,0.5959840040469655,0.9090909090909092,0.0909090909090909,3
R039,4,0.0276738618950083,-0.5212691906387321,0.5766169144287487,0.9090909090909092,0.0909090909090909,3
R039,5,0.0120399091916153,-0.5367081639706708,0.5607879823539015,0.8333333333333334,0.1666666666666666,1
R039,6,-0.0031747536574799,-0.551798862087265,0.5454493547723053,0.8095238095238095,0.1904761904761904,4
R039,7,-0.0189601760180518,-0.5674644363545764,0.5295440843184727,0.8333333333333334,0.1666666666666666,1
R039,8,-0.0401657413341281,-0.5885974049115948,0.5082659222433384,0.9565217391304348,0.0434782608695651,2
R039,9,-0.061328052808346,-0.6097273605315975,0.4870712549149054,1.0,0.0,3
R039,10,-0.0787447292187252,-0.6271387188993054,0.4696492604618549,0.875,0.125,1
R039,11,-0.1012599398130441,-0.6497108111483436,0.4471909315222553,1.0,0.0,1
R039,12,-0.1187541971748678,-0.6672662526027324,0.4297578582529968,0.875,0.125,1
R039,13,-0.1360186700328229,-0.68463776014246,0.4126004200768143,0.92,0.0799999999999999,0
R039,14,-0.1562788040183767,-0.7050546623347297,0.3924970542979763,0.9473684210526316,0.0526315789473684,6
R039,15,-0.1760648971630686,-0.7250481961038522,0.3729184017777149,0.9565217391304348,0.0434782608695651,2
R039,16,-0.1983611083397645,-0.7475598490526927,0.3508376323731634,1.0,0.0,1
R039,17,-0.2177624909885476,-0.7671805767073729,0.3316555947302775,0.9166666666666666,0.0833333333333333,1
R039,18,-0.2333484908186923,-0.7830256097296109,0.3163286280922262,0.84,0.16,0
R039,19,-0.2521340468021256,-0.8021237135704427,0.2978556199661915,0.875,0.125,1
R039,20,-0.2714912472367444,-0.8217982751040896,0.2788157806306007,0.92,0.0799999999999999,0
R039,21,-0.2916135037346229,-0.842241893094627,0.2590148856253812,0.92,0.0799999999999999,0
R039,22,-0.3130012197911285,-0.863956592579527,0.2379541529972699,0.9583333333333334,0.0416666666666666,1
R039,23,-0.3332926907053053,-0.8845794180011599,0.2179940365905492,0.96,0.04,0
R039,24,-0.3548499164254905,-0.9064760756157952,0.1967762427648142,1.0,0.0,1
R040,1,-0.9131679677590688,-1.2127431183433035,-0.6135928171748336,0.5,0.5,3
R040,2,-0.9163750383327433,-1.2154038494456114,-0.617346227219875,0.52,0.48,0
R040,3,-0.9259205029292044,-1.2244803833087872,-0.6273606225496218,0.6818181818181818,0.3181818181818182,3
R040,4,-0.9291133204388764,-1.227276082585597,-0.630950558292156,0.52,0.48,0
R040,5,-0.9311534624653244,-1.2289963582581502,-0.6333105666724985,0.5,0.5,3
R040,6,-0.938378602351685,-1.235988491529061,-0.6407687131743087,0.6,0.4,0
R040,7,-0.9404815433526044,-1.2379284083513562,-0.6430346783538523,0.5,0.5,1
R040,8,-0.947629712493632,-1.245009531454857,-0.6502498935324073,0.6521739130434783,0.3478260869565217,2
R040,9,-0.9586368675361108,-1.256026400105705,-0.661247334966516,0.7083333333333334,0.2916666666666666,1
R040,10,-0.9699109295310808,-1.26736474364102,-0.6724571154211413,0.7272727272727273,0.2727272727272727,3
R040,11,-0.979412675876724,-1.276993444724613,-0.681831907028835,0.6956521739130435,0.3043478260869565,2
R040,12,-0.9974694637934988,-1.295245750618689,-0.6996931769683084,0.9166666666666666,0.0833333333333333,1
R040,13,-1.0066099786998866,-1.3046099783157508,-0.7086099790840222,0.7083333333333334,0.2916666666666666,1
R040,14,-1.0171161767113288,-1.3153994484976932,-0.7188329049249644,0.6956521739130435,0.3043478260869565,2
R040,15,-1.0279540532890077,-1.3265215686278566,-0.7293865379501583,0.7083333333333334,0.2916666666666666,1
R040,16,-1.0426186185834396,-1.341521922239178,-0.7437153149277012,0.8095238095238095,0.1904761904761904,4
R040,17,-1.0590799365274188,-1.358375166318306,-0.7597847067365318,0.9090909090909092,0.0909090909090909,3
R040,18,-1.0696543149197133,-1.3693822673239038,-0.7699263625155228,0.7083333333333334,0.2916666666666666,1
R040,19,-1.0854117579957283,-1.3855989492304777,-0.7852245667609794,0.84,0.16,0
R040,20,-1.1054520555632297,-1.40613115766242,-0.8047729534640389,0.9583333333333334,0.0416666666666666,1
R040,21,-1.1176444541342754,-1.4188348122279244,-0.8164540960406262,0.7727272727272727,0.2272727272727273,3
R040,22,-1.134402158714297,-1.4361625161856677,-0.8326418012429264,0.88,0.12,0
R040,23,-1.149188754006678,-1.4515417148133234,-0.8468357932000323,0.7916666666666666,0.2083333333333333,1
R040,24,-1.1681775409814537,-1.4711623329401615,-0.8651927490227458,0.9166666666666666,0.0833333333333333,1
R041,1,0.7374671876611283,0.4301327466590727,1.0448016286631838,0.1304347826086956,0.8695652173913043,25
R041,2,0.7462382572994937,0.4394042299844919,1.053072284614495,0.3043478260869565,0.6956521739130435,25
R041,3,0.7608152627886784,0.4544512794003661,1.067179246176991,0.125,0.875,25
R041,4,0.7761755146778224,0.4701786257905964,1.0821724035650484,0.0434782608695652,0.9565217391304348,25
R041,5,0.7884364073729744,0.4827255438113508,1.0941472709345978,0.2083333333333333,0.7916666666666666,25
R041,6,0.805826682538167,0.5003208483291566,1.1113325167471777,0.0,1.0,25
R041,7,0.8219582896766088,0.5166272666719378,1.1272893126812795,0.0909090909090909,0.9090909090909092,25
R041,8,0.835839649701402,0.5306822996335108,1.1409969997692933,0.125,0.875,25
R041,9,0.8483081665917415,0.5432677653180098,1.1533485678654731,0.125,0.875,25
R041,10,0.8642202282029138,0.5592400660157599,1.1692003903900676,0.0869565217391304,0.9130434782608696,25
R041,11,0.878659098174132,0.573709017924747,1.183609178423517,0.0833333333333333,0.9166666666666666,25
R041,12,0.894925215733605,0.5899485098712396,1.1999019215959703,0.0416666666666666,0.9583333333333334,25
R041,13,0.9120278498256996,0.6069943673066778,1.2170613323447212,0.0,1.0,25
R041,14,0.9263034402574328,0.6211830191902985,1.231423861324567,0.08,0.92,25
R041,15,0.9446351195665128,0.6393252309607383,1.2499450081722872,0.0,1.0,25
R041,16,0.9596284147088446,0.654127920753993,1.2651289086636963,0.0833333333333333,0.9166666666666666,25
R041,17,0.9746642424795584,0.6689429301976881,1.280385554761429,0.0833333333333333,0.9166666666666666,25
R041,18,0.9897849463421802,0.6838125735193068,1.2957573191650535,0.0869565217391304,0.9130434782608696,25
R041,19,1.0035194374363043,0.6972391093599654,1.3097997655126434,0.08,0.92,25
R041,20,1.0205375452588972,0.7138923096916312,1.3271827808261631,0.0434782608695652,0.9565217391304348,25
R041,21,1.0339615967971485,0.7268944345539821,1.341028759040315,0.1,0.9,25
R041,22,1.0457947648017407,0.7382752766987848,1.3533142529046966,0.1739130434782608,0.8260869565217391,25
R041,23,1.060936501272454,0.7529074760399496,1.368965526504958,0.0434782608695652,0.9565217391304348,25
R041,24,1.072214399192871,0.7635941959625501,1.380834602423192,0.2083333333333333,0.7916666666666666,25
R042,1,-0.077999603215753,-0.3639462744597823,0.2079470680282762,0.3809523809523809,0.6190476190476191,4
R042,2,-0.0725368903383646,-0.3578830085947787,0.2128092279180495,0.3043478260869565,0.6956521739130435,2
R042,3,-0.0773767576356736,-0.3621928327970177,0.2074393175256704,0.5454545454545454,0.4545454545454546,3
R042,4,-0.0795144562858415,-0.3638011542495015,0.2047722416778183,0.4545454545454545,0.5454545454545454,3
R042,5,-0.0779276118497111,-0.361750809819229,0.2058955861198067,0.4,0.6,5
R042,6,-0.074797825592755,-0.3582446391640378,0.2086489879785276,0.4,0.6,5
R042,7,-0.0819145871008183,-0.3650183672848175,0.2011891930831808,0.6,0.4,5
R042,8,-0.0830041381951746,-0.3658276951752154,0.1998194187848662,0.4285714285714285,0.5714285714285714,4
R042,9,-0.0810991211135251,-0.363691321202907,0.2014930789758566,0.4285714285714285,0.5714285714285714,4
R042,10,-0.087113149114942,-0.3695022705390177,0.1952759723091336,0.5789473684210527,0.4210526315789473,6
R042,11,-0.0899071899496,-0.3721412853690178,0.1923269054698176,0.5,0.5,5
R042,12,-0.0937430240530906,-0.375870739180403,0.1883846910742218,0.5652173913043478,0.4347826086956522,2
R042,13,-0.0971997837260522,-0.3792472200214443,0.1848476525693397,0.5,0.5,3
R042,14,-0.1033130738108729,-0.3853449773752501,0.1787188297535041,0.5909090909090909,0.409090909090909,3
R042,15,-0.1147029928241215,-0.3967659931852775,0.1673600075370344,0.7368421052631579,0.2631578947368421,6
R042,16,-0.1242255692325224,-0.4063908544828833,0.1579397160178384,0.6666666666666666,0.3333333333333333,4
R042,17,-0.1245391856971396,-0.4068709068602311,0.1577925354659519,0.45,0.55,5
R042,18,-0.1204287224297062,-0.4030319514378923,0.1621745065784798,0.3636363636363636,0.6363636363636364,3
R042,19,-0.1323504465795386,-0.4153412231741843,0.150640330015107,0.7142857142857143,0.2857142857142857,4
R042,20,-0.1380167887540404,-0.4214356268158389,0.145402049307758,0.5909090909090909,0.409090909090909,3
R042,21,-0.1514291201865706,-0.4353591509353526,0.1325009105622113,0.7894736842105263,0.2105263157894736,6
R042,22,-0.1595721646054553,-0.4440625804343939,0.1249182512234831,0.6818181818181818,0.3181818181818182,3
R042,23,-0.1694195588668175,-0.4544962654648683,0.1156571477312332,0.6818181818181818,0.3181818181818182,3
R042,24,-0.1774129718890935,-0.4631189482125267,0.1082930044343397,0.6111111111111112,0.3888888888888888,7
R043,1,0.661062073516778,0.321071976892218,1.001052170141338,0.1363636363636363,0.8636363636363636,3
R043,2,0.6785966215839758,0.3391368110297892,1.0180564321381624,0.0,1.0,3
R043,3,0.6919691856830401,0.3529550593465715,1.0309833120195089,0.125,0.875,1
R043,4,0.7059138840685183,0.3673185419215036,1.0445092262155329,0.125,0.875,1
R043,5,0.7199682561500208,0.3816985213177965,1.058237990982245,0.1363636363636363,0.8636363636363636,3
R043,6,0.7338689934859882,0.3958364181372147,1.0719015688347615,0.0833333333333333,0.9166666666666666,1
R043,7,0.7463100404311299,0.4084521927520296,1.08416788811023,0.16,0.84,0
R043,8,0.7636483239832961,0.4259634687800279,1.101333179186564,0.0434782608695652,0.9565217391304348,2
R043,9,0.7798144560450002,0.4422142690288607,1.1174146430611398,0.0833333333333333,0.9166666666666666,1
R043,10,0.7944523161165296,0.4568484610021483,1.1320561712309107,0.0952380952380952,0.9047619047619048,4
R043,11,0.81070095602844,0.4730917009651419,1.1483102110917378,0.0416666666666666,0.9583333333333334,1
R043,12,0.82507182878614,0.4873944221434064,1.1627492354288738,0.1304347826086956,0.8695652173913043,2
R043,13,0.8395081649958607,0.5017002345539916,1.1773160954377295,0.0833333333333333,0.9166666666666666,1
R043,14,0.8476985064000413,0.5097263948998307,1.185670617900252,0.25,0.75,1
R043,15,0.8640770245933201,0.5258826654534832,1.2022713837331571,0.05,0.95,5
R043,16,0.8771862329657906,0.5387358017490131,1.215636664182568,0.125,0.875,1
R043,17,0.8904065206306928,0.5516695294654446,1.229143511795941,0.1304347826086956,0.8695652173913043,2
R043,18,0.9007843492364744,0.5616317135972806,1.2399369848756685,0.1304347826086956,0.8695652173913043,2
R043,19,0.9156289163236976,0.5760588802668988,1.2551989523804965,0.0434782608695652,0.9565217391304348,2
R043,20,0.9295232406302686,0.5895340401000113,1.269512441160526,0.125,0.875,1
R043,21,0.9445568432660592,0.604146707772401,1.284966978759717,0.0869565217391304,0.9130434782608696,2
R043,22,0.9554637846523708,0.6145757829247553,1.296351786379986,0.2083333333333333,0.7916666666666666,1
R043,23,0.9646671366893498,0.6232812126087023,1.3060530607699974,0.2272727272727272,0.7727272727272727,3
R043,24,0.9760616767972852,0.6341162875087649,1.3180070660858054,0.12,0.88,0
