reviewer_id,week,case_id,domain,arm,independent_correct,source
C000,1,CASE026414,code_review,control_always_ai,1,ai_not_shown
C000,2,CASE026428,code_review,control_always_ai,1,ai_not_shown
C000,2,CASE026429,code_review,control_always_ai,0,ai_not_shown
C000,2,CASE026436,code_review,control_always_ai,1,ai_not_shown
C000,3,CASE026474,code_review,control_always_ai,1,ai_not_shown
C000,6,CASE026526,code_review,control_always_ai,0,ai_not_shown
C000,6,CASE026527,code_review,control_always_ai,1,ai_not_shown
C000,6,CASE026550,code_review,control_always_ai,1,ai_not_shown
C000,7,CASE026553,code_review,control_always_ai,1,ai_not_shown
C000,8,CASE026580,code_review,control_always_ai,0,ai_not_shown
C000,8,CASE026593,code_review,control_always_ai,1,ai_not_shown
C000,9,CASE026602,code_review,control_always_ai,1,ai_not_shown
C000,9,CASE026612,code_review,control_always_ai,1,ai_not_shown
C000,9,CASE026625,code_review,control_always_ai,0,ai_not_shown
C000,10,CASE026635,code_review,control_always_ai,1,ai_not_shown
C000,11,CASE026653,code_review,control_always_ai,0,ai_not_shown
C000,11,CASE026656,code_review,control_always_ai,0,ai_not_shown
C000,14,CASE026726,code_review,control_always_ai,1,ai_not_shown
C000,14,CASE026735,code_review,control_always_ai,1,ai_not_shown
C000,16,CASE026789,code_review,control_always_ai,1,ai_not_shown
C000,16,CASE026791,code_review,control_always_ai,0,ai_not_shown
C000,17,CASE026801,code_review,control_always_ai,0,ai_not_shown
C000,17,CASE026819,code_review,control_always_ai,1,ai_not_shown
C000,18,CASE026830,code_review,control_always_ai,1,ai_not_shown
C000,19,CASE026854,code_review,control_always_ai,1,ai_not_shown
C000,19,CASE026856,code_review,control_always_ai,1,ai_not_shown
C000,19,CASE026870,code_review,control_always_ai,1,ai_not_shown
C000,19,CASE026871,code_review,control_always_ai,1,ai_not_shown
C000,20,CASE026876,code_review,control_always_ai,1,ai_not_shown
C000,20,CASE026886,code_review,control_always_ai,1,ai_not_shown
C000,20,CASE026899,code_review,control_always_ai,1,ai_not_shown
C000,23,CASE026960,code_review,control_always_ai,1,ai_not_shown
C000,23,CASE026964,code_review,control_always_ai,1,ai_not_shown
C000,23,CASE026970,code_review,control_always_ai,1,ai_not_shown
C000,23,CASE026973,code_review,control_always_ai,1,ai_not_shown
C000,24,CASE026992,code_review,control_always_ai,1,ai_not_shown
C001,1,CASE027001,code_review,blind_first,1,ai_not_shown
C001,1,CASE027002,code_review,blind_first,1,blind_first_precommit
C001,1,CASE027003,code_review,blind_first,1,blind_first_precommit
C001,1,CASE027004,code_review,blind_first,0,blind_first_precommit
C001,1,CASE027005,code_review,blind_first,1,blind_first_precommit
C001,1,CASE027006,code_review,blind_first,0,blind_first_precommit
C001,1,CASE027007,code_review,blind_first,1,blind_first_precommit
C001,1,CASE027008,code_review,blind_first,1,blind_first_precommit
C001,1,CASE027009,code_review,blind_first,0,blind_first_precommit
C001,1,CASE027010,code_review,blind_first,1,blind_first_precommit
C001,1,CASE027011,code_review,blind_first,0,blind_first_precommit
C001,1,CASE027012,code_review,blind_first,0,blind_first_precommit
C001,1,CASE027013,code_review,blind_first,1,ai_not_shown
C001,1,CASE027014,code_review,blind_first,1,blind_first_precommit
C001,1,CASE027015,code_review,blind_first,1,blind_first_precommit
C001,1,CASE027016,code_review,blind_first,0,blind_first_precommit
C001,1,CASE027017,code_review,blind_first,1,blind_first_precommit
C001,1,CASE027018,code_review,blind_first,1,blind_first_precommit
C001,1,CASE027019,code_review,blind_first,1,blind_first_precommit
C001,1,CASE027020,code_review,blind_first,0,blind_first_precommit
C001,1,CASE027021,code_review,blind_first,1,blind_first_precommit
C001,1,CASE027022,code_review,blind_first,0,blind_first_precommit
C001,1,CASE027023,code_review,blind_first,1,ai_not_shown
C001,1,CASE027024,code_review,blind_first,1,blind_first_precommit
C001,1,CASE027025,code_review,blind_first,0,blind_first_precommit
C001,2,CASE027026,code_review,blind_first,0,blind_first_precommit
C001,2,CASE027027,code_review,blind_first,1,blind_first_precommit
C001,2,CASE027028,code_review,blind_first,1,blind_first_precommit
C001,2,CASE027029,code_review,blind_first,0,blind_first_precommit
C001,2,CASE027030,code_review,blind_first,1,blind_first_precommit
C001,2,CASE027031,code_review,blind_first,1,blind_first_precommit
C001,2,CASE027032,code_review,blind_first,1,blind_first_precommit
C001,2,CASE027033,code_review,blind_first,1,blind_first_precommit
C001,2,CASE027034,code_review,blind_first,1,blind_first_precommit
C001,2,CASE027035,code_review,blind_first,1,blind_first_precommit
C001,2,CASE027036,code_review,blind_first,1,ai_not_shown
C001,2,CASE027037,code_review,blind_first,0,blind_first_precommit
C001,2,CASE027038,code_review,blind_first,0,blind_first_precommit
C001,2,CASE027039,code_review,blind_first,0,blind_first_precommit
C001,2,CASE027040,code_review,blind_first,0,blind_first_precommit
C001,2,CASE027041,code_review,blind_first,0,blind_first_precommit
C001,2,CASE027042,code_review,blind_first,1,blind_first_precommit
C001,2,CASE027043,code_review,blind_first,1,blind_first_precommit
C001,2,CASE027044,code_review,blind_first,0,blind_first_precommit
C001,2,CASE027045,code_review,blind_first,1,blind_first_precommit
C001,2,CASE027046,code_review,blind_first,1,blind_first_precommit
C001,2,CASE027047,code_review,blind_first,1,blind_first_precommit
C001,2,CASE027048,code_review,blind_first,0,blind_first_precommit
C001,2,CASE027049,code_review,blind_first,0,ai_not_shown
C001,2,CASE027050,code_review,blind_first,0,blind_first_precommit
C001,3,CASE027051,code_review,blind_first,0,blind_first_precommit
C001,3,CASE027052,code_review,blind_first,0,blind_first_precommit
C001,3,CASE027053,code_review,blind_first,1,blind_first_precommit
C001,3,CASE027054,code_review,blind_first,0,blind_first_precommit
C001,3,CASE027055,code_review,blind_first,1,blind_first_precommit
C001,3,CASE027056,code_review,blind_first,0,blind_first_precommit
C001,3,CASE027057,code_review,blind_first,1,blind_first_precommit
C001,3,CASE027058,code_review,blind_first,1,blind_first_precommit
C001,3,CASE027059,code_review,blind_first,1,blind_first_precommit
C001,3,CASE027060,code_review,blind_first,0,blind_first_precommit
C001,3,CASE027061,code_review,blind_first,1,blind_first_precommit
C001,3,CASE027062,code_review,blind_first,1,ai_not_shown
C001,3,CASE027063,code_review,blind_first,1,blind_first_precommit
C001,3,CASE027064,code_review,blind_first,1,blind_first_precommit
C001,3,CASE027065,code_review,blind_first,1,blind_first_precommit
C001,3,CASE027066,code_review,blind_first,1,blind_first_precommit
C001,3,CASE027067,code_review,blind_first,1,blind_first_precommit
C001,3,CASE027068,code_review,blind_first,1,blind_first_precommit
C001,3,CASE027069,code_review,blind_first,1,blind_first_precommit
C001,3,CASE027070,code_review,blind_first,0,blind_first_precommit
C001,3,CASE027071,code_review,blind_first,1,blind_first_precommit
C001,3,CASE027072,code_review,blind_first,1,blind_first_precommit
C001,3,CASE027073,code_review,blind_first,1,blind_first_precommit
C001,3,CASE027074,code_review,blind_first,1,blind_first_precommit
C001,3,CASE027075,code_review,blind_first,0,blind_first_precommit
C001,4,CASE027076,code_review,blind_first,1,blind_first_precommit
C001,4,CASE027077,code_review,blind_first,1,blind_first_precommit
C001,4,CASE027078,code_review,blind_first,1,blind_first_precommit
C001,4,CASE027079,code_review,blind_first,0,blind_first_precommit
C001,4,CASE027080,code_review,blind_first,1,blind_first_precommit
C001,4,CASE027081,code_review,blind_first,1,blind_first_precommit
C001,4,CASE027082,code_review,blind_first,1,blind_first_precommit
C001,4,CASE027083,code_review,blind_first,0,blind_first_precommit
C001,4,CASE027084,code_review,blind_first,0,blind_first_precommit
C001,4,CASE027085,code_review,blind_first,0,blind_first_precommit
C001,4,CASE027086,code_review,blind_first,0,blind_first_precommit
C001,4,CASE027087,code_review,blind_first,0,blind_first_precommit
C001,4,CASE027088,code_review,blind_first,0,blind_first_precommit
C001,4,CASE027089,code_review,blind_first,0,blind_first_precommit
C001,4,CASE027090,code_review,blind_first,1,blind_first_precommit
C001,4,CASE027091,code_review,blind_first,1,blind_first_precommit
C001,4,CASE027092,code_review,blind_first,1,blind_first_precommit
C001,4,CASE027093,code_review,blind_first,1,blind_first_precommit
C001,4,CASE027094,code_review,blind_first,1,blind_first_precommit
C001,4,CASE027095,code_review,blind_first,1,blind_first_precommit
C001,4,CASE027096,code_review,blind_first,1,blind_first_precommit
C001,4,CASE027097,code_review,blind_first,1,blind_first_precommit
C001,4,CASE027098,code_review,blind_first,1,blind_first_precommit
C001,4,CASE027099,code_review,blind_first,0,blind_first_precommit
C001,4,CASE027100,code_review,blind_first,1,blind_first_precommit
C001,5,CASE027101,code_review,blind_first,1,blind_first_precommit
C001,5,CASE027102,code_review,blind_first,1,blind_first_precommit
C001,5,CASE027103,code_review,blind_first,1,blind_first_precommit
C001,5,CASE027104,code_review,blind_first,0,blind_first_precommit
C001,5,CASE027105,code_review,blind_first,1,blind_first_precommit
C001,5,CASE027106,code_review,blind_first,1,blind_first_precommit
C001,5,CASE027107,code_review,blind_first,1,blind_first_precommit
C001,5,CASE027108,code_review,blind_first,1,blind_first_precommit
C001,5,CASE027109,code_review,blind_first,0,blind_first_precommit
C001,5,CASE027110,code_review,blind_first,0,blind_first_precommit
C001,5,CASE027111,code_review,blind_first,0,blind_first_precommit
C001,5,CASE027112,code_review,blind_first,1,blind_first_precommit
C001,5,CASE027113,code_review,blind_first,1,ai_not_shown
C001,5,CASE027114,code_review,blind_first,0,blind_first_precommit
C001,5,CASE027115,code_review,blind_first,0,blind_first_precommit
C001,5,CASE027116,code_review,blind_first,1,blind_first_precommit
C001,5,CASE027117,code_review,blind_first,0,blind_first_precommit
C001,5,CASE027118,code_review,blind_first,0,blind_first_precommit
C001,5,CASE027119,code_review,blind_first,1,blind_first_precommit
C001,5,CASE027120,code_review,blind_first,0,blind_first_precommit
C001,5,CASE027121,code_review,blind_first,0,blind_first_precommit
C001,5,CASE027122,code_review,blind_first,0,blind_first_precommit
C001,5,CASE027123,code_review,blind_first,0,blind_first_precommit
C001,5,CASE027124,code_review,blind_first,0,blind_first_precommit
C001,5,CASE027125,code_review,blind_first,0,blind_first_precommit
C001,6,CASE027126,code_review,blind_first,0,blind_first_precommit
C001,6,CASE027127,code_review,blind_first,0,blind_first_precommit
C001,6,CASE027128,code_review,blind_first,1,blind_first_precommit
C001,6,CASE027129,code_review,blind_first,0,blind_first_precommit
C001,6,CASE027130,code_review,blind_first,1,blind_first_precommit
C001,6,CASE027131,code_review,blind_first,0,blind_first_precommit
C001,6,CASE027132,code_review,blind_first,1,blind_first_precommit
C001,6,CASE027133,code_review,blind_first,1,blind_first_precommit
C001,6,CASE027134,code_review,blind_first,0,blind_first_precommit
C001,6,CASE027135,code_review,blind_first,0,blind_first_precommit
C001,6,CASE027136,code_review,blind_first,1,blind_first_precommit
C001,6,CASE027137,code_review,blind_first,0,blind_first_precommit
C001,6,CASE027138,code_review,blind_first,1,blind_first_precommit
C001,6,CASE027139,code_review,blind_first,1,blind_first_precommit
C001,6,CASE027140,code_review,blind_first,0,blind_first_precommit
C001,6,CASE027141,code_review,blind_first,0,blind_first_precommit
C001,6,CASE027142,code_review,blind_first,1,blind_first_precommit
C001,6,CASE027143,code_review,blind_first,1,blind_first_precommit
C001,6,CASE027144,code_review,blind_first,1,blind_first_precommit
C001,6,CASE027145,code_review,blind_first,1,blind_first_precommit
C001,6,CASE027146,code_review,blind_first,1,blind_first_precommit
C001,6,CASE027147,code_review,blind_first,1,blind_first_precommit
C001,6,CASE027148,code_review,blind_first,0,blind_first_precommit
C001,6,CASE027149,code_review,blind_first,1,blind_first_precommit
C001,6,CASE027150,code_review,blind_first,1,blind_first_precommit
C001,7,CASE027151,code_review,blind_first,1,blind_first_precommit
C001,7,CASE027152,code_review,blind_first,1,ai_not_shown
C001,7,CASE027153,code_review,blind_first,1,blind_first_precommit
C001,7,CASE027154,code_review,blind_first,0,blind_first_precommit
C001,7,CASE027155,code_review,blind_first,1,blind_first_precommit
C001,7,CASE027156,code_review,blind_first,1,blind_first_precommit
C001,7,CASE027157,code_review,blind_first,1,ai_not_shown
C001,7,CASE027158,code_review,blind_first,1,blind_first_precommit
C001,7,CASE027159,code_review,blind_first,1,blind_first_precommit
C001,7,CASE027160,code_review,blind_first,1,blind_first_precommit
C001,7,CASE027161,code_review,blind_first,0,blind_first_precommit
C001,7,CASE027162,code_review,blind_first,1,blind_first_precommit
C001,7,CASE027163,code_review,blind_first,1,blind_first_precommit
C001,7,CASE027164,code_review,blind_first,1,blind_first_precommit
C001,7,CASE027165,code_review,blind_first,0,blind_first_precommit
C001,7,CASE027166,code_review,blind_first,1,blind_first_precommit
C001,7,CASE027167,code_review,blind_first,1,blind_first_precommit
C001,7,CASE027168,code_review,blind_first,1,blind_first_precommit
C001,7,CASE027169,code_review,blind_first,0,blind_first_precommit
C001,7,CASE027170,code_review,blind_first,0,blind_first_precommit
C001,7,CASE027171,code_review,blind_first,0,blind_first_precommit
C001,7,CASE027172,code_review,blind_first,1,blind_first_precommit
C001,7,CASE027173,code_review,blind_first,1,blind_first_precommit
C001,7,CASE027174,code_review,blind_first,1,blind_first_precommit
C001,7,CASE027175,code_review,blind_first,1,blind_first_precommit
C001,8,CASE027176,code_review,blind_first,0,ai_not_shown
C001,8,CASE027177,code_review,blind_first,1,blind_first_precommit
C001,8,CASE027178,code_review,blind_first,0,blind_first_precommit
C001,8,CASE027179,code_review,blind_first,0,blind_first_precommit
C001,8,CASE027180,code_review,blind_first,0,blind_first_precommit
C001,8,CASE027181,code_review,blind_first,1,blind_first_precommit
C001,8,CASE027182,code_review,blind_first,1,blind_first_precommit
C001,8,CASE027183,code_review,blind_first,1,ai_not_shown
C001,8,CASE027184,code_review,blind_first,1,blind_first_precommit
C001,8,CASE027185,code_review,blind_first,1,blind_first_precommit
C001,8,CASE027186,code_review,blind_first,1,blind_first_precommit
C001,8,CASE027187,code_review,blind_first,1,blind_first_precommit
C001,8,CASE027188,code_review,blind_first,1,ai_not_shown
C001,8,CASE027189,code_review,blind_first,1,blind_first_precommit
C001,8,CASE027190,code_review,blind_first,0,blind_first_precommit
C001,8,CASE027191,code_review,blind_first,1,blind_first_precommit
C001,8,CASE027192,code_review,blind_first,1,blind_first_precommit
C001,8,CASE027193,code_review,blind_first,1,blind_first_precommit
C001,8,CASE027194,code_review,blind_first,0,blind_first_precommit
C001,8,CASE027195,code_review,blind_first,0,blind_first_precommit
C001,8,CASE027196,code_review,blind_first,0,blind_first_precommit
C001,8,CASE027197,code_review,blind_first,1,blind_first_precommit
C001,8,CASE027198,code_review,blind_first,1,blind_first_precommit
C001,8,CASE027199,code_review,blind_first,1,blind_first_precommit
C001,8,CASE027200,code_review,blind_first,1,blind_first_precommit
C001,9,CASE027201,code_review,blind_first,1,blind_first_precommit
C001,9,CASE027202,code_review,blind_first,0,blind_first_precommit
C001,9,CASE027203,code_review,blind_first,1,blind_first_precommit
C001,9,CASE027204,code_review,blind_first,1,blind_first_precommit
C001,9,CASE027205,code_review,blind_first,0,blind_first_precommit
C001,9,CASE027206,code_review,blind_first,1,blind_first_precommit
C001,9,CASE027207,code_review,blind_first,1,blind_first_precommit
C001,9,CASE027208,code_review,blind_first,0,blind_first_precommit
C001,9,CASE027209,code_review,blind_first,0,blind_first_precommit
C001,9,CASE027210,code_review,blind_first,1,blind_first_precommit
C001,9,CASE027211,code_review,blind_first,1,blind_first_precommit
C001,9,CASE027212,code_review,blind_first,0,blind_first_precommit
C001,9,CASE027213,code_review,blind_first,1,blind_first_precommit
C001,9,CASE027214,code_review,blind_first,1,blind_first_precommit
C001,9,CASE027215,code_review,blind_first,1,blind_first_precommit
C001,9,CASE027216,code_review,blind_first,1,blind_first_precommit
C001,9,CASE027217,code_review,blind_first,1,ai_not_shown
C001,9,CASE027218,code_review,blind_first,0,blind_first_precommit
C001,9,CASE027219,code_review,blind_first,1,blind_first_precommit
C001,9,CASE027220,code_review,blind_first,0,blind_first_precommit
C001,9,CASE027221,code_review,blind_first,0,blind_first_precommit
C001,9,CASE027222,code_review,blind_first,0,ai_not_shown
C001,9,CASE027223,code_review,blind_first,1,blind_first_precommit
C001,9,CASE027224,code_review,blind_first,1,blind_first_precommit
C001,9,CASE027225,code_review,blind_first,1,blind_first_precommit
C001,10,CASE027226,code_review,blind_first,1,blind_first_precommit
C001,10,CASE027227,code_review,blind_first,1,blind_first_precommit
C001,10,CASE027228,code_review,blind_first,1,blind_first_precommit
C001,10,CASE027229,code_review,blind_first,1,blind_first_precommit
C001,10,CASE027230,code_review,blind_first,1,blind_first_precommit
C001,10,CASE027231,code_review,blind_first,0,ai_not_shown
C001,10,CASE027232,code_review,blind_first,1,blind_first_precommit
C001,10,CASE027233,code_review,blind_first,1,blind_first_precommit
C001,10,CASE027234,code_review,blind_first,1,blind_first_precommit
C001,10,CASE027235,code_review,blind_first,1,blind_first_precommit
C001,10,CASE027236,code_review,blind_first,1,blind_first_precommit
C001,10,CASE027237,code_review,blind_first,1,blind_first_precommit
C001,10,CASE027238,code_review,blind_first,1,blind_first_precommit
C001,10,CASE027239,code_review,blind_first,1,blind_first_precommit
C001,10,CASE027240,code_review,blind_first,1,blind_first_precommit
C001,10,CASE027241,code_review,blind_first,0,blind_first_precommit
C001,10,CASE027242,code_review,blind_first,1,blind_first_precommit
C001,10,CASE027243,code_review,blind_first,1,blind_first_precommit
C001,10,CASE027244,code_review,blind_first,0,blind_first_precommit
C001,10,CASE027245,code_review,blind_first,0,blind_first_precommit
C001,10,CASE027246,code_review,blind_first,1,blind_first_precommit
C001,10,CASE027247,code_review,blind_first,0,blind_first_precommit
C001,10,CASE027248,code_review,blind_first,1,ai_not_shown
C001,10,CASE027249,code_review,blind_first,1,blind_first_precommit
C001,10,CASE027250,code_review,blind_first,1,blind_first_precommit
C001,11,CASE027251,code_review,blind_first,1,blind_first_precommit
C001,11,CASE027252,code_review,blind_first,1,blind_first_precommit
C001,11,CASE027253,code_review,blind_first,0,blind_first_precommit
C001,11,CASE027254,code_review,blind_first,1,blind_first_precommit
C001,11,CASE027255,code_review,blind_first,0,blind_first_precommit
C001,11,CASE027256,code_review,blind_first,1,blind_first_precommit
C001,11,CASE027257,code_review,blind_first,1,blind_first_precommit
C001,11,CASE027258,code_review,blind_first,1,blind_first_precommit
C001,11,CASE027259,code_review,blind_first,1,blind_first_precommit
C001,11,CASE027260,code_review,blind_first,1,blind_first_precommit
C001,11,CASE027261,code_review,blind_first,1,blind_first_precommit
C001,11,CASE027262,code_review,blind_first,1,blind_first_precommit
C001,11,CASE027263,code_review,blind_first,1,blind_first_precommit
C001,11,CASE027264,code_review,blind_first,1,blind_first_precommit
C001,11,CASE027265,code_review,blind_first,0,blind_first_precommit
C001,11,CASE027266,code_review,blind_first,1,blind_first_precommit
C001,11,CASE027267,code_review,blind_first,1,blind_first_precommit
C001,11,CASE027268,code_review,blind_first,1,blind_first_precommit
C001,11,CASE027269,code_review,blind_first,0,blind_first_precommit
C001,11,CASE027270,code_review,blind_first,0,blind_first_precommit
C001,11,CASE027271,code_review,blind_first,1,blind_first_precommit
C001,11,CASE027272,code_review,blind_first,1,blind_first_precommit
C001,11,CASE027273,code_review,blind_first,1,ai_not_shown
C001,11,CASE027274,code_review,blind_first,1,blind_first_precommit
C001,11,CASE027275,code_review,blind_first,1,blind_first_precommit
C001,12,CASE027276,code_review,blind_first,1,blind_first_precommit
C001,12,CASE027277,code_review,blind_first,1,blind_first_precommit
C001,12,CASE027278,code_review,blind_first,0,blind_first_precommit
C001,12,CASE027279,code_review,blind_first,1,blind_first_precommit
C001,12,CASE027280,code_review,blind_first,0,ai_not_shown
C001,12,CASE027281,code_review,blind_first,1,blind_first_precommit
C001,12,CASE027282,code_review,blind_first,1,blind_first_precommit
C001,12,CASE027283,code_review,blind_first,1,blind_first_precommit
C001,12,CASE027284,code_review,blind_first,0,blind_first_precommit
C001,12,CASE027285,code_review,blind_first,1,blind_first_precommit
C001,12,CASE027286,code_review,blind_first,1,blind_first_precommit
C001,12,CASE027287,code_review,blind_first,1,blind_first_precommit
C001,12,CASE027288,code_review,blind_first,1,blind_first_precommit
C001,12,CASE027289,code_review,blind_first,0,blind_first_precommit
C001,12,CASE027290,code_review,blind_first,1,blind_first_precommit
C001,12,CASE027291,code_review,blind_first,1,blind_first_precommit
C001,12,CASE027292,code_review,blind_first,1,blind_first_precommit
C001,12,CASE027293,code_review,blind_first,1,blind_first_precommit
C001,12,CASE027294,code_review,blind_first,1,blind_first_precommit
C001,12,CASE027295,code_review,blind_first,1,ai_not_shown
C001,12,CASE027296,code_review,blind_first,0,blind_first_precommit
C001,12,CASE027297,code_review,blind_first,1,blind_first_precommit
C001,12,CASE027298,code_review,blind_first,0,blind_first_precommit
C001,12,CASE027299,code_review,blind_first,0,blind_first_precommit
C001,12,CASE027300,code_review,blind_first,0,blind_first_precommit
C001,13,CASE027301,code_review,blind_first,0,ai_not_shown
C001,13,CASE027302,code_review,blind_first,0,ai_not_shown
C001,13,CASE027303,code_review,blind_first,1,blind_first_precommit
C001,13,CASE027304,code_review,blind_first,1,blind_first_precommit
C001,13,CASE027305,code_review,blind_first,1,blind_first_precommit
C001,13,CASE027306,code_review,blind_first,1,blind_first_precommit
C001,13,CASE027307,code_review,blind_first,1,blind_first_precommit
C001,13,CASE027308,code_review,blind_first,1,blind_first_precommit
C001,13,CASE027309,code_review,blind_first,1,blind_first_precommit
C001,13,CASE027310,code_review,blind_first,1,blind_first_precommit
C001,13,CASE027311,code_review,blind_first,0,blind_first_precommit
C001,13,CASE027312,code_review,blind_first,1,blind_first_precommit
C001,13,CASE027313,code_review,blind_first,1,blind_first_precommit
C001,13,CASE027314,code_review,blind_first,1,blind_first_precommit
C001,13,CASE027315,code_review,blind_first,1,blind_first_precommit
C001,13,CASE027316,code_review,blind_first,1,blind_first_precommit
C001,13,CASE027317,code_review,blind_first,0,blind_first_precommit
C001,13,CASE027318,code_review,blind_first,0,blind_first_precommit
C001,13,CASE027319,code_review,blind_first,1,blind_first_precommit
C001,13,CASE027320,code_review,blind_first,1,blind_first_precommit
C001,13,CASE027321,code_review,blind_first,0,blind_first_precommit
C001,13,CASE027322,code_review,blind_first,0,blind_first_precommit
C001,13,CASE027323,code_review,blind_first,1,ai_not_shown
C001,13,CASE027324,code_review,blind_first,1,blind_first_precommit
C001,13,CASE027325,code_review,blind_first,1,blind_first_precommit
C001,14,CASE027326,code_review,blind_first,1,blind_first_precommit
C001,14,CASE027327,code_review,blind_first,1,blind_first_precommit
C001,14,CASE027328,code_review,blind_first,0,blind_first_precommit
C001,14,CASE027329,code_review,blind_first,0,blind_first_precommit
C001,14,CASE027330,code_review,blind_first,1,blind_first_precommit
C001,14,CASE027331,code_review,blind_first,1,blind_first_precommit
C001,14,CASE027332,code_review,blind_first,0,blind_first_precommit
C001,14,CASE027333,code_review,blind_first,1,blind_first_precommit
C001,14,CASE027334,code_review,blind_first,1,blind_first_precommit
C001,14,CASE027335,code_review,blind_first,1,blind_first_precommit
C001,14,CASE027336,code_review,blind_first,1,blind_first_precommit
C001,14,CASE027337,code_review,blind_first,1,blind_first_precommit
C001,14,CASE027338,code_review,blind_first,0,ai_not_shown
C001,14,CASE027339,code_review,blind_first,0,blind_first_precommit
C001,14,CASE027340,code_review,blind_first,0,blind_first_precommit
C001,14,CASE027341,code_review,blind_first,1,ai_not_shown
C001,14,CASE027342,code_review,blind_first,0,blind_first_precommit
C001,14,CASE027343,code_review,blind_first,0,blind_first_precommit
C001,14,CASE027344,code_review,blind_first,0,blind_first_precommit
C001,14,CASE027345,code_review,blind_first,1,blind_first_precommit
C001,14,CASE027346,code_review,blind_first,0,blind_first_precommit
C001,14,CASE027347,code_review,blind_first,1,blind_first_precommit
C001,14,CASE027348,code_review,blind_first,0,blind_first_precommit
C001,14,CASE027349,code_review,blind_first,1,blind_first_precommit
C001,14,CASE027350,code_review,blind_first,0,blind_first_precommit
C001,15,CASE027351,code_review,blind_first,1,blind_first_precommit
C001,15,CASE027352,code_review,blind_first,1,blind_first_precommit
C001,15,CASE027353,code_review,blind_first,1,blind_first_precommit
C001,15,CASE027354,code_review,blind_first,1,blind_first_precommit
C001,15,CASE027355,code_review,blind_first,0,ai_not_shown
C001,15,CASE027356,code_review,blind_first,1,blind_first_precommit
C001,15,CASE027357,code_review,blind_first,0,blind_first_precommit
C001,15,CASE027358,code_review,blind_first,1,blind_first_precommit
C001,15,CASE027359,code_review,blind_first,1,blind_first_precommit
C001,15,CASE027360,code_review,blind_first,1,blind_first_precommit
C001,15,CASE027361,code_review,blind_first,0,blind_first_precommit
C001,15,CASE027362,code_review,blind_first,1,blind_first_precommit
C001,15,CASE027363,code_review,blind_first,1,blind_first_precommit
C001,15,CASE027364,code_review,blind_first,0,blind_first_precommit
C001,15,CASE027365,code_review,blind_first,0,blind_first_precommit
C001,15,CASE027366,code_review,blind_first,0,blind_first_precommit
C001,15,CASE027367,code_review,blind_first,1,blind_first_precommit
C001,15,CASE027368,code_review,blind_first,1,blind_first_precommit
C001,15,CASE027369,code_review,blind_first,0,blind_first_precommit
C001,15,CASE027370,code_review,blind_first,1,blind_first_precommit
C001,15,CASE027371,code_review,blind_first,1,blind_first_precommit
C001,15,CASE027372,code_review,blind_first,1,blind_first_precommit
C001,15,CASE027373,code_review,blind_first,0,blind_first_precommit
C001,15,CASE027374,code_review,blind_first,1,blind_first_precommit
C001,15,CASE027375,code_review,blind_first,1,blind_first_precommit
C001,16,CASE027376,code_review,blind_first,0,blind_first_precommit
C001,16,CASE027377,code_review,blind_first,0,blind_first_precommit
C001,16,CASE027378,code_review,blind_first,1,blind_first_precommit
C001,16,CASE027379,code_review,blind_first,1,blind_first_precommit
C001,16,CASE027380,code_review,blind_first,0,blind_first_precommit
C001,16,CASE027381,code_review,blind_first,1,blind_first_precommit
C001,16,CASE027382,code_review,blind_first,1,ai_not_shown
C001,16,CASE027383,code_review,blind_first,1,blind_first_precommit
C001,16,CASE027384,code_review,blind_first,1,blind_first_precommit
C001,16,CASE027385,code_review,blind_first,0,blind_first_precommit
C001,16,CASE027386,code_review,blind_first,0,blind_first_precommit
C001,16,CASE027387,code_review,blind_first,0,blind_first_precommit
C001,16,CASE027388,code_review,blind_first,0,blind_first_precommit
C001,16,CASE027389,code_review,blind_first,1,blind_first_precommit
C001,16,CASE027390,code_review,blind_first,0,blind_first_precommit
C001,16,CASE027391,code_review,blind_first,1,ai_not_shown
C001,16,CASE027392,code_review,blind_first,1,blind_first_precommit
C001,16,CASE027393,code_review,blind_first,0,blind_first_precommit
C001,16,CASE027394,code_review,blind_first,1,blind_first_precommit
C001,16,CASE027395,code_review,blind_first,1,blind_first_precommit
C001,16,CASE027396,code_review,blind_first,1,blind_first_precommit
C001,16,CASE027397,code_review,blind_first,1,blind_first_precommit
C001,16,CASE027398,code_review,blind_first,0,blind_first_precommit
C001,16,CASE027399,code_review,blind_first,1,blind_first_precommit
C001,16,CASE027400,code_review,blind_first,1,blind_first_precommit
C001,17,CASE027401,code_review,blind_first,1,blind_first_precommit
C001,17,CASE027402,code_review,blind_first,0,blind_first_precommit
C001,17,CASE027403,code_review,blind_first,1,blind_first_precommit
C001,17,CASE027404,code_review,blind_first,1,ai_not_shown
C001,17,CASE027405,code_review,blind_first,0,blind_first_precommit
C001,17,CASE027406,code_review,blind_first,1,blind_first_precommit
C001,17,CASE027407,code_review,blind_first,1,blind_first_precommit
C001,17,CASE027408,code_review,blind_first,1,blind_first_precommit
C001,17,CASE027409,code_review,blind_first,1,blind_first_precommit
C001,17,CASE027410,code_review,blind_first,1,blind_first_precommit
C001,17,CASE027411,code_review,blind_first,0,blind_first_precommit
C001,17,CASE027412,code_review,blind_first,1,blind_first_precommit
C001,17,CASE027413,code_review,blind_first,1,blind_first_precommit
C001,17,CASE027414,code_review,blind_first,1,blind_first_precommit
C001,17,CASE027415,code_review,blind_first,0,blind_first_precommit
C001,17,CASE027416,code_review,blind_first,1,blind_first_precommit
C001,17,CASE027417,code_review,blind_first,1,blind_first_precommit
C001,17,CASE027418,code_review,blind_first,0,blind_first_precommit
C001,17,CASE027419,code_review,blind_first,1,ai_not_shown
C001,17,CASE027420,code_review,blind_first,1,blind_first_precommit
C001,17,CASE027421,code_review,blind_first,0,blind_first_precommit
C001,17,CASE027422,code_review,blind_first,0,blind_first_precommit
C001,17,CASE027423,code_review,blind_first,0,blind_first_precommit
C001,17,CASE027424,code_review,blind_first,1,blind_first_precommit
C001,17,CASE027425,code_review,blind_first,1,blind_first_precommit
C001,18,CASE027426,code_review,blind_first,0,blind_first_precommit
C001,18,CASE027427,code_review,blind_first,1,blind_first_precommit
C001,18,CASE027428,code_review,blind_first,0,blind_first_precommit
C001,18,CASE027429,code_review,blind_first,1,blind_first_precommit
C001,18,CASE027430,code_review,blind_first,0,blind_first_precommit
C001,18,CASE027431,code_review,blind_first,1,blind_first_precommit
C001,18,CASE027432,code_review,blind_first,1,blind_first_precommit
C001,18,CASE027433,code_review,blind_first,1,blind_first_precommit
C001,18,CASE027434,code_review,blind_first,1,blind_first_precommit
C001,18,CASE027435,code_review,blind_first,0,blind_first_precommit
C001,18,CASE027436,code_review,blind_first,1,blind_first_precommit
C001,18,CASE027437,code_review,blind_first,0,blind_first_precommit
C001,18,CASE027438,code_review,blind_first,1,blind_first_precommit
C001,18,CASE027439,code_review,blind_first,0,blind_first_precommit
C001,18,CASE027440,code_review,blind_first,0,blind_first_precommit
C001,18,CASE027441,code_review,blind_first,1,ai_not_shown
C001,18,CASE027442,code_review,blind_first,1,blind_first_precommit
C001,18,CASE027443,code_review,blind_first,0,blind_first_precommit
C001,18,CASE027444,code_review,blind_first,0,blind_first_precommit
C001,18,CASE027445,code_review,blind_first,0,blind_first_precommit
C001,18,CASE027446,code_review,blind_first,1,blind_first_precommit
C001,18,CASE027447,code_review,blind_first,1,blind_first_precommit
C001,18,CASE027448,code_review,blind_first,1,blind_first_precommit
C001,18,CASE027449,code_review,blind_first,1,ai_not_shown
C001,18,CASE027450,code_review,blind_first,1,blind_first_precommit
C001,19,CASE027451,code_review,blind_first,0,blind_first_precommit
C001,19,CASE027452,code_review,blind_first,1,blind_first_precommit
C001,19,CASE027453,code_review,blind_first,1,blind_first_precommit
C001,19,CASE027454,code_review,blind_first,0,blind_first_precommit
C001,19,CASE027455,code_review,blind_first,1,blind_first_precommit
C001,19,CASE027456,code_review,blind_first,1,blind_first_precommit
C001,19,CASE027457,code_review,blind_first,1,blind_first_precommit
C001,19,CASE027458,code_review,blind_first,1,ai_not_shown
C001,19,CASE027459,code_review,blind_first,0,blind_first_precommit
C001,19,CASE027460,code_review,blind_first,0,ai_not_shown
C001,19,CASE027461,code_review,blind_first,0,blind_first_precommit
C001,19,CASE027462,code_review,blind_first,1,blind_first_precommit
C001,19,CASE027463,code_review,blind_first,0,blind_first_precommit
C001,19,CASE027464,code_review,blind_first,0,blind_first_precommit
C001,19,CASE027465,code_review,blind_first,0,blind_first_precommit
C001,19,CASE027466,code_review,blind_first,1,blind_first_precommit
C001,19,CASE027467,code_review,blind_first,1,blind_first_precommit
C001,19,CASE027468,code_review,blind_first,1,blind_first_precommit
C001,19,CASE027469,code_review,blind_first,1,ai_not_shown
C001,19,CASE027470,code_review,blind_first,1,blind_first_precommit
C001,19,CASE027471,code_review,blind_first,1,blind_first_precommit
C001,19,CASE027472,code_review,blind_first,0,blind_first_precommit
C001,19,CASE027473,code_review,blind_first,1,blind_first_precommit
C001,19,CASE027474,code_review,blind_first,1,blind_first_precommit
C001,19,CASE027475,code_review,blind_first,0,blind_first_precommit
C001,20,CASE027476,code_review,blind_first,1,blind_first_precommit
C001,20,CASE027477,code_review,blind_first,1,blind_first_precommit
C001,20,CASE027478,code_review,blind_first,1,blind_first_precommit
C001,20,CASE027479,code_review,blind_first,0,blind_first_precommit
C001,20,CASE027480,code_review,blind_first,1,blind_first_precommit
C001,20,CASE027481,code_review,blind_first,1,blind_first_precommit
C001,20,CASE027482,code_review,blind_first,1,blind_first_precommit
C001,20,CASE027483,code_review,blind_first,1,blind_first_precommit
C001,20,CASE027484,code_review,blind_first,1,blind_first_precommit
C001,20,CASE027485,code_review,blind_first,1,blind_first_precommit
C001,20,CASE027486,code_review,blind_first,0,ai_not_shown
C001,20,CASE027487,code_review,blind_first,1,blind_first_precommit
C001,20,CASE027488,code_review,blind_first,1,ai_not_shown
C001,20,CASE027489,code_review,blind_first,1,blind_first_precommit
C001,20,CASE027490,code_review,blind_first,0,blind_first_precommit
C001,20,CASE027491,code_review,blind_first,1,blind_first_precommit
C001,20,CASE027492,code_review,blind_first,0,blind_first_precommit
C001,20,CASE027493,code_review,blind_first,0,ai_not_shown
C001,20,CASE027494,code_review,blind_first,1,blind_first_precommit
C001,20,CASE027495,code_review,blind_first,1,blind_first_precommit
C001,20,CASE027496,code_review,blind_first,1,ai_not_shown
C001,20,CASE027497,code_review,blind_first,0,blind_first_precommit
C001,20,CASE027498,code_review,blind_first,1,blind_first_precommit
C001,20,CASE027499,code_review,blind_first,1,blind_first_precommit
C001,20,CASE027500,code_review,blind_first,1,blind_first_precommit
C001,21,CASE027501,code_review,blind_first,0,blind_first_precommit
C001,21,CASE027502,code_review,blind_first,1,blind_first_precommit
C001,21,CASE027503,code_review,blind_first,0,blind_first_precommit
C001,21,CASE027504,code_review,blind_first,1,blind_first_precommit
C001,21,CASE027505,code_review,blind_first,0,blind_first_precommit
C001,21,CASE027506,code_review,blind_first,0,blind_first_precommit
C001,21,CASE027507,code_review,blind_first,0,blind_first_precommit
C001,21,CASE027508,code_review,blind_first,1,blind_first_precommit
C001,21,CASE027509,code_review,blind_first,0,blind_first_precommit
C001,21,CASE027510,code_review,blind_first,1,blind_first_precommit
C001,21,CASE027511,code_review,blind_first,1,blind_first_precommit
C001,21,CASE027512,code_review,blind_first,1,blind_first_precommit
C001,21,CASE027513,code_review,blind_first,1,blind_first_precommit
C001,21,CASE027514,code_review,blind_first,0,blind_first_precommit
C001,21,CASE027515,code_review,blind_first,0,blind_first_precommit
C001,21,CASE027516,code_review,blind_first,1,blind_first_precommit
C001,21,CASE027517,code_review,blind_first,1,blind_first_precommit
C001,21,CASE027518,code_review,blind_first,1,ai_not_shown
C001,21,CASE027519,code_review,blind_first,1,blind_first_precommit
C001,21,CASE027520,code_review,blind_first,0,blind_first_precommit
C001,21,CASE027521,code_review,blind_first,0,blind_first_precommit
C001,21,CASE027522,code_review,blind_first,1,blind_first_precommit
C001,21,CASE027523,code_review,blind_first,0,blind_first_precommit
C001,21,CASE027524,code_review,blind_first,0,blind_first_precommit
C001,21,CASE027525,code_review,blind_first,0,blind_first_precommit
C001,22,CASE027526,code_review,blind_first,1,blind_first_precommit
C001,22,CASE027527,code_review,blind_first,0,blind_first_precommit
C001,22,CASE027528,code_review,blind_first,0,blind_first_precommit
C001,22,CASE027529,code_review,blind_first,0,blind_first_precommit
C001,22,CASE027530,code_review,blind_first,1,blind_first_precommit
C001,22,CASE027531,code_review,blind_first,0,blind_first_precommit
C001,22,CASE027532,code_review,blind_first,0,blind_first_precommit
C001,22,CASE027533,code_review,blind_first,1,blind_first_precommit
C001,22,CASE027534,code_review,blind_first,1,blind_first_precommit
C001,22,CASE027535,code_review,blind_first,0,blind_first_precommit
C001,22,CASE027536,code_review,blind_first,0,blind_first_precommit
C001,22,CASE027537,code_review,blind_first,1,blind_first_precommit
C001,22,CASE027538,code_review,blind_first,1,blind_first_precommit
C001,22,CASE027539,code_review,blind_first,1,ai_not_shown
C001,22,CASE027540,code_review,blind_first,0,blind_first_precommit
C001,22,CASE027541,code_review,blind_first,1,blind_first_precommit
C001,22,CASE027542,code_review,blind_first,1,blind_first_precommit
C001,22,CASE027543,code_review,blind_first,0,blind_first_precommit
C001,22,CASE027544,code_review,blind_first,0,blind_first_precommit
C001,22,CASE027545,code_review,blind_first,1,blind_first_precommit
C001,22,CASE027546,code_review,blind_first,1,blind_first_precommit
C001,22,CASE027547,code_review,blind_first,1,blind_first_precommit
C001,22,CASE027548,code_review,blind_first,1,blind_first_precommit
C001,22,CASE027549,code_review,blind_first,1,blind_first_precommit
C001,22,CASE027550,code_review,blind_first,1,blind_first_precommit
C001,23,CASE027551,code_review,blind_first,1,blind_first_precommit
C001,23,CASE027552,code_review,blind_first,1,blind_first_precommit
C001,23,CASE027553,code_review,blind_first,1,blind_first_precommit
C001,23,CASE027554,code_review,blind_first,0,blind_first_precommit
C001,23,CASE027555,code_review,blind_first,1,blind_first_precommit
C001,23,CASE027556,code_review,blind_first,1,blind_first_precommit
C001,23,CASE027557,code_review,blind_first,1,blind_first_precommit
C001,23,CASE027558,code_review,blind_first,0,blind_first_precommit
C001,23,CASE027559,code_review,blind_first,0,blind_first_precommit
C001,23,CASE027560,code_review,blind_first,1,blind_first_precommit
C001,23,CASE027561,code_review,blind_first,1,blind_first_precommit
C001,23,CASE027562,code_review,blind_first,0,blind_first_precommit
C001,23,CASE027563,code_review,blind_first,1,blind_first_precommit
C001,23,CASE027564,code_review,blind_first,0,blind_first_precommit
C001,23,CASE027565,code_review,blind_first,1,blind_first_precommit
C001,23,CASE027566,code_review,blind_first,1,blind_first_precommit
C001,23,CASE027567,code_review,blind_first,1,blind_first_precommit
C001,23,CASE027568,code_review,blind_first,0,blind_first_precommit
C001,23,CASE027569,code_review,blind_first,1,blind_first_precommit
C001,23,CASE027570,code_review,blind_first,1,blind_first_precommit
C001,23,CASE027571,code_review,blind_first,1,blind_first_precommit
C001,23,CASE027572,code_review,blind_first,0,blind_first_precommit
C001,23,CASE027573,code_review,blind_first,1,blind_first_precommit
C001,23,CASE027574,code_review,blind_first,0,blind_first_precommit
C001,23,CASE027575,code_review,blind_first,1,blind_first_precommit
C001,24,CASE027576,code_review,blind_first,0,blind_first_precommit
C001,24,CASE027577,code_review,blind_first,0,blind_first_precommit
C001,24,CASE027578,code_review,blind_first,0,blind_first_precommit
C001,24,CASE027579,code_review,blind_first,1,blind_first_precommit
C001,24,CASE027580,code_review,blind_first,0,blind_first_precommit
C001,24,CASE027581,code_review,blind_first,1,blind_first_precommit
C001,24,CASE027582,code_review,blind_first,1,blind_first_precommit
C001,24,CASE027583,code_review,blind_first,0,blind_first_precommit
C001,24,CASE027584,code_review,blind_first,0,blind_first_precommit
C001,24,CASE027585,code_review,blind_first,0,blind_first_precommit
C001,24,CASE027586,code_review,blind_first,1,blind_first_precommit
C001,24,CASE027587,code_review,blind_first,0,blind_first_precommit
C001,24,CASE027588,code_review,blind_first,1,blind_first_precommit
C001,24,CASE027589,code_review,blind_first,0,blind_first_precommit
C001,24,CASE027590,code_review,blind_first,0,blind_first_precommit
C001,24,CASE027591,code_review,blind_first,0,blind_first_precommit
C001,24,CASE027592,code_review,blind_first,1,blind_first_precommit
C001,24,CASE027593,code_review,blind_first,1,blind_first_precommit
C001,24,CASE027594,code_review,blind_first,1,blind_first_precommit
C001,24,CASE027595,code_review,blind_first,1,blind_first_precommit
C001,24,CASE027596,code_review,blind_first,1,blind_first_precommit
C001,24,CASE027597,code_review,blind_first,0,blind_first_precommit
C001,24,CASE027598,code_review,blind_first,0,blind_first_precommit
C001,24,CASE027599,code_review,blind_first,1,blind_first_precommit
C001,24,CASE027600,code_review,blind_first,1,blind_first_precommit
C002,1,CASE027610,code_review,withheld_ai,1,ai_not_shown
C002,1,CASE027618,code_review,withheld_ai,1,ai_not_shown
C002,1,CASE027623,code_review,withheld_ai,1,ai_not_shown
C002,2,CASE027626,code_review,withheld_ai,1,ai_not_shown
C002,2,CASE027632,code_review,withheld_ai,1,ai_not_shown
C002,2,CASE027634,code_review,withheld_ai,1,ai_not_shown
C002,2,CASE027637,code_review,withheld_ai,1,ai_not_shown
C002,2,CASE027639,code_review,withheld_ai,1,ai_not_shown
C002,2,CASE027646,code_review,withheld_ai,1,ai_not_shown
C002,3,CASE027652,code_review,withheld_ai,1,ai_not_shown
C002,3,CASE027660,code_review,withheld_ai,1,ai_not_shown
C002,3,CASE027665,code_review,withheld_ai,1,ai_not_shown
C002,3,CASE027667,code_review,withheld_ai,1,ai_not_shown
C002,4,CASE027678,code_review,withheld_ai,0,ai_not_shown
C002,4,CASE027685,code_review,withheld_ai,1,ai_not_shown
C002,4,CASE027690,code_review,withheld_ai,1,ai_not_shown
C002,4,CASE027692,code_review,withheld_ai,1,ai_not_shown
C002,4,CASE027698,code_review,withheld_ai,1,ai_not_shown
C002,5,CASE027706,code_review,withheld_ai,1,ai_not_shown
C002,5,CASE027707,code_review,withheld_ai,1,ai_not_shown
C002,5,CASE027708,code_review,withheld_ai,1,ai_not_shown
C002,5,CASE027710,code_review,withheld_ai,1,ai_not_shown
C002,5,CASE027712,code_review,withheld_ai,1,ai_not_shown
C002,5,CASE027723,code_review,withheld_ai,1,ai_not_shown
C002,6,CASE027728,code_review,withheld_ai,0,ai_not_shown
C002,6,CASE027731,code_review,withheld_ai,1,ai_not_shown
C002,6,CASE027732,code_review,withheld_ai,1,ai_not_shown
C002,6,CASE027733,code_review,withheld_ai,1,ai_not_shown
C002,6,CASE027741,code_review,withheld_ai,1,ai_not_shown
C002,6,CASE027749,code_review,withheld_ai,1,ai_not_shown
C002,6,CASE027750,code_review,withheld_ai,1,ai_not_shown
C002,7,CASE027751,code_review,withheld_ai,1,ai_not_shown
C002,7,CASE027754,code_review,withheld_ai,1,ai_not_shown
C002,7,CASE027759,code_review,withheld_ai,1,ai_not_shown
C002,7,CASE027768,code_review,withheld_ai,1,ai_not_shown
C002,7,CASE027774,code_review,withheld_ai,1,ai_not_shown
C002,8,CASE027781,code_review,withheld_ai,0,ai_not_shown
C002,8,CASE027785,code_review,withheld_ai,1,ai_not_shown
C002,8,CASE027790,code_review,withheld_ai,1,ai_not_shown
C002,8,CASE027793,code_review,withheld_ai,0,ai_not_shown
C002,9,CASE027801,code_review,withheld_ai,1,ai_not_shown
C002,9,CASE027803,code_review,withheld_ai,1,ai_not_shown
C002,9,CASE027810,code_review,withheld_ai,1,ai_not_shown
C002,9,CASE027815,code_review,withheld_ai,1,ai_not_shown
C002,10,CASE027826,code_review,withheld_ai,1,ai_not_shown
C002,10,CASE027832,code_review,withheld_ai,1,ai_not_shown
C002,10,CASE027844,code_review,withheld_ai,1,ai_not_shown
C002,10,CASE027847,code_review,withheld_ai,1,ai_not_shown
C002,11,CASE027851,code_review,withheld_ai,1,ai_not_shown
C002,11,CASE027856,code_review,withheld_ai,1,ai_not_shown
C002,11,CASE027866,code_review,withheld_ai,1,ai_not_shown
C002,11,CASE027869,code_review,withheld_ai,1,ai_not_shown
C002,11,CASE027872,code_review,withheld_ai,1,ai_not_shown
C002,11,CASE027874,code_review,withheld_ai,1,ai_not_shown
C002,12,CASE027885,code_review,withheld_ai,1,ai_not_shown
C002,12,CASE027886,code_review,withheld_ai,1,ai_not_shown
C002,12,CASE027890,code_review,withheld_ai,1,ai_not_shown
C002,12,CASE027894,code_review,withheld_ai,1,ai_not_shown
C002,12,CASE027895,code_review,withheld_ai,1,ai_not_shown
C002,13,CASE027902,code_review,withheld_ai,1,ai_not_shown
C002,13,CASE027907,code_review,withheld_ai,1,ai_not_shown
C002,13,CASE027922,code_review,withheld_ai,1,ai_not_shown
C002,14,CASE027932,code_review,withheld_ai,1,ai_not_shown
C002,14,CASE027934,code_review,withheld_ai,1,ai_not_shown
C002,14,CASE027942,code_review,withheld_ai,1,ai_not_shown
C002,15,CASE027955,code_review,withheld_ai,1,ai_not_shown
C002,15,CASE027959,code_review,withheld_ai,1,ai_not_shown
C002,15,CASE027963,code_review,withheld_ai,1,ai_not_shown
C002,16,CASE027987,code_review,withheld_ai,1,ai_not_shown
C002,16,CASE027989,code_review,withheld_ai,0,ai_not_shown
C002,16,CASE027997,code_review,withheld_ai,1,ai_not_shown
C002,17,CASE028006,code_review,withheld_ai,1,ai_not_shown
C002,17,CASE028008,code_review,withheld_ai,1,ai_not_shown
C002,17,CASE028013,code_review,withheld_ai,1,ai_not_shown
C002,17,CASE028019,code_review,withheld_ai,1,ai_not_shown
C002,17,CASE028023,code_review,withheld_ai,1,ai_not_shown
C002,17,CASE028024,code_review,withheld_ai,0,ai_not_shown
C002,18,CASE028035,code_review,withheld_ai,1,ai_not_shown
C002,18,CASE028043,code_review,withheld_ai,1,ai_not_shown
C002,19,CASE028056,code_review,withheld_ai,1,ai_not_shown
C002,19,CASE028058,code_review,withheld_ai,1,ai_not_shown
C002,19,CASE028059,code_review,withheld_ai,1,ai_not_shown
C002,19,CASE028068,code_review,withheld_ai,1,ai_not_shown
C002,19,CASE028074,code_review,withheld_ai,1,ai_not_shown
C002,20,CASE028078,code_review,withheld_ai,1,ai_not_shown
C002,20,CASE028089,code_review,withheld_ai,1,ai_not_shown
C002,20,CASE028092,code_review,withheld_ai,1,ai_not_shown
C002,20,CASE028093,code_review,withheld_ai,1,ai_not_shown
C002,20,CASE028100,code_review,withheld_ai,1,ai_not_shown
C002,21,CASE028101,code_review,withheld_ai,1,ai_not_shown
C002,21,CASE028105,code_review,withheld_ai,1,ai_not_shown
C002,21,CASE028108,code_review,withheld_ai,1,ai_not_shown
C002,21,CASE028113,code_review,withheld_ai,1,ai_not_shown
C002,21,CASE028124,code_review,withheld_ai,1,ai_not_shown
C002,22,CASE028129,code_review,withheld_ai,1,ai_not_shown
C002,22,CASE028132,code_review,withheld_ai,1,ai_not_shown
C002,22,CASE028137,code_review,withheld_ai,1,ai_not_shown
C002,22,CASE028139,code_review,withheld_ai,0,ai_not_shown
C002,22,CASE028142,code_review,withheld_ai,1,ai_not_shown
C002,22,CASE028147,code_review,withheld_ai,1,ai_not_shown
C002,23,CASE028151,code_review,withheld_ai,1,ai_not_shown
C002,23,CASE028168,code_review,withheld_ai,1,ai_not_shown
C002,24,CASE028177,code_review,withheld_ai,1,ai_not_shown
C002,24,CASE028181,code_review,withheld_ai,0,ai_not_shown
C002,24,CASE028185,code_review,withheld_ai,1,ai_not_shown
C002,24,CASE028195,code_review,withheld_ai,1,ai_not_shown
C002,24,CASE028197,code_review,withheld_ai,0,ai_not_shown
C002,24,CASE028198,code_review,withheld_ai,1,ai_not_shown
C003,1,CASE028204,code_review,disagreement_prompt,1,ai_not_shown
C003,1,CASE028205,code_review,disagreement_prompt,1,ai_not_shown
C003,1,CASE028206,code_review,disagreement_prompt,1,ai_not_shown
C003,2,CASE028238,code_review,disagreement_prompt,0,ai_not_shown
C003,2,CASE028244,code_review,disagreement_prompt,1,ai_not_shown
C003,3,CASE028252,code_review,disagreement_prompt,0,ai_not_shown
C003,4,CASE028278,code_review,disagreement_prompt,0,ai_not_shown
C003,4,CASE028291,code_review,disagreement_prompt,1,ai_not_shown
C003,6,CASE028333,code_review,disagreement_prompt,0,ai_not_shown
C003,6,CASE028340,code_review,disagreement_prompt,0,ai_not_shown
C003,7,CASE028363,code_review,disagreement_prompt,1,ai_not_shown
C003,8,CASE028395,code_review,disagreement_prompt,0,ai_not_shown
C003,9,CASE028401,code_review,disagreement_prompt,1,ai_not_shown
C003,11,CASE028463,code_review,disagreement_prompt,0,ai_not_shown
C003,12,CASE028477,code_review,disagreement_prompt,1,ai_not_shown
C003,12,CASE028484,code_review,disagreement_prompt,1,ai_not_shown
C003,12,CASE028486,code_review,disagreement_prompt,1,ai_not_shown
C003,14,CASE028548,code_review,disagreement_prompt,0,ai_not_shown
C003,15,CASE028572,code_review,disagreement_prompt,0,ai_not_shown
C003,15,CASE028573,code_review,disagreement_prompt,1,ai_not_shown
C003,16,CASE028576,code_review,disagreement_prompt,0,ai_not_shown
C003,16,CASE028585,code_review,disagreement_prompt,1,ai_not_shown
C003,16,CASE028590,code_review,disagreement_prompt,1,ai_not_shown
C003,16,CASE028596,code_review,disagreement_prompt,1,ai_not_shown
C003,17,CASE028609,code_review,disagreement_prompt,1,ai_not_shown
C003,17,CASE028612,code_review,disagreement_prompt,0,ai_not_shown
C003,17,CASE028613,code_review,disagreement_prompt,0,ai_not_shown
C003,18,CASE028634,code_review,disagreement_prompt,0,ai_not_shown
C003,19,CASE028651,code_review,disagreement_prompt,1,ai_not_shown
C003,19,CASE028654,code_review,disagreement_prompt,0,ai_not_shown
C003,19,CASE028655,code_review,disagreement_prompt,0,ai_not_shown
C003,19,CASE028673,code_review,disagreement_prompt,1,ai_not_shown
C003,19,CASE028675,code_review,disagreement_prompt,0,ai_not_shown
C003,20,CASE028681,code_review,disagreement_prompt,1,ai_not_shown
C003,20,CASE028682,code_review,disagreement_prompt,1,ai_not_shown
C003,20,CASE028694,code_review,disagreement_prompt,0,ai_not_shown
C003,20,CASE028696,code_review,disagreement_prompt,1,ai_not_shown
C003,21,CASE028702,code_review,disagreement_prompt,0,ai_not_shown
C003,21,CASE028707,code_review,disagreement_prompt,1,ai_not_shown
C003,21,CASE028718,code_review,disagreement_prompt,1,ai_not_shown
C003,23,CASE028766,code_review,disagreement_prompt,0,ai_not_shown
C003,23,CASE028769,code_review,disagreement_prompt,0,ai_not_shown
C003,23,CASE028775,code_review,disagreement_prompt,1,ai_not_shown
C003,24,CASE028789,code_review,disagreement_prompt,0,ai_not_shown
C003,24,CASE028796,code_review,disagreement_prompt,0,ai_not_shown
C004,2,CASE028840,code_review,control_always_ai,1,ai_not_shown
C004,2,CASE028846,code_review,control_always_ai,0,ai_not_shown
C004,5,CASE028905,code_review,control_always_ai,0,ai_not_shown
C004,6,CASE028929,code_review,control_always_ai,1,ai_not_shown
C004,6,CASE028944,code_review,control_always_ai,0,ai_not_shown
C004,7,CASE028955,code_review,control_always_ai,1,ai_not_shown
C004,7,CASE028970,code_review,control_always_ai,1,ai_not_shown
C004,8,CASE028979,code_review,control_always_ai,1,ai_not_shown
C004,8,CASE028985,code_review,control_always_ai,0,ai_not_shown
C004,8,CASE028986,code_review,control_always_ai,1,ai_not_shown
C004,8,CASE028997,code_review,control_always_ai,1,ai_not_shown
C004,9,CASE029001,code_review,control_always_ai,1,ai_not_shown
C004,9,CASE029018,code_review,control_always_ai,1,ai_not_shown
C004,10,CASE029031,code_review,control_always_ai,1,ai_not_shown
C004,10,CASE029034,code_review,control_always_ai,0,ai_not_shown
C004,10,CASE029046,code_review,control_always_ai,1,ai_not_shown
C004,12,CASE029076,code_review,control_always_ai,1,ai_not_shown
C004,12,CASE029078,code_review,control_always_ai,0,ai_not_shown
C004,12,CASE029080,code_review,control_always_ai,1,ai_not_shown
C004,12,CASE029082,code_review,control_always_ai,1,ai_not_shown
C004,12,CASE029096,code_review,control_always_ai,1,ai_not_shown
C004,13,CASE029101,code_review,control_always_ai,1,ai_not_shown
C004,13,CASE029107,code_review,control_always_ai,1,ai_not_shown
C004,13,CASE029111,code_review,control_always_ai,1,ai_not_shown
C004,13,CASE029125,code_review,control_always_ai,0,ai_not_shown
C004,14,CASE029135,code_review,control_always_ai,1,ai_not_shown
C004,14,CASE029139,code_review,control_always_ai,0,ai_not_shown
C004,15,CASE029163,code_review,control_always_ai,1,ai_not_shown
C004,15,CASE029168,code_review,control_always_ai,1,ai_not_shown
C004,16,CASE029179,code_review,control_always_ai,0,ai_not_shown
C004,16,CASE029188,code_review,control_always_ai,1,ai_not_shown
C004,16,CASE029194,code_review,control_always_ai,1,ai_not_shown
C004,16,CASE029199,code_review,control_always_ai,1,ai_not_shown
C004,18,CASE029240,code_review,control_always_ai,0,ai_not_shown
C004,18,CASE029248,code_review,control_always_ai,0,ai_not_shown
C004,19,CASE029269,code_review,control_always_ai,0,ai_not_shown
C004,20,CASE029291,code_review,control_always_ai,0,ai_not_shown
C004,20,CASE029295,code_review,control_always_ai,1,ai_not_shown
C004,20,CASE029297,code_review,control_always_ai,0,ai_not_shown
C004,20,CASE029298,code_review,control_always_ai,1,ai_not_shown
C004,20,CASE029300,code_review,control_always_ai,1,ai_not_shown
C004,22,CASE029326,code_review,control_always_ai,1,ai_not_shown
C004,23,CASE029352,code_review,control_always_ai,0,ai_not_shown
C004,23,CASE029359,code_review,control_always_ai,0,ai_not_shown
C004,23,CASE029363,code_review,control_always_ai,0,ai_not_shown
C005,1,CASE029401,code_review,blind_first,1,blind_first_precommit
C005,1,CASE029402,code_review,blind_first,1,blind_first_precommit
C005,1,CASE029403,code_review,blind_first,1,blind_first_precommit
C005,1,CASE029404,code_review,blind_first,1,blind_first_precommit
C005,1,CASE029405,code_review,blind_first,0,blind_first_precommit
C005,1,CASE029406,code_review,blind_first,1,blind_first_precommit
C005,1,CASE029407,code_review,blind_first,1,blind_first_precommit
C005,1,CASE029408,code_review,blind_first,1,blind_first_precommit
C005,1,CASE029409,code_review,blind_first,1,blind_first_precommit
C005,1,CASE029410,code_review,blind_first,1,blind_first_precommit
C005,1,CASE029411,code_review,blind_first,0,blind_first_precommit
C005,1,CASE029412,code_review,blind_first,1,blind_first_precommit
C005,1,CASE029413,code_review,blind_first,1,blind_first_precommit
C005,1,CASE029414,code_review,blind_first,1,blind_first_precommit
C005,1,CASE029415,code_review,blind_first,0,blind_first_precommit
C005,1,CASE029416,code_review,blind_first,1,blind_first_precommit
C005,1,CASE029417,code_review,blind_first,0,blind_first_precommit
C005,1,CASE029418,code_review,blind_first,1,blind_first_precommit
C005,1,CASE029419,code_review,blind_first,1,blind_first_precommit
C005,1,CASE029420,code_review,blind_first,1,ai_not_shown
C005,1,CASE029421,code_review,blind_first,1,blind_first_precommit
C005,1,CASE029422,code_review,blind_first,1,blind_first_precommit
C005,1,CASE029423,code_review,blind_first,1,blind_first_precommit
C005,1,CASE029424,code_review,blind_first,1,blind_first_precommit
C005,1,CASE029425,code_review,blind_first,1,blind_first_precommit
C005,2,CASE029426,code_review,blind_first,1,blind_first_precommit
C005,2,CASE029427,code_review,blind_first,1,blind_first_precommit
C005,2,CASE029428,code_review,blind_first,1,blind_first_precommit
C005,2,CASE029429,code_review,blind_first,1,blind_first_precommit
C005,2,CASE029430,code_review,blind_first,1,blind_first_precommit
C005,2,CASE029431,code_review,blind_first,1,blind_first_precommit
C005,2,CASE029432,code_review,blind_first,0,blind_first_precommit
C005,2,CASE029433,code_review,blind_first,1,blind_first_precommit
C005,2,CASE029434,code_review,blind_first,0,blind_first_precommit
C005,2,CASE029435,code_review,blind_first,1,blind_first_precommit
C005,2,CASE029436,code_review,blind_first,1,blind_first_precommit
C005,2,CASE029437,code_review,blind_first,1,blind_first_precommit
C005,2,CASE029438,code_review,blind_first,0,blind_first_precommit
C005,2,CASE029439,code_review,blind_first,1,blind_first_precommit
C005,2,CASE029440,code_review,blind_first,1,blind_first_precommit
C005,2,CASE029441,code_review,blind_first,1,blind_first_precommit
C005,2,CASE029442,code_review,blind_first,0,blind_first_precommit
C005,2,CASE029443,code_review,blind_first,1,blind_first_precommit
C005,2,CASE029444,code_review,blind_first,1,blind_first_precommit
C005,2,CASE029445,code_review,blind_first,1,blind_first_precommit
C005,2,CASE029446,code_review,blind_first,1,ai_not_shown
C005,2,CASE029447,code_review,blind_first,1,blind_first_precommit
C005,2,CASE029448,code_review,blind_first,0,blind_first_precommit
C005,2,CASE029449,code_review,blind_first,1,blind_first_precommit
C005,2,CASE029450,code_review,blind_first,1,blind_first_precommit
C005,3,CASE029451,code_review,blind_first,1,blind_first_precommit
C005,3,CASE029452,code_review,blind_first,1,blind_first_precommit
C005,3,CASE029453,code_review,blind_first,1,blind_first_precommit
C005,3,CASE029454,code_review,blind_first,1,blind_first_precommit
C005,3,CASE029455,code_review,blind_first,1,blind_first_precommit
C005,3,CASE029456,code_review,blind_first,1,blind_first_precommit
C005,3,CASE029457,code_review,blind_first,1,blind_first_precommit
C005,3,CASE029458,code_review,blind_first,1,blind_first_precommit
C005,3,CASE029459,code_review,blind_first,1,blind_first_precommit
C005,3,CASE029460,code_review,blind_first,1,blind_first_precommit
C005,3,CASE029461,code_review,blind_first,1,blind_first_precommit
C005,3,CASE029462,code_review,blind_first,1,blind_first_precommit
C005,3,CASE029463,code_review,blind_first,1,blind_first_precommit
C005,3,CASE029464,code_review,blind_first,0,blind_first_precommit
C005,3,CASE029465,code_review,blind_first,1,blind_first_precommit
C005,3,CASE029466,code_review,blind_first,1,blind_first_precommit
C005,3,CASE029467,code_review,blind_first,0,blind_first_precommit
C005,3,CASE029468,code_review,blind_first,1,blind_first_precommit
C005,3,CASE029469,code_review,blind_first,1,blind_first_precommit
C005,3,CASE029470,code_review,blind_first,1,blind_first_precommit
C005,3,CASE029471,code_review,blind_first,1,blind_first_precommit
C005,3,CASE029472,code_review,blind_first,1,blind_first_precommit
C005,3,CASE029473,code_review,blind_first,1,blind_first_precommit
C005,3,CASE029474,code_review,blind_first,1,blind_first_precommit
C005,3,CASE029475,code_review,blind_first,1,blind_first_precommit
C005,4,CASE029476,code_review,blind_first,1,blind_first_precommit
C005,4,CASE029477,code_review,blind_first,1,blind_first_precommit
C005,4,CASE029478,code_review,blind_first,1,ai_not_shown
C005,4,CASE029479,code_review,blind_first,1,blind_first_precommit
C005,4,CASE029480,code_review,blind_first,0,blind_first_precommit
C005,4,CASE029481,code_review,blind_first,1,blind_first_precommit
C005,4,CASE029482,code_review,blind_first,1,ai_not_shown
C005,4,CASE029483,code_review,blind_first,1,blind_first_precommit
C005,4,CASE029484,code_review,blind_first,1,blind_first_precommit
C005,4,CASE029485,code_review,blind_first,1,blind_first_precommit
C005,4,CASE029486,code_review,blind_first,0,blind_first_precommit
C005,4,CASE029487,code_review,blind_first,1,blind_first_precommit
C005,4,CASE029488,code_review,blind_first,1,blind_first_precommit
C005,4,CASE029489,code_review,blind_first,1,blind_first_precommit
C005,4,CASE029490,code_review,blind_first,1,blind_first_precommit
C005,4,CASE029491,code_review,blind_first,1,blind_first_precommit
C005,4,CASE029492,code_review,blind_first,0,blind_first_precommit
C005,4,CASE029493,code_review,blind_first,1,blind_first_precommit
C005,4,CASE029494,code_review,blind_first,1,blind_first_precommit
C005,4,CASE029495,code_review,blind_first,1,ai_not_shown
C005,4,CASE029496,code_review,blind_first,0,blind_first_precommit
C005,4,CASE029497,code_review,blind_first,1,blind_first_precommit
C005,4,CASE029498,code_review,blind_first,1,blind_first_precommit
C005,4,CASE029499,code_review,blind_first,1,blind_first_precommit
C005,4,CASE029500,code_review,blind_first,1,blind_first_precommit
C005,5,CASE029501,code_review,blind_first,1,blind_first_precommit
C005,5,CASE029502,code_review,blind_first,1,ai_not_shown
C005,5,CASE029503,code_review,blind_first,1,blind_first_precommit
C005,5,CASE029504,code_review,blind_first,1,blind_first_precommit
C005,5,CASE029505,code_review,blind_first,1,blind_first_precommit
C005,5,CASE029506,code_review,blind_first,1,blind_first_precommit
C005,5,CASE029507,code_review,blind_first,1,blind_first_precommit
C005,5,CASE029508,code_review,blind_first,0,blind_first_precommit
C005,5,CASE029509,code_review,blind_first,1,blind_first_precommit
C005,5,CASE029510,code_review,blind_first,1,blind_first_precommit
C005,5,CASE029511,code_review,blind_first,1,ai_not_shown
C005,5,CASE029512,code_review,blind_first,1,blind_first_precommit
C005,5,CASE029513,code_review,blind_first,1,blind_first_precommit
C005,5,CASE029514,code_review,blind_first,1,blind_first_precommit
C005,5,CASE029515,code_review,blind_first,1,blind_first_precommit
C005,5,CASE029516,code_review,blind_first,1,blind_first_precommit
C005,5,CASE029517,code_review,blind_first,1,blind_first_precommit
C005,5,CASE029518,code_review,blind_first,0,blind_first_precommit
C005,5,CASE029519,code_review,blind_first,1,blind_first_precommit
C005,5,CASE029520,code_review,blind_first,1,blind_first_precommit
C005,5,CASE029521,code_review,blind_first,1,blind_first_precommit
C005,5,CASE029522,code_review,blind_first,1,blind_first_precommit
C005,5,CASE029523,code_review,blind_first,1,ai_not_shown
C005,5,CASE029524,code_review,blind_first,1,blind_first_precommit
C005,5,CASE029525,code_review,blind_first,1,blind_first_precommit
C005,6,CASE029526,code_review,blind_first,1,blind_first_precommit
C005,6,CASE029527,code_review,blind_first,1,blind_first_precommit
C005,6,CASE029528,code_review,blind_first,0,blind_first_precommit
C005,6,CASE029529,code_review,blind_first,1,blind_first_precommit
C005,6,CASE029530,code_review,blind_first,1,blind_first_precommit
C005,6,CASE029531,code_review,blind_first,1,blind_first_precommit
C005,6,CASE029532,code_review,blind_first,0,blind_first_precommit
C005,6,CASE029533,code_review,blind_first,1,blind_first_precommit
C005,6,CASE029534,code_review,blind_first,1,blind_first_precommit
C005,6,CASE029535,code_review,blind_first,1,ai_not_shown
C005,6,CASE029536,code_review,blind_first,1,blind_first_precommit
C005,6,CASE029537,code_review,blind_first,1,blind_first_precommit
C005,6,CASE029538,code_review,blind_first,1,blind_first_precommit
C005,6,CASE029539,code_review,blind_first,1,blind_first_precommit
C005,6,CASE029540,code_review,blind_first,1,blind_first_precommit
C005,6,CASE029541,code_review,blind_first,1,blind_first_precommit
C005,6,CASE029542,code_review,blind_first,1,blind_first_precommit
C005,6,CASE029543,code_review,blind_first,1,blind_first_precommit
C005,6,CASE029544,code_review,blind_first,1,blind_first_precommit
C005,6,CASE029545,code_review,blind_first,1,blind_first_precommit
C005,6,CASE029546,code_review,blind_first,0,blind_first_precommit
C005,6,CASE029547,code_review,blind_first,0,blind_first_precommit
C005,6,CASE029548,code_review,blind_first,1,blind_first_precommit
C005,6,CASE029549,code_review,blind_first,1,blind_first_precommit
C005,6,CASE029550,code_review,blind_first,0,blind_first_precommit
C005,7,CASE029551,code_review,blind_first,1,ai_not_shown
C005,7,CASE029552,code_review,blind_first,1,blind_first_precommit
C005,7,CASE029553,code_review,blind_first,0,blind_first_precommit
C005,7,CASE029554,code_review,blind_first,1,blind_first_precommit
C005,7,CASE029555,code_review,blind_first,1,blind_first_precommit
C005,7,CASE029556,code_review,blind_first,0,blind_first_precommit
C005,7,CASE029557,code_review,blind_first,1,blind_first_precommit
C005,7,CASE029558,code_review,blind_first,0,blind_first_precommit
C005,7,CASE029559,code_review,blind_first,1,blind_first_precommit
C005,7,CASE029560,code_review,blind_first,1,blind_first_precommit
C005,7,CASE029561,code_review,blind_first,1,blind_first_precommit
C005,7,CASE029562,code_review,blind_first,1,blind_first_precommit
C005,7,CASE029563,code_review,blind_first,1,blind_first_precommit
C005,7,CASE029564,code_review,blind_first,1,blind_first_precommit
C005,7,CASE029565,code_review,blind_first,1,ai_not_shown
C005,7,CASE029566,code_review,blind_first,1,blind_first_precommit
C005,7,CASE029567,code_review,blind_first,1,blind_first_precommit
C005,7,CASE029568,code_review,blind_first,1,blind_first_precommit
C005,7,CASE029569,code_review,blind_first,1,blind_first_precommit
C005,7,CASE029570,code_review,blind_first,1,blind_first_precommit
C005,7,CASE029571,code_review,blind_first,1,blind_first_precommit
C005,7,CASE029572,code_review,blind_first,1,blind_first_precommit
C005,7,CASE029573,code_review,blind_first,1,blind_first_precommit
C005,7,CASE029574,code_review,blind_first,1,ai_not_shown
C005,7,CASE029575,code_review,blind_first,1,ai_not_shown
C005,8,CASE029576,code_review,blind_first,1,blind_first_precommit
C005,8,CASE029577,code_review,blind_first,1,blind_first_precommit
C005,8,CASE029578,code_review,blind_first,1,blind_first_precommit
C005,8,CASE029579,code_review,blind_first,0,blind_first_precommit
C005,8,CASE029580,code_review,blind_first,1,blind_first_precommit
C005,8,CASE029581,code_review,blind_first,1,blind_first_precommit
C005,8,CASE029582,code_review,blind_first,1,blind_first_precommit
C005,8,CASE029583,code_review,blind_first,1,blind_first_precommit
C005,8,CASE029584,code_review,blind_first,1,ai_not_shown
C005,8,CASE029585,code_review,blind_first,1,blind_first_precommit
C005,8,CASE029586,code_review,blind_first,1,blind_first_precommit
C005,8,CASE029587,code_review,blind_first,1,blind_first_precommit
C005,8,CASE029588,code_review,blind_first,1,blind_first_precommit
C005,8,CASE029589,code_review,blind_first,1,blind_first_precommit
C005,8,CASE029590,code_review,blind_first,0,blind_first_precommit
C005,8,CASE029591,code_review,blind_first,1,blind_first_precommit
C005,8,CASE029592,code_review,blind_first,1,ai_not_shown
C005,8,CASE029593,code_review,blind_first,1,blind_first_precommit
C005,8,CASE029594,code_review,blind_first,0,blind_first_precommit
C005,8,CASE029595,code_review,blind_first,1,blind_first_precommit
C005,8,CASE029596,code_review,blind_first,1,blind_first_precommit
C005,8,CASE029597,code_review,blind_first,0,blind_first_precommit
C005,8,CASE029598,code_review,blind_first,1,blind_first_precommit
C005,8,CASE029599,code_review,blind_first,0,blind_first_precommit
C005,8,CASE029600,code_review,blind_first,1,blind_first_precommit
C005,9,CASE029601,code_review,blind_first,0,blind_first_precommit
C005,9,CASE029602,code_review,blind_first,1,blind_first_precommit
C005,9,CASE029603,code_review,blind_first,1,blind_first_precommit
C005,9,CASE029604,code_review,blind_first,1,blind_first_precommit
C005,9,CASE029605,code_review,blind_first,1,blind_first_precommit
C005,9,CASE029606,code_review,blind_first,1,blind_first_precommit
C005,9,CASE029607,code_review,blind_first,1,ai_not_shown
C005,9,CASE029608,code_review,blind_first,1,blind_first_precommit
C005,9,CASE029609,code_review,blind_first,1,ai_not_shown
C005,9,CASE029610,code_review,blind_first,1,blind_first_precommit
C005,9,CASE029611,code_review,blind_first,1,blind_first_precommit
C005,9,CASE029612,code_review,blind_first,0,blind_first_precommit
C005,9,CASE029613,code_review,blind_first,1,blind_first_precommit
C005,9,CASE029614,code_review,blind_first,1,blind_first_precommit
C005,9,CASE029615,code_review,blind_first,1,blind_first_precommit
C005,9,CASE029616,code_review,blind_first,1,blind_first_precommit
C005,9,CASE029617,code_review,blind_first,1,blind_first_precommit
C005,9,CASE029618,code_review,blind_first,0,blind_first_precommit
C005,9,CASE029619,code_review,blind_first,1,blind_first_precommit
C005,9,CASE029620,code_review,blind_first,1,blind_first_precommit
C005,9,CASE029621,code_review,blind_first,1,blind_first_precommit
C005,9,CASE029622,code_review,blind_first,1,blind_first_precommit
C005,9,CASE029623,code_review,blind_first,1,blind_first_precommit
C005,9,CASE029624,code_review,blind_first,1,blind_first_precommit
C005,9,CASE029625,code_review,blind_first,1,blind_first_precommit
C005,10,CASE029626,code_review,blind_first,1,blind_first_precommit
C005,10,CASE029627,code_review,blind_first,1,blind_first_precommit
C005,10,CASE029628,code_review,blind_first,1,blind_first_precommit
C005,10,CASE029629,code_review,blind_first,1,blind_first_precommit
C005,10,CASE029630,code_review,blind_first,1,blind_first_precommit
C005,10,CASE029631,code_review,blind_first,1,blind_first_precommit
C005,10,CASE029632,code_review,blind_first,1,blind_first_precommit
C005,10,CASE029633,code_review,blind_first,1,blind_first_precommit
C005,10,CASE029634,code_review,blind_first,0,blind_first_precommit
C005,10,CASE029635,code_review,blind_first,1,blind_first_precommit
C005,10,CASE029636,code_review,blind_first,1,ai_not_shown
C005,10,CASE029637,code_review,blind_first,1,blind_first_precommit
C005,10,CASE029638,code_review,blind_first,0,blind_first_precommit
C005,10,CASE029639,code_review,blind_first,1,blind_first_precommit
C005,10,CASE029640,code_review,blind_first,0,blind_first_precommit
C005,10,CASE029641,code_review,blind_first,1,blind_first_precommit
C005,10,CASE029642,code_review,blind_first,1,blind_first_precommit
C005,10,CASE029643,code_review,blind_first,1,blind_first_precommit
C005,10,CASE029644,code_review,blind_first,1,blind_first_precommit
C005,10,CASE029645,code_review,blind_first,1,blind_first_precommit
C005,10,CASE029646,code_review,blind_first,1,blind_first_precommit
C005,10,CASE029647,code_review,blind_first,0,blind_first_precommit
C005,10,CASE029648,code_review,blind_first,1,blind_first_precommit
C005,10,CASE029649,code_review,blind_first,1,blind_first_precommit
C005,10,CASE029650,code_review,blind_first,0,blind_first_precommit
C005,11,CASE029651,code_review,blind_first,1,blind_first_precommit
C005,11,CASE029652,code_review,blind_first,1,blind_first_precommit
C005,11,CASE029653,code_review,blind_first,1,blind_first_precommit
C005,11,CASE029654,code_review,blind_first,1,blind_first_precommit
C005,11,CASE029655,code_review,blind_first,1,blind_first_precommit
C005,11,CASE029656,code_review,blind_first,1,blind_first_precommit
C005,11,CASE029657,code_review,blind_first,0,blind_first_precommit
C005,11,CASE029658,code_review,blind_first,1,blind_first_precommit
C005,11,CASE029659,code_review,blind_first,1,blind_first_precommit
C005,11,CASE029660,code_review,blind_first,1,blind_first_precommit
C005,11,CASE029661,code_review,blind_first,1,blind_first_precommit
C005,11,CASE029662,code_review,blind_first,1,blind_first_precommit
C005,11,CASE029663,code_review,blind_first,1,blind_first_precommit
C005,11,CASE029664,code_review,blind_first,0,blind_first_precommit
C005,11,CASE029665,code_review,blind_first,1,blind_first_precommit
C005,11,CASE029666,code_review,blind_first,1,blind_first_precommit
C005,11,CASE029667,code_review,blind_first,0,blind_first_precommit
C005,11,CASE029668,code_review,blind_first,1,blind_first_precommit
C005,11,CASE029669,code_review,blind_first,1,blind_first_precommit
C005,11,CASE029670,code_review,blind_first,1,blind_first_precommit
C005,11,CASE029671,code_review,blind_first,1,blind_first_precommit
C005,11,CASE029672,code_review,blind_first,1,blind_first_precommit
C005,11,CASE029673,code_review,blind_first,1,blind_first_precommit
C005,11,CASE029674,code_review,blind_first,1,blind_first_precommit
C005,11,CASE029675,code_review,blind_first,1,blind_first_precommit
C005,12,CASE029676,code_review,blind_first,1,blind_first_precommit
C005,12,CASE029677,code_review,blind_first,1,blind_first_precommit
C005,12,CASE029678,code_review,blind_first,1,blind_first_precommit
C005,12,CASE029679,code_review,blind_first,1,blind_first_precommit
C005,12,CASE029680,code_review,blind_first,1,blind_first_precommit
C005,12,CASE029681,code_review,blind_first,0,blind_first_precommit
C005,12,CASE029682,code_review,blind_first,1,blind_first_precommit
C005,12,CASE029683,code_review,blind_first,1,blind_first_precommit
C005,12,CASE029684,code_review,blind_first,1,blind_first_precommit
C005,12,CASE029685,code_review,blind_first,1,blind_first_precommit
C005,12,CASE029686,code_review,blind_first,1,blind_first_precommit
C005,12,CASE029687,code_review,blind_first,0,blind_first_precommit
C005,12,CASE029688,code_review,blind_first,1,blind_first_precommit
C005,12,CASE029689,code_review,blind_first,1,blind_first_precommit
C005,12,CASE029690,code_review,blind_first,1,blind_first_precommit
C005,12,CASE029691,code_review,blind_first,1,blind_first_precommit
C005,12,CASE029692,code_review,blind_first,1,blind_first_precommit
C005,12,CASE029693,code_review,blind_first,1,blind_first_precommit
C005,12,CASE029694,code_review,blind_first,1,blind_first_precommit
C005,12,CASE029695,code_review,blind_first,1,blind_first_precommit
C005,12,CASE029696,code_review,blind_first,1,blind_first_precommit
C005,12,CASE029697,code_review,blind_first,1,ai_not_shown
C005,12,CASE029698,code_review,blind_first,1,blind_first_precommit
C005,12,CASE029699,code_review,blind_first,1,blind_first_precommit
C005,12,CASE029700,code_review,blind_first,1,blind_first_precommit
C005,13,CASE029701,code_review,blind_first,1,ai_not_shown
C005,13,CASE029702,code_review,blind_first,0,blind_first_precommit
C005,13,CASE029703,code_review,blind_first,1,ai_not_shown
C005,13,CASE029704,code_review,blind_first,1,blind_first_precommit
C005,13,CASE029705,code_review,blind_first,1,blind_first_precommit
C005,13,CASE029706,code_review,blind_first,1,blind_first_precommit
C005,13,CASE029707,code_review,blind_first,1,blind_first_precommit
C005,13,CASE029708,code_review,blind_first,1,blind_first_precommit
C005,13,CASE029709,code_review,blind_first,1,blind_first_precommit
C005,13,CASE029710,code_review,blind_first,1,ai_not_shown
C005,13,CASE029711,code_review,blind_first,1,blind_first_precommit
C005,13,CASE029712,code_review,blind_first,0,blind_first_precommit
C005,13,CASE029713,code_review,blind_first,1,blind_first_precommit
C005,13,CASE029714,code_review,blind_first,1,blind_first_precommit
C005,13,CASE029715,code_review,blind_first,1,blind_first_precommit
C005,13,CASE029716,code_review,blind_first,1,ai_not_shown
C005,13,CASE029717,code_review,blind_first,0,ai_not_shown
C005,13,CASE029718,code_review,blind_first,1,blind_first_precommit
C005,13,CASE029719,code_review,blind_first,1,blind_first_precommit
C005,13,CASE029720,code_review,blind_first,1,blind_first_precommit
C005,13,CASE029721,code_review,blind_first,1,ai_not_shown
C005,13,CASE029722,code_review,blind_first,0,blind_first_precommit
C005,13,CASE029723,code_review,blind_first,0,blind_first_precommit
C005,13,CASE029724,code_review,blind_first,1,blind_first_precommit
C005,13,CASE029725,code_review,blind_first,1,blind_first_precommit
C005,14,CASE029726,code_review,blind_first,1,blind_first_precommit
C005,14,CASE029727,code_review,blind_first,0,blind_first_precommit
C005,14,CASE029728,code_review,blind_first,1,blind_first_precommit
C005,14,CASE029729,code_review,blind_first,1,ai_not_shown
C005,14,CASE029730,code_review,blind_first,1,blind_first_precommit
C005,14,CASE029731,code_review,blind_first,1,blind_first_precommit
C005,14,CASE029732,code_review,blind_first,1,blind_first_precommit
C005,14,CASE029733,code_review,blind_first,1,blind_first_precommit
C005,14,CASE029734,code_review,blind_first,1,blind_first_precommit
C005,14,CASE029735,code_review,blind_first,1,blind_first_precommit
C005,14,CASE029736,code_review,blind_first,1,blind_first_precommit
C005,14,CASE029737,code_review,blind_first,1,blind_first_precommit
C005,14,CASE029738,code_review,blind_first,1,blind_first_precommit
C005,14,CASE029739,code_review,blind_first,1,blind_first_precommit
C005,14,CASE029740,code_review,blind_first,1,blind_first_precommit
C005,14,CASE029741,code_review,blind_first,1,blind_first_precommit
C005,14,CASE029742,code_review,blind_first,1,blind_first_precommit
C005,14,CASE029743,code_review,blind_first,1,ai_not_shown
C005,14,CASE029744,code_review,blind_first,1,blind_first_precommit
C005,14,CASE029745,code_review,blind_first,1,blind_first_precommit
C005,14,CASE029746,code_review,blind_first,1,blind_first_precommit
C005,14,CASE029747,code_review,blind_first,0,blind_first_precommit
C005,14,CASE029748,code_review,blind_first,1,blind_first_precommit
C005,14,CASE029749,code_review,blind_first,1,blind_first_precommit
C005,14,CASE029750,code_review,blind_first,1,blind_first_precommit
C005,15,CASE029751,code_review,blind_first,1,blind_first_precommit
C005,15,CASE029752,code_review,blind_first,1,blind_first_precommit
C005,15,CASE029753,code_review,blind_first,1,blind_first_precommit
C005,15,CASE029754,code_review,blind_first,1,blind_first_precommit
C005,15,CASE029755,code_review,blind_first,1,blind_first_precommit
C005,15,CASE029756,code_review,blind_first,1,blind_first_precommit
C005,15,CASE029757,code_review,blind_first,0,blind_first_precommit
C005,15,CASE029758,code_review,blind_first,1,blind_first_precommit
C005,15,CASE029759,code_review,blind_first,1,blind_first_precommit
C005,15,CASE029760,code_review,blind_first,1,blind_first_precommit
C005,15,CASE029761,code_review,blind_first,1,blind_first_precommit
C005,15,CASE029762,code_review,blind_first,1,ai_not_shown
C005,15,CASE029763,code_review,blind_first,1,blind_first_precommit
C005,15,CASE029764,code_review,blind_first,1,blind_first_precommit
C005,15,CASE029765,code_review,blind_first,1,blind_first_precommit
C005,15,CASE029766,code_review,blind_first,1,blind_first_precommit
C005,15,CASE029767,code_review,blind_first,1,blind_first_precommit
C005,15,CASE029768,code_review,blind_first,1,blind_first_precommit
C005,15,CASE029769,code_review,blind_first,1,blind_first_precommit
C005,15,CASE029770,code_review,blind_first,0,blind_first_precommit
C005,15,CASE029771,code_review,blind_first,1,blind_first_precommit
C005,15,CASE029772,code_review,blind_first,1,blind_first_precommit
C005,15,CASE029773,code_review,blind_first,1,blind_first_precommit
C005,15,CASE029774,code_review,blind_first,1,blind_first_precommit
C005,15,CASE029775,code_review,blind_first,1,blind_first_precommit
C005,16,CASE029776,code_review,blind_first,1,blind_first_precommit
C005,16,CASE029777,code_review,blind_first,1,blind_first_precommit
C005,16,CASE029778,code_review,blind_first,1,blind_first_precommit
C005,16,CASE029779,code_review,blind_first,0,blind_first_precommit
C005,16,CASE029780,code_review,blind_first,1,blind_first_precommit
C005,16,CASE029781,code_review,blind_first,1,ai_not_shown
C005,16,CASE029782,code_review,blind_first,1,blind_first_precommit
C005,16,CASE029783,code_review,blind_first,0,ai_not_shown
C005,16,CASE029784,code_review,blind_first,1,blind_first_precommit
C005,16,CASE029785,code_review,blind_first,0,blind_first_precommit
C005,16,CASE029786,code_review,blind_first,1,blind_first_precommit
C005,16,CASE029787,code_review,blind_first,1,blind_first_precommit
C005,16,CASE029788,code_review,blind_first,1,blind_first_precommit
C005,16,CASE029789,code_review,blind_first,0,ai_not_shown
C005,16,CASE029790,code_review,blind_first,1,blind_first_precommit
C005,16,CASE029791,code_review,blind_first,1,blind_first_precommit
C005,16,CASE029792,code_review,blind_first,0,blind_first_precommit
C005,16,CASE029793,code_review,blind_first,1,blind_first_precommit
C005,16,CASE029794,code_review,blind_first,1,blind_first_precommit
C005,16,CASE029795,code_review,blind_first,1,blind_first_precommit
C005,16,CASE029796,code_review,blind_first,1,blind_first_precommit
C005,16,CASE029797,code_review,blind_first,0,blind_first_precommit
C005,16,CASE029798,code_review,blind_first,1,blind_first_precommit
C005,16,CASE029799,code_review,blind_first,1,blind_first_precommit
C005,16,CASE029800,code_review,blind_first,1,blind_first_precommit
C005,17,CASE029801,code_review,blind_first,1,blind_first_precommit
C005,17,CASE029802,code_review,blind_first,1,blind_first_precommit
C005,17,CASE029803,code_review,blind_first,1,blind_first_precommit
C005,17,CASE029804,code_review,blind_first,1,blind_first_precommit
C005,17,CASE029805,code_review,blind_first,1,blind_first_precommit
C005,17,CASE029806,code_review,blind_first,1,blind_first_precommit
C005,17,CASE029807,code_review,blind_first,1,blind_first_precommit
C005,17,CASE029808,code_review,blind_first,1,blind_first_precommit
C005,17,CASE029809,code_review,blind_first,1,blind_first_precommit
C005,17,CASE029810,code_review,blind_first,1,blind_first_precommit
C005,17,CASE029811,code_review,blind_first,1,blind_first_precommit
C005,17,CASE029812,code_review,blind_first,1,blind_first_precommit
C005,17,CASE029813,code_review,blind_first,0,blind_first_precommit
C005,17,CASE029814,code_review,blind_first,1,blind_first_precommit
C005,17,CASE029815,code_review,blind_first,1,blind_first_precommit
C005,17,CASE029816,code_review,blind_first,1,ai_not_shown
C005,17,CASE029817,code_review,blind_first,0,blind_first_precommit
C005,17,CASE029818,code_review,blind_first,1,blind_first_precommit
C005,17,CASE029819,code_review,blind_first,1,blind_first_precommit
C005,17,CASE029820,code_review,blind_first,1,blind_first_precommit
C005,17,CASE029821,code_review,blind_first,1,blind_first_precommit
C005,17,CASE029822,code_review,blind_first,1,blind_first_precommit
C005,17,CASE029823,code_review,blind_first,1,blind_first_precommit
C005,17,CASE029824,code_review,blind_first,1,blind_first_precommit
C005,17,CASE029825,code_review,blind_first,1,blind_first_precommit
C005,18,CASE029826,code_review,blind_first,1,blind_first_precommit
C005,18,CASE029827,code_review,blind_first,1,blind_first_precommit
C005,18,CASE029828,code_review,blind_first,1,blind_first_precommit
C005,18,CASE029829,code_review,blind_first,1,blind_first_precommit
C005,18,CASE029830,code_review,blind_first,1,blind_first_precommit
C005,18,CASE029831,code_review,blind_first,1,blind_first_precommit
C005,18,CASE029832,code_review,blind_first,1,blind_first_precommit
C005,18,CASE029833,code_review,blind_first,1,blind_first_precommit
C005,18,CASE029834,code_review,blind_first,1,blind_first_precommit
C005,18,CASE029835,code_review,blind_first,0,blind_first_precommit
C005,18,CASE029836,code_review,blind_first,1,blind_first_precommit
C005,18,CASE029837,code_review,blind_first,1,blind_first_precommit
C005,18,CASE029838,code_review,blind_first,1,blind_first_precommit
C005,18,CASE029839,code_review,blind_first,1,blind_first_precommit
C005,18,CASE029840,code_review,blind_first,0,blind_first_precommit
C005,18,CASE029841,code_review,blind_first,1,blind_first_precommit
C005,18,CASE029842,code_review,blind_first,0,blind_first_precommit
C005,18,CASE029843,code_review,blind_first,0,blind_first_precommit
C005,18,CASE029844,code_review,blind_first,0,blind_first_precommit
C005,18,CASE029845,code_review,blind_first,1,blind_first_precommit
C005,18,CASE029846,code_review,blind_first,1,blind_first_precommit
C005,18,CASE029847,code_review,blind_first,1,blind_first_precommit
C005,18,CASE029848,code_review,blind_first,1,blind_first_precommit
C005,18,CASE029849,code_review,blind_first,1,blind_first_precommit
C005,18,CASE029850,code_review,blind_first,1,blind_first_precommit
C005,19,CASE029851,code_review,blind_first,0,blind_first_precommit
C005,19,CASE029852,code_review,blind_first,1,blind_first_precommit
C005,19,CASE029853,code_review,blind_first,1,blind_first_precommit
C005,19,CASE029854,code_review,blind_first,0,blind_first_precommit
C005,19,CASE029855,code_review,blind_first,1,blind_first_precommit
C005,19,CASE029856,code_review,blind_first,1,blind_first_precommit
C005,19,CASE029857,code_review,blind_first,0,blind_first_precommit
C005,19,CASE029858,code_review,blind_first,1,blind_first_precommit
C005,19,CASE029859,code_review,blind_first,1,blind_first_precommit
C005,19,CASE029860,code_review,blind_first,1,blind_first_precommit
C005,19,CASE029861,code_review,blind_first,1,blind_first_precommit
C005,19,CASE029862,code_review,blind_first,1,ai_not_shown
C005,19,CASE029863,code_review,blind_first,1,blind_first_precommit
C005,19,CASE029864,code_review,blind_first,1,blind_first_precommit
C005,19,CASE029865,code_review,blind_first,0,blind_first_precommit
C005,19,CASE029866,code_review,blind_first,1,blind_first_precommit
C005,19,CASE029867,code_review,blind_first,1,blind_first_precommit
C005,19,CASE029868,code_review,blind_first,1,blind_first_precommit
C005,19,CASE029869,code_review,blind_first,1,blind_first_precommit
C005,19,CASE029870,code_review,blind_first,1,blind_first_precommit
C005,19,CASE029871,code_review,blind_first,1,blind_first_precommit
C005,19,CASE029872,code_review,blind_first,1,ai_not_shown
C005,19,CASE029873,code_review,blind_first,1,blind_first_precommit
C005,19,CASE029874,code_review,blind_first,1,blind_first_precommit
C005,19,CASE029875,code_review,blind_first,1,blind_first_precommit
C005,20,CASE029876,code_review,blind_first,0,blind_first_precommit
C005,20,CASE029877,code_review,blind_first,1,blind_first_precommit
C005,20,CASE029878,code_review,blind_first,1,blind_first_precommit
C005,20,CASE029879,code_review,blind_first,1,blind_first_precommit
C005,20,CASE029880,code_review,blind_first,1,blind_first_precommit
C005,20,CASE029881,code_review,blind_first,1,blind_first_precommit
C005,20,CASE029882,code_review,blind_first,1,blind_first_precommit
C005,20,CASE029883,code_review,blind_first,1,blind_first_precommit
C005,20,CASE029884,code_review,blind_first,1,ai_not_shown
C005,20,CASE029885,code_review,blind_first,1,blind_first_precommit
C005,20,CASE029886,code_review,blind_first,1,blind_first_precommit
C005,20,CASE029887,code_review,blind_first,1,blind_first_precommit
C005,20,CASE029888,code_review,blind_first,1,blind_first_precommit
C005,20,CASE029889,code_review,blind_first,1,blind_first_precommit
C005,20,CASE029890,code_review,blind_first,1,blind_first_precommit
C005,20,CASE029891,code_review,blind_first,1,blind_first_precommit
C005,20,CASE029892,code_review,blind_first,1,ai_not_shown
C005,20,CASE029893,code_review,blind_first,1,blind_first_precommit
C005,20,CASE029894,code_review,blind_first,1,blind_first_precommit
C005,20,CASE029895,code_review,blind_first,1,blind_first_precommit
C005,20,CASE029896,code_review,blind_first,1,blind_first_precommit
C005,20,CASE029897,code_review,blind_first,1,blind_first_precommit
C005,20,CASE029898,code_review,blind_first,1,blind_first_precommit
C005,20,CASE029899,code_review,blind_first,1,blind_first_precommit
C005,20,CASE029900,code_review,blind_first,1,blind_first_precommit
C005,21,CASE029901,code_review,blind_first,1,blind_first_precommit
C005,21,CASE029902,code_review,blind_first,1,ai_not_shown
C005,21,CASE029903,code_review,blind_first,1,blind_first_precommit
C005,21,CASE029904,code_review,blind_first,1,blind_first_precommit
C005,21,CASE029905,code_review,blind_first,1,blind_first_precommit
C005,21,CASE029906,code_review,blind_first,1,blind_first_precommit
C005,21,CASE029907,code_review,blind_first,1,blind_first_precommit
C005,21,CASE029908,code_review,blind_first,1,ai_not_shown
C005,21,CASE029909,code_review,blind_first,1,blind_first_precommit
C005,21,CASE029910,code_review,blind_first,1,blind_first_precommit
C005,21,CASE029911,code_review,blind_first,1,blind_first_precommit
C005,21,CASE029912,code_review,blind_first,1,blind_first_precommit
C005,21,CASE029913,code_review,blind_first,1,ai_not_shown
C005,21,CASE029914,code_review,blind_first,1,blind_first_precommit
C005,21,CASE029915,code_review,blind_first,1,blind_first_precommit
C005,21,CASE029916,code_review,blind_first,1,blind_first_precommit
C005,21,CASE029917,code_review,blind_first,1,blind_first_precommit
C005,21,CASE029918,code_review,blind_first,1,ai_not_shown
C005,21,CASE029919,code_review,blind_first,0,blind_first_precommit
C005,21,CASE029920,code_review,blind_first,1,blind_first_precommit
C005,21,CASE029921,code_review,blind_first,1,blind_first_precommit
C005,21,CASE029922,code_review,blind_first,1,blind_first_precommit
C005,21,CASE029923,code_review,blind_first,1,blind_first_precommit
C005,21,CASE029924,code_review,blind_first,1,ai_not_shown
C005,21,CASE029925,code_review,blind_first,1,blind_first_precommit
C005,22,CASE029926,code_review,blind_first,1,blind_first_precommit
C005,22,CASE029927,code_review,blind_first,1,blind_first_precommit
C005,22,CASE029928,code_review,blind_first,1,blind_first_precommit
C005,22,CASE029929,code_review,blind_first,1,blind_first_precommit
C005,22,CASE029930,code_review,blind_first,1,ai_not_shown
C005,22,CASE029931,code_review,blind_first,1,blind_first_precommit
C005,22,CASE029932,code_review,blind_first,1,blind_first_precommit
C005,22,CASE029933,code_review,blind_first,1,blind_first_precommit
C005,22,CASE029934,code_review,blind_first,1,blind_first_precommit
C005,22,CASE029935,code_review,blind_first,0,blind_first_precommit
C005,22,CASE029936,code_review,blind_first,1,blind_first_precommit
C005,22,CASE029937,code_review,blind_first,1,blind_first_precommit
C005,22,CASE029938,code_review,blind_first,1,blind_first_precommit
C005,22,CASE029939,code_review,blind_first,1,blind_first_precommit
C005,22,CASE029940,code_review,blind_first,1,ai_not_shown
C005,22,CASE029941,code_review,blind_first,1,blind_first_precommit
C005,22,CASE029942,code_review,blind_first,1,blind_first_precommit
C005,22,CASE029943,code_review,blind_first,1,blind_first_precommit
C005,22,CASE029944,code_review,blind_first,1,blind_first_precommit
C005,22,CASE029945,code_review,blind_first,1,blind_first_precommit
C005,22,CASE029946,code_review,blind_first,1,ai_not_shown
C005,22,CASE029947,code_review,blind_first,1,blind_first_precommit
C005,22,CASE029948,code_review,blind_first,1,blind_first_precommit
C005,22,CASE029949,code_review,blind_first,0,blind_first_precommit
C005,22,CASE029950,code_review,blind_first,1,blind_first_precommit
C005,23,CASE029951,code_review,blind_first,1,blind_first_precommit
C005,23,CASE029952,code_review,blind_first,1,blind_first_precommit
C005,23,CASE029953,code_review,blind_first,1,blind_first_precommit
C005,23,CASE029954,code_review,blind_first,1,blind_first_precommit
C005,23,CASE029955,code_review,blind_first,1,blind_first_precommit
C005,23,CASE029956,code_review,blind_first,1,blind_first_precommit
C005,23,CASE029957,code_review,blind_first,1,blind_first_precommit
C005,23,CASE029958,code_review,blind_first,1,ai_not_shown
C005,23,CASE029959,code_review,blind_first,1,blind_first_precommit
C005,23,CASE029960,code_review,blind_first,0,blind_first_precommit
C005,23,CASE029961,code_review,blind_first,1,blind_first_precommit
C005,23,CASE029962,code_review,blind_first,1,blind_first_precommit
C005,23,CASE029963,code_review,blind_first,1,blind_first_precommit
C005,23,CASE029964,code_review,blind_first,1,blind_first_precommit
C005,23,CASE029965,code_review,blind_first,1,blind_first_precommit
C005,23,CASE029966,code_review,blind_first,1,blind_first_precommit
C005,23,CASE029967,code_review,blind_first,1,blind_first_precommit
C005,23,CASE029968,code_review,blind_first,1,blind_first_precommit
C005,23,CASE029969,code_review,blind_first,1,blind_first_precommit
C005,23,CASE029970,code_review,blind_first,1,blind_first_precommit
C005,23,CASE029971,code_review,blind_first,1,blind_first_precommit
C005,23,CASE029972,code_review,blind_first,1,blind_first_precommit
C005,23,CASE029973,code_review,blind_first,0,blind_first_precommit
C005,23,CASE029974,code_review,blind_first,1,blind_first_precommit
C005,23,CASE029975,code_review,blind_first,1,blind_first_precommit
C005,24,CASE029976,code_review,blind_first,1,blind_first_precommit
C005,24,CASE029977,code_review,blind_first,1,blind_first_precommit
C005,24,CASE029978,code_review,blind_first,1,blind_first_precommit
C005,24,CASE029979,code_review,blind_first,1,blind_first_precommit
C005,24,CASE029980,code_review,blind_first,1,blind_first_precommit
C005,24,CASE029981,code_review,blind_first,0,blind_first_precommit
C005,24,CASE029982,code_review,blind_first,1,blind_first_precommit
C005,24,CASE029983,code_review,blind_first,0,blind_first_precommit
C005,24,CASE029984,code_review,blind_first,1,blind_first_precommit
C005,24,CASE029985,code_review,blind_first,1,blind_first_precommit
C005,24,CASE029986,code_review,blind_first,1,blind_first_precommit
C005,24,CASE029987,code_review,blind_first,1,blind_first_precommit
C005,24,CASE029988,code_review,blind_first,1,blind_first_precommit
C005,24,CASE029989,code_review,blind_first,1,blind_first_precommit
C005,24,CASE029990,code_review,blind_first,1,blind_first_precommit
C005,24,CASE029991,code_review,blind_first,1,blind_first_precommit
C005,24,CASE029992,code_review,blind_first,1,blind_first_precommit
C005,24,CASE029993,code_review,blind_first,1,blind_first_precommit
C005,24,CASE029994,code_review,blind_first,0,blind_first_precommit
C005,24,CASE029995,code_review,blind_first,0,ai_not_shown
C005,24,CASE029996,code_review,blind_first,1,blind_first_precommit
C005,24,CASE029997,code_review,blind_first,0,blind_first_precommit
C005,24,CASE029998,code_review,blind_first,1,blind_first_precommit
C005,24,CASE029999,code_review,blind_first,1,blind_first_precommit
C005,24,CASE030000,code_review,blind_first,1,blind_first_precommit
C006,1,CASE030005,code_review,withheld_ai,1,ai_not_shown
C006,1,CASE030007,code_review,withheld_ai,1,ai_not_shown
C006,1,CASE030011,code_review,withheld_ai,1,ai_not_shown
C006,1,CASE030014,code_review,withheld_ai,0,ai_not_shown
C006,2,CASE030026,code_review,withheld_ai,1,ai_not_shown
C006,2,CASE030033,code_review,withheld_ai,1,ai_not_shown
C006,2,CASE030045,code_review,withheld_ai,1,ai_not_shown
C006,3,CASE030051,code_review,withheld_ai,1,ai_not_shown
C006,3,CASE030059,code_review,withheld_ai,1,ai_not_shown
C006,3,CASE030062,code_review,withheld_ai,1,ai_not_shown
C006,3,CASE030068,code_review,withheld_ai,0,ai_not_shown
C006,3,CASE030074,code_review,withheld_ai,1,ai_not_shown
C006,4,CASE030076,code_review,withheld_ai,1,ai_not_shown
C006,4,CASE030085,code_review,withheld_ai,1,ai_not_shown
C006,4,CASE030086,code_review,withheld_ai,1,ai_not_shown
C006,4,CASE030088,code_review,withheld_ai,1,ai_not_shown
C006,4,CASE030095,code_review,withheld_ai,1,ai_not_shown
C006,4,CASE030100,code_review,withheld_ai,1,ai_not_shown
C006,5,CASE030101,code_review,withheld_ai,1,ai_not_shown
C006,5,CASE030122,code_review,withheld_ai,1,ai_not_shown
C006,6,CASE030132,code_review,withheld_ai,1,ai_not_shown
C006,6,CASE030136,code_review,withheld_ai,1,ai_not_shown
C006,6,CASE030140,code_review,withheld_ai,1,ai_not_shown
C006,6,CASE030143,code_review,withheld_ai,1,ai_not_shown
C006,6,CASE030144,code_review,withheld_ai,0,ai_not_shown
C006,6,CASE030148,code_review,withheld_ai,1,ai_not_shown
C006,7,CASE030156,code_review,withheld_ai,1,ai_not_shown
C006,7,CASE030163,code_review,withheld_ai,1,ai_not_shown
C006,8,CASE030177,code_review,withheld_ai,1,ai_not_shown
C006,8,CASE030183,code_review,withheld_ai,1,ai_not_shown
C006,8,CASE030194,code_review,withheld_ai,1,ai_not_shown
C006,8,CASE030197,code_review,withheld_ai,0,ai_not_shown
C006,8,CASE030199,code_review,withheld_ai,1,ai_not_shown
C006,9,CASE030206,code_review,withheld_ai,1,ai_not_shown
C006,9,CASE030215,code_review,withheld_ai,1,ai_not_shown
C006,9,CASE030222,code_review,withheld_ai,1,ai_not_shown
C006,10,CASE030233,code_review,withheld_ai,1,ai_not_shown
C006,10,CASE030237,code_review,withheld_ai,1,ai_not_shown
C006,10,CASE030241,code_review,withheld_ai,1,ai_not_shown
C006,10,CASE030243,code_review,withheld_ai,1,ai_not_shown
C006,10,CASE030250,code_review,withheld_ai,1,ai_not_shown
C006,11,CASE030252,code_review,withheld_ai,1,ai_not_shown
C006,11,CASE030264,code_review,withheld_ai,1,ai_not_shown
C006,11,CASE030265,code_review,withheld_ai,1,ai_not_shown
C006,11,CASE030271,code_review,withheld_ai,1,ai_not_shown
C006,12,CASE030276,code_review,withheld_ai,1,ai_not_shown
C006,12,CASE030277,code_review,withheld_ai,0,ai_not_shown
C006,12,CASE030281,code_review,withheld_ai,1,ai_not_shown
C006,12,CASE030282,code_review,withheld_ai,1,ai_not_shown
C006,12,CASE030286,code_review,withheld_ai,1,ai_not_shown
C006,12,CASE030296,code_review,withheld_ai,1,ai_not_shown
C006,13,CASE030313,code_review,withheld_ai,1,ai_not_shown
C006,13,CASE030323,code_review,withheld_ai,1,ai_not_shown
C006,13,CASE030324,code_review,withheld_ai,1,ai_not_shown
C006,14,CASE030330,code_review,withheld_ai,1,ai_not_shown
C006,14,CASE030335,code_review,withheld_ai,1,ai_not_shown
C006,14,CASE030337,code_review,withheld_ai,1,ai_not_shown
C006,14,CASE030344,code_review,withheld_ai,1,ai_not_shown
C006,14,CASE030346,code_review,withheld_ai,1,ai_not_shown
C006,14,CASE030348,code_review,withheld_ai,0,ai_not_shown
C006,15,CASE030361,code_review,withheld_ai,1,ai_not_shown
C006,15,CASE030364,code_review,withheld_ai,1,ai_not_shown
C006,15,CASE030368,code_review,withheld_ai,1,ai_not_shown
C006,16,CASE030377,code_review,withheld_ai,0,ai_not_shown
C006,16,CASE030382,code_review,withheld_ai,1,ai_not_shown
C006,16,CASE030384,code_review,withheld_ai,0,ai_not_shown
C006,16,CASE030389,code_review,withheld_ai,1,ai_not_shown
C006,18,CASE030427,code_review,withheld_ai,1,ai_not_shown
C006,18,CASE030428,code_review,withheld_ai,1,ai_not_shown
C006,18,CASE030446,code_review,withheld_ai,1,ai_not_shown
C006,19,CASE030456,code_review,withheld_ai,1,ai_not_shown
C006,19,CASE030457,code_review,withheld_ai,1,ai_not_shown
C006,19,CASE030464,code_review,withheld_ai,1,ai_not_shown
C006,19,CASE030468,code_review,withheld_ai,1,ai_not_shown
C006,20,CASE030481,code_review,withheld_ai,1,ai_not_shown
C006,20,CASE030491,code_review,withheld_ai,1,ai_not_shown
C006,20,CASE030493,code_review,withheld_ai,1,ai_not_shown
C006,20,CASE030497,code_review,withheld_ai,1,ai_not_shown
C006,21,CASE030503,code_review,withheld_ai,1,ai_not_shown
C006,21,CASE030505,code_review,withheld_ai,1,ai_not_shown
C006,21,CASE030509,code_review,withheld_ai,1,ai_not_shown
C006,21,CASE030525,code_review,withheld_ai,1,ai_not_shown
C006,22,CASE030526,code_review,withheld_ai,0,ai_not_shown
C006,22,CASE030531,code_review,withheld_ai,1,ai_not_shown
C006,22,CASE030534,code_review,withheld_ai,0,ai_not_shown
C006,22,CASE030541,code_review,withheld_ai,0,ai_not_shown
C006,22,CASE030542,code_review,withheld_ai,1,ai_not_shown
C006,22,CASE030543,code_review,withheld_ai,1,ai_not_shown
C006,23,CASE030557,code_review,withheld_ai,1,ai_not_shown
C006,24,CASE030579,code_review,withheld_ai,1,ai_not_shown
C006,24,CASE030593,code_review,withheld_ai,0,ai_not_shown
C007,2,CASE030640,code_review,disagreement_prompt,1,ai_not_shown
C007,2,CASE030644,code_review,disagreement_prompt,1,ai_not_shown
C007,2,CASE030645,code_review,disagreement_prompt,1,ai_not_shown
C007,3,CASE030670,code_review,disagreement_prompt,1,ai_not_shown
C007,4,CASE030681,code_review,disagreement_prompt,1,ai_not_shown
C007,4,CASE030687,code_review,disagreement_prompt,1,ai_not_shown
C007,5,CASE030702,code_review,disagreement_prompt,1,ai_not_shown
C007,5,CASE030710,code_review,disagreement_prompt,1,ai_not_shown
C007,7,CASE030754,code_review,disagreement_prompt,1,ai_not_shown
C007,7,CASE030775,code_review,disagreement_prompt,0,ai_not_shown
C007,9,CASE030816,code_review,disagreement_prompt,1,ai_not_shown
C007,11,CASE030853,code_review,disagreement_prompt,1,ai_not_shown
C007,11,CASE030857,code_review,disagreement_prompt,1,ai_not_shown
C007,11,CASE030872,code_review,disagreement_prompt,1,ai_not_shown
C007,13,CASE030908,code_review,disagreement_prompt,1,ai_not_shown
C007,13,CASE030913,code_review,disagreement_prompt,0,ai_not_shown
C007,13,CASE030916,code_review,disagreement_prompt,1,ai_not_shown
C007,15,CASE030952,code_review,disagreement_prompt,1,ai_not_shown
C007,15,CASE030967,code_review,disagreement_prompt,0,ai_not_shown
C007,15,CASE030968,code_review,disagreement_prompt,1,ai_not_shown
C007,16,CASE030985,code_review,disagreement_prompt,1,ai_not_shown
C007,16,CASE030986,code_review,disagreement_prompt,0,ai_not_shown
C007,18,CASE031036,code_review,disagreement_prompt,1,ai_not_shown
C007,19,CASE031059,code_review,disagreement_prompt,1,ai_not_shown
C007,20,CASE031085,code_review,disagreement_prompt,0,ai_not_shown
C007,20,CASE031088,code_review,disagreement_prompt,1,ai_not_shown
C007,22,CASE031130,code_review,disagreement_prompt,1,ai_not_shown
C007,22,CASE031147,code_review,disagreement_prompt,1,ai_not_shown
C007,22,CASE031150,code_review,disagreement_prompt,1,ai_not_shown
C007,24,CASE031193,code_review,disagreement_prompt,0,ai_not_shown
C007,24,CASE031200,code_review,disagreement_prompt,1,ai_not_shown
C008,1,CASE031210,code_review,control_always_ai,0,ai_not_shown
C008,1,CASE031220,code_review,control_always_ai,0,ai_not_shown
C008,2,CASE031234,code_review,control_always_ai,1,ai_not_shown
C008,2,CASE031245,code_review,control_always_ai,1,ai_not_shown
C008,3,CASE031255,code_review,control_always_ai,0,ai_not_shown
C008,5,CASE031310,code_review,control_always_ai,1,ai_not_shown
C008,6,CASE031339,code_review,control_always_ai,0,ai_not_shown
C008,6,CASE031347,code_review,control_always_ai,1,ai_not_shown
C008,9,CASE031405,code_review,control_always_ai,0,ai_not_shown
C008,9,CASE031419,code_review,control_always_ai,1,ai_not_shown
C008,10,CASE031443,code_review,control_always_ai,0,ai_not_shown
C008,12,CASE031493,code_review,control_always_ai,1,ai_not_shown
C008,12,CASE031499,code_review,control_always_ai,1,ai_not_shown
C008,13,CASE031514,code_review,control_always_ai,1,ai_not_shown
C008,13,CASE031522,code_review,control_always_ai,0,ai_not_shown
C008,13,CASE031525,code_review,control_always_ai,0,ai_not_shown
C008,14,CASE031530,code_review,control_always_ai,1,ai_not_shown
C008,15,CASE031554,code_review,control_always_ai,1,ai_not_shown
C008,16,CASE031577,code_review,control_always_ai,1,ai_not_shown
C008,16,CASE031600,code_review,control_always_ai,1,ai_not_shown
C008,17,CASE031601,code_review,control_always_ai,1,ai_not_shown
C008,17,CASE031613,code_review,control_always_ai,1,ai_not_shown
C008,18,CASE031637,code_review,control_always_ai,1,ai_not_shown
C008,20,CASE031680,code_review,control_always_ai,1,ai_not_shown
C008,20,CASE031681,code_review,control_always_ai,0,ai_not_shown
C008,20,CASE031692,code_review,control_always_ai,1,ai_not_shown
C008,20,CASE031693,code_review,control_always_ai,1,ai_not_shown
C008,21,CASE031713,code_review,control_always_ai,1,ai_not_shown
C008,21,CASE031721,code_review,control_always_ai,1,ai_not_shown
C008,21,CASE031725,code_review,control_always_ai,1,ai_not_shown
C008,22,CASE031726,code_review,control_always_ai,1,ai_not_shown
C008,22,CASE031749,code_review,control_always_ai,0,ai_not_shown
C008,23,CASE031769,code_review,control_always_ai,1,ai_not_shown
C008,24,CASE031777,code_review,control_always_ai,1,ai_not_shown
C008,24,CASE031785,code_review,control_always_ai,0,ai_not_shown
C008,24,CASE031788,code_review,control_always_ai,0,ai_not_shown
C008,24,CASE031789,code_review,control_always_ai,1,ai_not_shown
C009,1,CASE031801,code_review,blind_first,1,blind_first_precommit
C009,1,CASE031802,code_review,blind_first,0,blind_first_precommit
C009,1,CASE031803,code_review,blind_first,0,blind_first_precommit
C009,1,CASE031804,code_review,blind_first,1,blind_first_precommit
C009,1,CASE031805,code_review,blind_first,0,ai_not_shown
C009,1,CASE031806,code_review,blind_first,0,blind_first_precommit
C009,1,CASE031807,code_review,blind_first,1,blind_first_precommit
C009,1,CASE031808,code_review,blind_first,1,blind_first_precommit
C009,1,CASE031809,code_review,blind_first,0,blind_first_precommit
C009,1,CASE031810,code_review,blind_first,1,blind_first_precommit
C009,1,CASE031811,code_review,blind_first,1,ai_not_shown
C009,1,CASE031812,code_review,blind_first,1,blind_first_precommit
C009,1,CASE031813,code_review,blind_first,1,blind_first_precommit
C009,1,CASE031814,code_review,blind_first,1,blind_first_precommit
C009,1,CASE031815,code_review,blind_first,1,blind_first_precommit
C009,1,CASE031816,code_review,blind_first,1,blind_first_precommit
C009,1,CASE031817,code_review,blind_first,1,blind_first_precommit
C009,1,CASE031818,code_review,blind_first,1,blind_first_precommit
C009,1,CASE031819,code_review,blind_first,1,blind_first_precommit
C009,1,CASE031820,code_review,blind_first,0,blind_first_precommit
C009,1,CASE031821,code_review,blind_first,1,blind_first_precommit
C009,1,CASE031822,code_review,blind_first,1,blind_first_precommit
C009,1,CASE031823,code_review,blind_first,1,ai_not_shown
C009,1,CASE031824,code_review,blind_first,0,blind_first_precommit
C009,1,CASE031825,code_review,blind_first,1,ai_not_shown
C009,2,CASE031826,code_review,blind_first,1,blind_first_precommit
C009,2,CASE031827,code_review,blind_first,1,ai_not_shown
C009,2,CASE031828,code_review,blind_first,1,blind_first_precommit
C009,2,CASE031829,code_review,blind_first,1,blind_first_precommit
C009,2,CASE031830,code_review,blind_first,1,blind_first_precommit
C009,2,CASE031831,code_review,blind_first,0,blind_first_precommit
C009,2,CASE031832,code_review,blind_first,0,blind_first_precommit
C009,2,CASE031833,code_review,blind_first,1,blind_first_precommit
C009,2,CASE031834,code_review,blind_first,0,blind_first_precommit
C009,2,CASE031835,code_review,blind_first,1,blind_first_precommit
C009,2,CASE031836,code_review,blind_first,1,blind_first_precommit
C009,2,CASE031837,code_review,blind_first,0,blind_first_precommit
C009,2,CASE031838,code_review,blind_first,1,blind_first_precommit
C009,2,CASE031839,code_review,blind_first,1,blind_first_precommit
C009,2,CASE031840,code_review,blind_first,1,blind_first_precommit
C009,2,CASE031841,code_review,blind_first,1,blind_first_precommit
C009,2,CASE031842,code_review,blind_first,0,ai_not_shown
C009,2,CASE031843,code_review,blind_first,1,blind_first_precommit
C009,2,CASE031844,code_review,blind_first,1,blind_first_precommit
C009,2,CASE031845,code_review,blind_first,0,blind_first_precommit
C009,2,CASE031846,code_review,blind_first,1,blind_first_precommit
C009,2,CASE031847,code_review,blind_first,1,blind_first_precommit
C009,2,CASE031848,code_review,blind_first,1,blind_first_precommit
C009,2,CASE031849,code_review,blind_first,0,blind_first_precommit
C009,2,CASE031850,code_review,blind_first,1,blind_first_precommit
C009,3,CASE031851,code_review,blind_first,0,blind_first_precommit
C009,3,CASE031852,code_review,blind_first,1,blind_first_precommit
C009,3,CASE031853,code_review,blind_first,1,blind_first_precommit
C009,3,CASE031854,code_review,blind_first,1,ai_not_shown
C009,3,CASE031855,code_review,blind_first,1,blind_first_precommit
C009,3,CASE031856,code_review,blind_first,1,blind_first_precommit
C009,3,CASE031857,code_review,blind_first,0,ai_not_shown
C009,3,CASE031858,code_review,blind_first,1,blind_first_precommit
C009,3,CASE031859,code_review,blind_first,1,blind_first_precommit
C009,3,CASE031860,code_review,blind_first,1,blind_first_precommit
C009,3,CASE031861,code_review,blind_first,1,blind_first_precommit
C009,3,CASE031862,code_review,blind_first,1,ai_not_shown
C009,3,CASE031863,code_review,blind_first,1,blind_first_precommit
C009,3,CASE031864,code_review,blind_first,1,blind_first_precommit
C009,3,CASE031865,code_review,blind_first,1,blind_first_precommit
C009,3,CASE031866,code_review,blind_first,1,blind_first_precommit
C009,3,CASE031867,code_review,blind_first,0,blind_first_precommit
C009,3,CASE031868,code_review,blind_first,0,blind_first_precommit
C009,3,CASE031869,code_review,blind_first,1,blind_first_precommit
C009,3,CASE031870,code_review,blind_first,0,blind_first_precommit
C009,3,CASE031871,code_review,blind_first,1,ai_not_shown
C009,3,CASE031872,code_review,blind_first,1,blind_first_precommit
C009,3,CASE031873,code_review,blind_first,1,blind_first_precommit
C009,3,CASE031874,code_review,blind_first,1,blind_first_precommit
C009,3,CASE031875,code_review,blind_first,1,blind_first_precommit
C009,4,CASE031876,code_review,blind_first,1,blind_first_precommit
C009,4,CASE031877,code_review,blind_first,0,blind_first_precommit
C009,4,CASE031878,code_review,blind_first,0,blind_first_precommit
C009,4,CASE031879,code_review,blind_first,0,blind_first_precommit
C009,4,CASE031880,code_review,blind_first,0,blind_first_precommit
C009,4,CASE031881,code_review,blind_first,0,blind_first_precommit
C009,4,CASE031882,code_review,blind_first,1,blind_first_precommit
C009,4,CASE031883,code_review,blind_first,1,blind_first_precommit
C009,4,CASE031884,code_review,blind_first,1,blind_first_precommit
C009,4,CASE031885,code_review,blind_first,1,ai_not_shown
C009,4,CASE031886,code_review,blind_first,1,blind_first_precommit
C009,4,CASE031887,code_review,blind_first,0,blind_first_precommit
C009,4,CASE031888,code_review,blind_first,0,blind_first_precommit
C009,4,CASE031889,code_review,blind_first,1,blind_first_precommit
C009,4,CASE031890,code_review,blind_first,1,blind_first_precommit
C009,4,CASE031891,code_review,blind_first,0,blind_first_precommit
C009,4,CASE031892,code_review,blind_first,1,ai_not_shown
C009,4,CASE031893,code_review,blind_first,1,blind_first_precommit
C009,4,CASE031894,code_review,blind_first,1,blind_first_precommit
C009,4,CASE031895,code_review,blind_first,0,blind_first_precommit
C009,4,CASE031896,code_review,blind_first,1,ai_not_shown
C009,4,CASE031897,code_review,blind_first,1,ai_not_shown
C009,4,CASE031898,code_review,blind_first,0,blind_first_precommit
C009,4,CASE031899,code_review,blind_first,1,blind_first_precommit
C009,4,CASE031900,code_review,blind_first,0,blind_first_precommit
C009,5,CASE031901,code_review,blind_first,1,blind_first_precommit
C009,5,CASE031902,code_review,blind_first,0,blind_first_precommit
C009,5,CASE031903,code_review,blind_first,1,blind_first_precommit
C009,5,CASE031904,code_review,blind_first,1,blind_first_precommit
C009,5,CASE031905,code_review,blind_first,1,ai_not_shown
C009,5,CASE031906,code_review,blind_first,1,ai_not_shown
C009,5,CASE031907,code_review,blind_first,1,blind_first_precommit
C009,5,CASE031908,code_review,blind_first,1,blind_first_precommit
C009,5,CASE031909,code_review,blind_first,0,blind_first_precommit
C009,5,CASE031910,code_review,blind_first,0,blind_first_precommit
C009,5,CASE031911,code_review,blind_first,0,blind_first_precommit
C009,5,CASE031912,code_review,blind_first,1,blind_first_precommit
C009,5,CASE031913,code_review,blind_first,1,blind_first_precommit
C009,5,CASE031914,code_review,blind_first,1,blind_first_precommit
C009,5,CASE031915,code_review,blind_first,1,blind_first_precommit
C009,5,CASE031916,code_review,blind_first,0,blind_first_precommit
C009,5,CASE031917,code_review,blind_first,1,blind_first_precommit
C009,5,CASE031918,code_review,blind_first,1,blind_first_precommit
C009,5,CASE031919,code_review,blind_first,0,blind_first_precommit
C009,5,CASE031920,code_review,blind_first,1,blind_first_precommit
C009,5,CASE031921,code_review,blind_first,1,blind_first_precommit
C009,5,CASE031922,code_review,blind_first,1,blind_first_precommit
C009,5,CASE031923,code_review,blind_first,1,blind_first_precommit
C009,5,CASE031924,code_review,blind_first,1,blind_first_precommit
C009,5,CASE031925,code_review,blind_first,1,blind_first_precommit
C009,6,CASE031926,code_review,blind_first,1,blind_first_precommit
C009,6,CASE031927,code_review,blind_first,1,blind_first_precommit
C009,6,CASE031928,code_review,blind_first,0,blind_first_precommit
C009,6,CASE031929,code_review,blind_first,1,blind_first_precommit
C009,6,CASE031930,code_review,blind_first,0,blind_first_precommit
C009,6,CASE031931,code_review,blind_first,1,blind_first_precommit
C009,6,CASE031932,code_review,blind_first,1,blind_first_precommit
C009,6,CASE031933,code_review,blind_first,1,blind_first_precommit
C009,6,CASE031934,code_review,blind_first,0,blind_first_precommit
C009,6,CASE031935,code_review,blind_first,0,blind_first_precommit
C009,6,CASE031936,code_review,blind_first,1,blind_first_precommit
C009,6,CASE031937,code_review,blind_first,1,blind_first_precommit
C009,6,CASE031938,code_review,blind_first,1,blind_first_precommit
C009,6,CASE031939,code_review,blind_first,1,blind_first_precommit
C009,6,CASE031940,code_review,blind_first,1,blind_first_precommit
C009,6,CASE031941,code_review,blind_first,1,blind_first_precommit
C009,6,CASE031942,code_review,blind_first,0,blind_first_precommit
C009,6,CASE031943,code_review,blind_first,0,blind_first_precommit
C009,6,CASE031944,code_review,blind_first,0,blind_first_precommit
C009,6,CASE031945,code_review,blind_first,1,blind_first_precommit
C009,6,CASE031946,code_review,blind_first,0,blind_first_precommit
C009,6,CASE031947,code_review,blind_first,1,blind_first_precommit
C009,6,CASE031948,code_review,blind_first,1,blind_first_precommit
C009,6,CASE031949,code_review,blind_first,0,blind_first_precommit
C009,6,CASE031950,code_review,blind_first,0,blind_first_precommit
C009,7,CASE031951,code_review,blind_first,1,blind_first_precommit
C009,7,CASE031952,code_review,blind_first,0,blind_first_precommit
C009,7,CASE031953,code_review,blind_first,0,blind_first_precommit
C009,7,CASE031954,code_review,blind_first,1,blind_first_precommit
C009,7,CASE031955,code_review,blind_first,1,blind_first_precommit
C009,7,CASE031956,code_review,blind_first,1,blind_first_precommit
C009,7,CASE031957,code_review,blind_first,1,blind_first_precommit
C009,7,CASE031958,code_review,blind_first,1,ai_not_shown
C009,7,CASE031959,code_review,blind_first,0,blind_first_precommit
C009,7,CASE031960,code_review,blind_first,1,blind_first_precommit
C009,7,CASE031961,code_review,blind_first,1,blind_first_precommit
C009,7,CASE031962,code_review,blind_first,0,blind_first_precommit
C009,7,CASE031963,code_review,blind_first,1,blind_first_precommit
C009,7,CASE031964,code_review,blind_first,1,blind_first_precommit
C009,7,CASE031965,code_review,blind_first,1,blind_first_precommit
C009,7,CASE031966,code_review,blind_first,1,blind_first_precommit
C009,7,CASE031967,code_review,blind_first,0,ai_not_shown
C009,7,CASE031968,code_review,blind_first,1,blind_first_precommit
C009,7,CASE031969,code_review,blind_first,1,blind_first_precommit
C009,7,CASE031970,code_review,blind_first,1,blind_first_precommit
C009,7,CASE031971,code_review,blind_first,0,blind_first_precommit
C009,7,CASE031972,code_review,blind_first,1,blind_first_precommit
C009,7,CASE031973,code_review,blind_first,1,blind_first_precommit
C009,7,CASE031974,code_review,blind_first,0,blind_first_precommit
C009,7,CASE031975,code_review,blind_first,1,ai_not_shown
C009,8,CASE031976,code_review,blind_first,1,blind_first_precommit
C009,8,CASE031977,code_review,blind_first,1,blind_first_precommit
C009,8,CASE031978,code_review,blind_first,1,ai_not_shown
C009,8,CASE031979,code_review,blind_first,1,blind_first_precommit
C009,8,CASE031980,code_review,blind_first,0,blind_first_precommit
C009,8,CASE031981,code_review,blind_first,1,blind_first_precommit
C009,8,CASE031982,code_review,blind_first,1,blind_first_precommit
C009,8,CASE031983,code_review,blind_first,1,blind_first_precommit
C009,8,CASE031984,code_review,blind_first,1,blind_first_precommit
C009,8,CASE031985,code_review,blind_first,1,blind_first_precommit
C009,8,CASE031986,code_review,blind_first,1,blind_first_precommit
C009,8,CASE031987,code_review,blind_first,0,blind_first_precommit
C009,8,CASE031988,code_review,blind_first,1,blind_first_precommit
C009,8,CASE031989,code_review,blind_first,1,blind_first_precommit
C009,8,CASE031990,code_review,blind_first,1,blind_first_precommit
C009,8,CASE031991,code_review,blind_first,1,blind_first_precommit
C009,8,CASE031992,code_review,blind_first,1,ai_not_shown
C009,8,CASE031993,code_review,blind_first,1,blind_first_precommit
C009,8,CASE031994,code_review,blind_first,1,blind_first_precommit
C009,8,CASE031995,code_review,blind_first,1,blind_first_precommit
C009,8,CASE031996,code_review,blind_first,1,blind_first_precommit
C009,8,CASE031997,code_review,blind_first,0,blind_first_precommit
C009,8,CASE031998,code_review,blind_first,0,blind_first_precommit
C009,8,CASE031999,code_review,blind_first,0,ai_not_shown
C009,8,CASE032000,code_review,blind_first,1,blind_first_precommit
C009,9,CASE032001,code_review,blind_first,0,blind_first_precommit
C009,9,CASE032002,code_review,blind_first,1,blind_first_precommit
C009,9,CASE032003,code_review,blind_first,1,blind_first_precommit
C009,9,CASE032004,code_review,blind_first,1,blind_first_precommit
C009,9,CASE032005,code_review,blind_first,0,blind_first_precommit
C009,9,CASE032006,code_review,blind_first,1,blind_first_precommit
C009,9,CASE032007,code_review,blind_first,1,blind_first_precommit
C009,9,CASE032008,code_review,blind_first,1,blind_first_precommit
C009,9,CASE032009,code_review,blind_first,1,blind_first_precommit
C009,9,CASE032010,code_review,blind_first,1,blind_first_precommit
C009,9,CASE032011,code_review,blind_first,1,blind_first_precommit
C009,9,CASE032012,code_review,blind_first,1,blind_first_precommit
C009,9,CASE032013,code_review,blind_first,0,blind_first_precommit
C009,9,CASE032014,code_review,blind_first,1,blind_first_precommit
C009,9,CASE032015,code_review,blind_first,1,blind_first_precommit
C009,9,CASE032016,code_review,blind_first,1,blind_first_precommit
C009,9,CASE032017,code_review,blind_first,1,blind_first_precommit
C009,9,CASE032018,code_review,blind_first,0,ai_not_shown
C009,9,CASE032019,code_review,blind_first,1,blind_first_precommit
C009,9,CASE032020,code_review,blind_first,1,blind_first_precommit
C009,9,CASE032021,code_review,blind_first,0,blind_first_precommit
C009,9,CASE032022,code_review,blind_first,0,blind_first_precommit
C009,9,CASE032023,code_review,blind_first,0,ai_not_shown
C009,9,CASE032024,code_review,blind_first,0,blind_first_precommit
C009,9,CASE032025,code_review,blind_first,0,blind_first_precommit
C009,10,CASE032026,code_review,blind_first,0,blind_first_precommit
C009,10,CASE032027,code_review,blind_first,1,blind_first_precommit
C009,10,CASE032028,code_review,blind_first,1,blind_first_precommit
C009,10,CASE032029,code_review,blind_first,1,blind_first_precommit
C009,10,CASE032030,code_review,blind_first,1,blind_first_precommit
C009,10,CASE032031,code_review,blind_first,1,blind_first_precommit
C009,10,CASE032032,code_review,blind_first,1,blind_first_precommit
C009,10,CASE032033,code_review,blind_first,0,blind_first_precommit
C009,10,CASE032034,code_review,blind_first,1,blind_first_precommit
C009,10,CASE032035,code_review,blind_first,1,blind_first_precommit
C009,10,CASE032036,code_review,blind_first,1,blind_first_precommit
C009,10,CASE032037,code_review,blind_first,1,blind_first_precommit
C009,10,CASE032038,code_review,blind_first,1,blind_first_precommit
C009,10,CASE032039,code_review,blind_first,1,blind_first_precommit
C009,10,CASE032040,code_review,blind_first,0,blind_first_precommit
C009,10,CASE032041,code_review,blind_first,1,ai_not_shown
C009,10,CASE032042,code_review,blind_first,1,blind_first_precommit
C009,10,CASE032043,code_review,blind_first,1,blind_first_precommit
C009,10,CASE032044,code_review,blind_first,0,blind_first_precommit
C009,10,CASE032045,code_review,blind_first,1,blind_first_precommit
C009,10,CASE032046,code_review,blind_first,1,blind_first_precommit
C009,10,CASE032047,code_review,blind_first,0,blind_first_precommit
C009,10,CASE032048,code_review,blind_first,1,blind_first_precommit
C009,10,CASE032049,code_review,blind_first,0,blind_first_precommit
C009,10,CASE032050,code_review,blind_first,0,ai_not_shown
C009,11,CASE032051,code_review,blind_first,1,blind_first_precommit
C009,11,CASE032052,code_review,blind_first,0,blind_first_precommit
C009,11,CASE032053,code_review,blind_first,0,blind_first_precommit
C009,11,CASE032054,code_review,blind_first,1,blind_first_precommit
C009,11,CASE032055,code_review,blind_first,0,blind_first_precommit
C009,11,CASE032056,code_review,blind_first,1,blind_first_precommit
C009,11,CASE032057,code_review,blind_first,1,blind_first_precommit
C009,11,CASE032058,code_review,blind_first,1,blind_first_precommit
C009,11,CASE032059,code_review,blind_first,0,blind_first_precommit
C009,11,CASE032060,code_review,blind_first,1,blind_first_precommit
C009,11,CASE032061,code_review,blind_first,1,blind_first_precommit
C009,11,CASE032062,code_review,blind_first,1,ai_not_shown
C009,11,CASE032063,code_review,blind_first,1,blind_first_precommit
C009,11,CASE032064,code_review,blind_first,1,blind_first_precommit
C009,11,CASE032065,code_review,blind_first,0,blind_first_precommit
C009,11,CASE032066,code_review,blind_first,1,blind_first_precommit
C009,11,CASE032067,code_review,blind_first,1,blind_first_precommit
C009,11,CASE032068,code_review,blind_first,1,blind_first_precommit
C009,11,CASE032069,code_review,blind_first,1,blind_first_precommit
C009,11,CASE032070,code_review,blind_first,0,blind_first_precommit
C009,11,CASE032071,code_review,blind_first,1,blind_first_precommit
C009,11,CASE032072,code_review,blind_first,1,ai_not_shown
C009,11,CASE032073,code_review,blind_first,1,blind_first_precommit
C009,11,CASE032074,code_review,blind_first,1,blind_first_precommit
C009,11,CASE032075,code_review,blind_first,1,blind_first_precommit
C009,12,CASE032076,code_review,blind_first,1,blind_first_precommit
C009,12,CASE032077,code_review,blind_first,1,ai_not_shown
C009,12,CASE032078,code_review,blind_first,1,blind_first_precommit
C009,12,CASE032079,code_review,blind_first,0,blind_first_precommit
C009,12,CASE032080,code_review,blind_first,1,blind_first_precommit
C009,12,CASE032081,code_review,blind_first,0,blind_first_precommit
C009,12,CASE032082,code_review,blind_first,1,blind_first_precommit
C009,12,CASE032083,code_review,blind_first,0,blind_first_precommit
C009,12,CASE032084,code_review,blind_first,1,blind_first_precommit
C009,12,CASE032085,code_review,blind_first,1,blind_first_precommit
C009,12,CASE032086,code_review,blind_first,1,blind_first_precommit
C009,12,CASE032087,code_review,blind_first,1,blind_first_precommit
C009,12,CASE032088,code_review,blind_first,1,blind_first_precommit
C009,12,CASE032089,code_review,blind_first,1,blind_first_precommit
C009,12,CASE032090,code_review,blind_first,1,blind_first_precommit
C009,12,CASE032091,code_review,blind_first,1,blind_first_precommit
C009,12,CASE032092,code_review,blind_first,1,blind_first_precommit
C009,12,CASE032093,code_review,blind_first,1,blind_first_precommit
C009,12,CASE032094,code_review,blind_first,1,blind_first_precommit
C009,12,CASE032095,code_review,blind_first,0,blind_first_precommit
C009,12,CASE032096,code_review,blind_first,0,blind_first_precommit
C009,12,CASE032097,code_review,blind_first,1,blind_first_precommit
C009,12,CASE032098,code_review,blind_first,0,blind_first_precommit
C009,12,CASE032099,code_review,blind_first,0,blind_first_precommit
C009,12,CASE032100,code_review,blind_first,1,blind_first_precommit
C009,13,CASE032101,code_review,blind_first,1,blind_first_precommit
C009,13,CASE032102,code_review,blind_first,1,blind_first_precommit
C009,13,CASE032103,code_review,blind_first,1,blind_first_precommit
C009,13,CASE032104,code_review,blind_first,1,blind_first_precommit
C009,13,CASE032105,code_review,blind_first,1,blind_first_precommit
C009,13,CASE032106,code_review,blind_first,1,blind_first_precommit
C009,13,CASE032107,code_review,blind_first,1,blind_first_precommit
C009,13,CASE032108,code_review,blind_first,1,blind_first_precommit
C009,13,CASE032109,code_review,blind_first,1,blind_first_precommit
C009,13,CASE032110,code_review,blind_first,1,ai_not_shown
C009,13,CASE032111,code_review,blind_first,1,blind_first_precommit
C009,13,CASE032112,code_review,blind_first,1,blind_first_precommit
C009,13,CASE032113,code_review,blind_first,0,blind_first_precommit
C009,13,CASE032114,code_review,blind_first,1,blind_first_precommit
C009,13,CASE032115,code_review,blind_first,0,blind_first_precommit
C009,13,CASE032116,code_review,blind_first,1,blind_first_precommit
C009,13,CASE032117,code_review,blind_first,1,blind_first_precommit
C009,13,CASE032118,code_review,blind_first,1,blind_first_precommit
C009,13,CASE032119,code_review,blind_first,1,blind_first_precommit
C009,13,CASE032120,code_review,blind_first,1,blind_first_precommit
C009,13,CASE032121,code_review,blind_first,1,blind_first_precommit
C009,13,CASE032122,code_review,blind_first,0,blind_first_precommit
C009,13,CASE032123,code_review,blind_first,1,blind_first_precommit
C009,13,CASE032124,code_review,blind_first,0,blind_first_precommit
C009,13,CASE032125,code_review,blind_first,1,blind_first_precommit
C009,14,CASE032126,code_review,blind_first,1,blind_first_precommit
C009,14,CASE032127,code_review,blind_first,1,blind_first_precommit
C009,14,CASE032128,code_review,blind_first,1,blind_first_precommit
C009,14,CASE032129,code_review,blind_first,1,blind_first_precommit
C009,14,CASE032130,code_review,blind_first,0,blind_first_precommit
C009,14,CASE032131,code_review,blind_first,1,blind_first_precommit
C009,14,CASE032132,code_review,blind_first,1,ai_not_shown
C009,14,CASE032133,code_review,blind_first,1,blind_first_precommit
C009,14,CASE032134,code_review,blind_first,1,blind_first_precommit
C009,14,CASE032135,code_review,blind_first,0,blind_first_precommit
C009,14,CASE032136,code_review,blind_first,1,blind_first_precommit
C009,14,CASE032137,code_review,blind_first,1,blind_first_precommit
C009,14,CASE032138,code_review,blind_first,1,blind_first_precommit
C009,14,CASE032139,code_review,blind_first,1,blind_first_precommit
C009,14,CASE032140,code_review,blind_first,1,blind_first_precommit
C009,14,CASE032141,code_review,blind_first,0,blind_first_precommit
C009,14,CASE032142,code_review,blind_first,1,blind_first_precommit
C009,14,CASE032143,code_review,blind_first,0,blind_first_precommit
C009,14,CASE032144,code_review,blind_first,1,blind_first_precommit
C009,14,CASE032145,code_review,blind_first,0,blind_first_precommit
C009,14,CASE032146,code_review,blind_first,1,blind_first_precommit
C009,14,CASE032147,code_review,blind_first,1,blind_first_precommit
C009,14,CASE032148,code_review,blind_first,1,blind_first_precommit
C009,14,CASE032149,code_review,blind_first,1,blind_first_precommit
C009,14,CASE032150,code_review,blind_first,1,blind_first_precommit
C009,15,CASE032151,code_review,blind_first,0,blind_first_precommit
C009,15,CASE032152,code_review,blind_first,1,blind_first_precommit
C009,15,CASE032153,code_review,blind_first,1,blind_first_precommit
C009,15,CASE032154,code_review,blind_first,1,blind_first_precommit
C009,15,CASE032155,code_review,blind_first,0,blind_first_precommit
C009,15,CASE032156,code_review,blind_first,1,blind_first_precommit
C009,15,CASE032157,code_review,blind_first,1,blind_first_precommit
C009,15,CASE032158,code_review,blind_first,0,blind_first_precommit
C009,15,CASE032159,code_review,blind_first,1,blind_first_precommit
C009,15,CASE032160,code_review,blind_first,1,blind_first_precommit
C009,15,CASE032161,code_review,blind_first,1,blind_first_precommit
C009,15,CASE032162,code_review,blind_first,1,ai_not_shown
C009,15,CASE032163,code_review,blind_first,1,blind_first_precommit
C009,15,CASE032164,code_review,blind_first,1,blind_first_precommit
C009,15,CASE032165,code_review,blind_first,1,blind_first_precommit
C009,15,CASE032166,code_review,blind_first,1,blind_first_precommit
C009,15,CASE032167,code_review,blind_first,0,blind_first_precommit
C009,15,CASE032168,code_review,blind_first,1,blind_first_precommit
C009,15,CASE032169,code_review,blind_first,1,blind_first_precommit
C009,15,CASE032170,code_review,blind_first,0,blind_first_precommit
C009,15,CASE032171,code_review,blind_first,1,blind_first_precommit
C009,15,CASE032172,code_review,blind_first,1,blind_first_precommit
C009,15,CASE032173,code_review,blind_first,1,blind_first_precommit
C009,15,CASE032174,code_review,blind_first,0,blind_first_precommit
C009,15,CASE032175,code_review,blind_first,0,blind_first_precommit
C009,16,CASE032176,code_review,blind_first,1,blind_first_precommit
C009,16,CASE032177,code_review,blind_first,1,blind_first_precommit
C009,16,CASE032178,code_review,blind_first,1,blind_first_precommit
C009,16,CASE032179,code_review,blind_first,1,blind_first_precommit
C009,16,CASE032180,code_review,blind_first,1,blind_first_precommit
C009,16,CASE032181,code_review,blind_first,1,blind_first_precommit
C009,16,CASE032182,code_review,blind_first,1,blind_first_precommit
C009,16,CASE032183,code_review,blind_first,1,blind_first_precommit
C009,16,CASE032184,code_review,blind_first,0,blind_first_precommit
C009,16,CASE032185,code_review,blind_first,1,blind_first_precommit
C009,16,CASE032186,code_review,blind_first,0,blind_first_precommit
C009,16,CASE032187,code_review,blind_first,1,blind_first_precommit
C009,16,CASE032188,code_review,blind_first,1,blind_first_precommit
C009,16,CASE032189,code_review,blind_first,1,ai_not_shown
C009,16,CASE032190,code_review,blind_first,1,blind_first_precommit
C009,16,CASE032191,code_review,blind_first,1,blind_first_precommit
C009,16,CASE032192,code_review,blind_first,0,blind_first_precommit
C009,16,CASE032193,code_review,blind_first,1,blind_first_precommit
C009,16,CASE032194,code_review,blind_first,1,blind_first_precommit
C009,16,CASE032195,code_review,blind_first,1,blind_first_precommit
C009,16,CASE032196,code_review,blind_first,1,blind_first_precommit
C009,16,CASE032197,code_review,blind_first,1,ai_not_shown
C009,16,CASE032198,code_review,blind_first,1,blind_first_precommit
C009,16,CASE032199,code_review,blind_first,1,blind_first_precommit
C009,16,CASE032200,code_review,blind_first,1,blind_first_precommit
C009,17,CASE032201,code_review,blind_first,0,blind_first_precommit
C009,17,CASE032202,code_review,blind_first,1,blind_first_precommit
C009,17,CASE032203,code_review,blind_first,0,blind_first_precommit
C009,17,CASE032204,code_review,blind_first,1,blind_first_precommit
C009,17,CASE032205,code_review,blind_first,1,blind_first_precommit
C009,17,CASE032206,code_review,blind_first,1,blind_first_precommit
C009,17,CASE032207,code_review,blind_first,1,blind_first_precommit
C009,17,CASE032208,code_review,blind_first,1,ai_not_shown
C009,17,CASE032209,code_review,blind_first,1,blind_first_precommit
C009,17,CASE032210,code_review,blind_first,0,blind_first_precommit
C009,17,CASE032211,code_review,blind_first,1,blind_first_precommit
C009,17,CASE032212,code_review,blind_first,1,blind_first_precommit
C009,17,CASE032213,code_review,blind_first,1,blind_first_precommit
C009,17,CASE032214,code_review,blind_first,1,blind_first_precommit
C009,17,CASE032215,code_review,blind_first,1,blind_first_precommit
C009,17,CASE032216,code_review,blind_first,1,blind_first_precommit
C009,17,CASE032217,code_review,blind_first,0,blind_first_precommit
C009,17,CASE032218,code_review,blind_first,1,blind_first_precommit
C009,17,CASE032219,code_review,blind_first,1,blind_first_precommit
C009,17,CASE032220,code_review,blind_first,0,blind_first_precommit
C009,17,CASE032221,code_review,blind_first,1,blind_first_precommit
C009,17,CASE032222,code_review,blind_first,1,blind_first_precommit
C009,17,CASE032223,code_review,blind_first,1,blind_first_precommit
C009,17,CASE032224,code_review,blind_first,1,blind_first_precommit
C009,17,CASE032225,code_review,blind_first,1,blind_first_precommit
C009,18,CASE032226,code_review,blind_first,1,blind_first_precommit
C009,18,CASE032227,code_review,blind_first,1,blind_first_precommit
C009,18,CASE032228,code_review,blind_first,1,blind_first_precommit
C009,18,CASE032229,code_review,blind_first,0,blind_first_precommit
C009,18,CASE032230,code_review,blind_first,1,blind_first_precommit
C009,18,CASE032231,code_review,blind_first,1,blind_first_precommit
C009,18,CASE032232,code_review,blind_first,1,blind_first_precommit
C009,18,CASE032233,code_review,blind_first,1,blind_first_precommit
C009,18,CASE032234,code_review,blind_first,1,blind_first_precommit
C009,18,CASE032235,code_review,blind_first,1,blind_first_precommit
C009,18,CASE032236,code_review,blind_first,1,blind_first_precommit
C009,18,CASE032237,code_review,blind_first,1,blind_first_precommit
C009,18,CASE032238,code_review,blind_first,1,blind_first_precommit
C009,18,CASE032239,code_review,blind_first,1,blind_first_precommit
C009,18,CASE032240,code_review,blind_first,0,ai_not_shown
C009,18,CASE032241,code_review,blind_first,1,blind_first_precommit
C009,18,CASE032242,code_review,blind_first,1,blind_first_precommit
C009,18,CASE032243,code_review,blind_first,1,blind_first_precommit
C009,18,CASE032244,code_review,blind_first,1,blind_first_precommit
C009,18,CASE032245,code_review,blind_first,1,blind_first_precommit
C009,18,CASE032246,code_review,blind_first,1,blind_first_precommit
C009,18,CASE032247,code_review,blind_first,1,ai_not_shown
C009,18,CASE032248,code_review,blind_first,1,blind_first_precommit
C009,18,CASE032249,code_review,blind_first,1,blind_first_precommit
C009,18,CASE032250,code_review,blind_first,1,blind_first_precommit
C009,19,CASE032251,code_review,blind_first,1,blind_first_precommit
C009,19,CASE032252,code_review,blind_first,1,blind_first_precommit
C009,19,CASE032253,code_review,blind_first,1,blind_first_precommit
C009,19,CASE032254,code_review,blind_first,1,blind_first_precommit
C009,19,CASE032255,code_review,blind_first,0,blind_first_precommit
C009,19,CASE032256,code_review,blind_first,1,blind_first_precommit
C009,19,CASE032257,code_review,blind_first,1,blind_first_precommit
C009,19,CASE032258,code_review,blind_first,1,blind_first_precommit
C009,19,CASE032259,code_review,blind_first,1,blind_first_precommit
C009,19,CASE032260,code_review,blind_first,1,blind_first_precommit
C009,19,CASE032261,code_review,blind_first,1,blind_first_precommit
C009,19,CASE032262,code_review,blind_first,0,blind_first_precommit
C009,19,CASE032263,code_review,blind_first,1,blind_first_precommit
C009,19,CASE032264,code_review,blind_first,1,blind_first_precommit
C009,19,CASE032265,code_review,blind_first,1,blind_first_precommit
C009,19,CASE032266,code_review,blind_first,0,blind_first_precommit
C009,19,CASE032267,code_review,blind_first,1,blind_first_precommit
C009,19,CASE032268,code_review,blind_first,1,blind_first_precommit
C009,19,CASE032269,code_review,blind_first,0,blind_first_precommit
C009,19,CASE032270,code_review,blind_first,1,blind_first_precommit
C009,19,CASE032271,code_review,blind_first,1,ai_not_shown
C009,19,CASE032272,code_review,blind_first,1,blind_first_precommit
C009,19,CASE032273,code_review,blind_first,0,blind_first_precommit
C009,19,CASE032274,code_review,blind_first,1,ai_not_shown
C009,19,CASE032275,code_review,blind_first,1,blind_first_precommit
C009,20,CASE032276,code_review,blind_first,1,blind_first_precommit
C009,20,CASE032277,code_review,blind_first,1,ai_not_shown
C009,20,CASE032278,code_review,blind_first,1,blind_first_precommit
C009,20,CASE032279,code_review,blind_first,1,blind_first_precommit
C009,20,CASE032280,code_review,blind_first,1,blind_first_precommit
C009,20,CASE032281,code_review,blind_first,1,blind_first_precommit
C009,20,CASE032282,code_review,blind_first,1,blind_first_precommit
C009,20,CASE032283,code_review,blind_first,0,blind_first_precommit
C009,20,CASE032284,code_review,blind_first,0,blind_first_precommit
C009,20,CASE032285,code_review,blind_first,1,blind_first_precommit
C009,20,CASE032286,code_review,blind_first,1,blind_first_precommit
C009,20,CASE032287,code_review,blind_first,1,blind_first_precommit
C009,20,CASE032288,code_review,blind_first,1,blind_first_precommit
C009,20,CASE032289,code_review,blind_first,1,blind_first_precommit
C009,20,CASE032290,code_review,blind_first,0,blind_first_precommit
C009,20,CASE032291,code_review,blind_first,1,blind_first_precommit
C009,20,CASE032292,code_review,blind_first,1,blind_first_precommit
C009,20,CASE032293,code_review,blind_first,1,blind_first_precommit
C009,20,CASE032294,code_review,blind_first,0,blind_first_precommit
C009,20,CASE032295,code_review,blind_first,1,blind_first_precommit
C009,20,CASE032296,code_review,blind_first,1,blind_first_precommit
C009,20,CASE032297,code_review,blind_first,0,blind_first_precommit
C009,20,CASE032298,code_review,blind_first,1,ai_not_shown
C009,20,CASE032299,code_review,blind_first,0,blind_first_precommit
C009,20,CASE032300,code_review,blind_first,1,blind_first_precommit
C009,21,CASE032301,code_review,blind_first,1,blind_first_precommit
C009,21,CASE032302,code_review,blind_first,1,ai_not_shown
C009,21,CASE032303,code_review,blind_first,1,blind_first_precommit
C009,21,CASE032304,code_review,blind_first,1,blind_first_precommit
C009,21,CASE032305,code_review,blind_first,1,blind_first_precommit
C009,21,CASE032306,code_review,blind_first,1,blind_first_precommit
C009,21,CASE032307,code_review,blind_first,1,blind_first_precommit
C009,21,CASE032308,code_review,blind_first,1,ai_not_shown
C009,21,CASE032309,code_review,blind_first,1,ai_not_shown
C009,21,CASE032310,code_review,blind_first,1,blind_first_precommit
C009,21,CASE032311,code_review,blind_first,1,blind_first_precommit
C009,21,CASE032312,code_review,blind_first,0,ai_not_shown
C009,21,CASE032313,code_review,blind_first,1,blind_first_precommit
C009,21,CASE032314,code_review,blind_first,1,blind_first_precommit
C009,21,CASE032315,code_review,blind_first,1,blind_first_precommit
C009,21,CASE032316,code_review,blind_first,1,blind_first_precommit
C009,21,CASE032317,code_review,blind_first,1,blind_first_precommit
C009,21,CASE032318,code_review,blind_first,1,blind_first_precommit
C009,21,CASE032319,code_review,blind_first,1,ai_not_shown
C009,21,CASE032320,code_review,blind_first,0,blind_first_precommit
C009,21,CASE032321,code_review,blind_first,0,blind_first_precommit
C009,21,CASE032322,code_review,blind_first,0,ai_not_shown
C009,21,CASE032323,code_review,blind_first,1,ai_not_shown
C009,21,CASE032324,code_review,blind_first,1,blind_first_precommit
C009,21,CASE032325,code_review,blind_first,1,blind_first_precommit
C009,22,CASE032326,code_review,blind_first,1,blind_first_precommit
C009,22,CASE032327,code_review,blind_first,1,blind_first_precommit
C009,22,CASE032328,code_review,blind_first,1,blind_first_precommit
C009,22,CASE032329,code_review,blind_first,1,blind_first_precommit
C009,22,CASE032330,code_review,blind_first,1,blind_first_precommit
C009,22,CASE032331,code_review,blind_first,1,blind_first_precommit
C009,22,CASE032332,code_review,blind_first,1,blind_first_precommit
C009,22,CASE032333,code_review,blind_first,1,blind_first_precommit
C009,22,CASE032334,code_review,blind_first,0,blind_first_precommit
C009,22,CASE032335,code_review,blind_first,1,blind_first_precommit
C009,22,CASE032336,code_review,blind_first,0,blind_first_precommit
C009,22,CASE032337,code_review,blind_first,1,blind_first_precommit
C009,22,CASE032338,code_review,blind_first,0,blind_first_precommit
C009,22,CASE032339,code_review,blind_first,1,blind_first_precommit
C009,22,CASE032340,code_review,blind_first,0,blind_first_precommit
C009,22,CASE032341,code_review,blind_first,1,blind_first_precommit
C009,22,CASE032342,code_review,blind_first,0,blind_first_precommit
C009,22,CASE032343,code_review,blind_first,1,blind_first_precommit
C009,22,CASE032344,code_review,blind_first,1,blind_first_precommit
C009,22,CASE032345,code_review,blind_first,1,blind_first_precommit
C009,22,CASE032346,code_review,blind_first,1,blind_first_precommit
C009,22,CASE032347,code_review,blind_first,0,blind_first_precommit
C009,22,CASE032348,code_review,blind_first,1,ai_not_shown
C009,22,CASE032349,code_review,blind_first,1,blind_first_precommit
C009,22,CASE032350,code_review,blind_first,1,blind_first_precommit
C009,23,CASE032351,code_review,blind_first,0,blind_first_precommit
C009,23,CASE032352,code_review,blind_first,1,blind_first_precommit
C009,23,CASE032353,code_review,blind_first,1,blind_first_precommit
C009,23,CASE032354,code_review,blind_first,1,blind_first_precommit
C009,23,CASE032355,code_review,blind_first,1,ai_not_shown
C009,23,CASE032356,code_review,blind_first,1,blind_first_precommit
C009,23,CASE032357,code_review,blind_first,1,blind_first_precommit
C009,23,CASE032358,code_review,blind_first,1,blind_first_precommit
C009,23,CASE032359,code_review,blind_first,1,blind_first_precommit
C009,23,CASE032360,code_review,blind_first,0,blind_first_precommit
C009,23,CASE032361,code_review,blind_first,1,ai_not_shown
C009,23,CASE032362,code_review,blind_first,0,blind_first_precommit
C009,23,CASE032363,code_review,blind_first,1,blind_first_precommit
C009,23,CASE032364,code_review,blind_first,0,blind_first_precommit
C009,23,CASE032365,code_review,blind_first,1,blind_first_precommit
C009,23,CASE032366,code_review,blind_first,1,blind_first_precommit
C009,23,CASE032367,code_review,blind_first,0,blind_first_precommit
C009,23,CASE032368,code_review,blind_first,1,blind_first_precommit
C009,23,CASE032369,code_review,blind_first,1,blind_first_precommit
C009,23,CASE032370,code_review,blind_first,0,blind_first_precommit
C009,23,CASE032371,code_review,blind_first,1,blind_first_precommit
C009,23,CASE032372,code_review,blind_first,1,blind_first_precommit
C009,23,CASE032373,code_review,blind_first,1,ai_not_shown
C009,23,CASE032374,code_review,blind_first,1,ai_not_shown
C009,23,CASE032375,code_review,blind_first,1,blind_first_precommit
C009,24,CASE032376,code_review,blind_first,1,blind_first_precommit
C009,24,CASE032377,code_review,blind_first,1,blind_first_precommit
C009,24,CASE032378,code_review,blind_first,1,blind_first_precommit
C009,24,CASE032379,code_review,blind_first,0,ai_not_shown
C009,24,CASE032380,code_review,blind_first,1,blind_first_precommit
C009,24,CASE032381,code_review,blind_first,1,blind_first_precommit
C009,24,CASE032382,code_review,blind_first,1,blind_first_precommit
C009,24,CASE032383,code_review,blind_first,1,blind_first_precommit
C009,24,CASE032384,code_review,blind_first,1,ai_not_shown
C009,24,CASE032385,code_review,blind_first,1,blind_first_precommit
C009,24,CASE032386,code_review,blind_first,1,blind_first_precommit
C009,24,CASE032387,code_review,blind_first,1,blind_first_precommit
C009,24,CASE032388,code_review,blind_first,1,blind_first_precommit
C009,24,CASE032389,code_review,blind_first,1,blind_first_precommit
C009,24,CASE032390,code_review,blind_first,1,blind_first_precommit
C009,24,CASE032391,code_review,blind_first,1,blind_first_precommit
C009,24,CASE032392,code_review,blind_first,0,blind_first_precommit
C009,24,CASE032393,code_review,blind_first,1,blind_first_precommit
C009,24,CASE032394,code_review,blind_first,0,blind_first_precommit
C009,24,CASE032395,code_review,blind_first,1,blind_first_precommit
C009,24,CASE032396,code_review,blind_first,1,blind_first_precommit
C009,24,CASE032397,code_review,blind_first,1,blind_first_precommit
C009,24,CASE032398,code_review,blind_first,1,blind_first_precommit
C009,24,CASE032399,code_review,blind_first,0,blind_first_precommit
C009,24,CASE032400,code_review,blind_first,1,blind_first_precommit
C010,1,CASE032412,code_review,withheld_ai,1,ai_not_shown
C010,1,CASE032413,code_review,withheld_ai,1,ai_not_shown
C010,1,CASE032419,code_review,withheld_ai,1,ai_not_shown
C010,1,CASE032423,code_review,withheld_ai,1,ai_not_shown
C010,2,CASE032430,code_review,withheld_ai,1,ai_not_shown
C010,2,CASE032435,code_review,withheld_ai,1,ai_not_shown
C010,2,CASE032438,code_review,withheld_ai,0,ai_not_shown
C010,2,CASE032450,code_review,withheld_ai,1,ai_not_shown
C010,3,CASE032452,code_review,withheld_ai,0,ai_not_shown
C010,3,CASE032459,code_review,withheld_ai,0,ai_not_shown
C010,3,CASE032464,code_review,withheld_ai,1,ai_not_shown
C010,3,CASE032472,code_review,withheld_ai,1,ai_not_shown
C010,4,CASE032482,code_review,withheld_ai,1,ai_not_shown
C010,4,CASE032483,code_review,withheld_ai,1,ai_not_shown
C010,4,CASE032492,code_review,withheld_ai,1,ai_not_shown
C010,4,CASE032495,code_review,withheld_ai,1,ai_not_shown
C010,4,CASE032497,code_review,withheld_ai,0,ai_not_shown
C010,4,CASE032498,code_review,withheld_ai,1,ai_not_shown
C010,4,CASE032500,code_review,withheld_ai,1,ai_not_shown
C010,5,CASE032512,code_review,withheld_ai,1,ai_not_shown
C010,6,CASE032529,code_review,withheld_ai,1,ai_not_shown
C010,6,CASE032531,code_review,withheld_ai,0,ai_not_shown
C010,6,CASE032532,code_review,withheld_ai,1,ai_not_shown
C010,6,CASE032550,code_review,withheld_ai,0,ai_not_shown
C010,7,CASE032555,code_review,withheld_ai,0,ai_not_shown
C010,7,CASE032561,code_review,withheld_ai,1,ai_not_shown
C010,7,CASE032568,code_review,withheld_ai,1,ai_not_shown
C010,7,CASE032570,code_review,withheld_ai,1,ai_not_shown
C010,7,CASE032572,code_review,withheld_ai,1,ai_not_shown
C010,8,CASE032577,code_review,withheld_ai,1,ai_not_shown
C010,8,CASE032578,code_review,withheld_ai,1,ai_not_shown
C010,8,CASE032585,code_review,withheld_ai,0,ai_not_shown
C010,8,CASE032589,code_review,withheld_ai,0,ai_not_shown
C010,9,CASE032603,code_review,withheld_ai,1,ai_not_shown
C010,9,CASE032606,code_review,withheld_ai,1,ai_not_shown
C010,9,CASE032617,code_review,withheld_ai,1,ai_not_shown
C010,9,CASE032618,code_review,withheld_ai,1,ai_not_shown
C010,9,CASE032620,code_review,withheld_ai,1,ai_not_shown
C010,9,CASE032625,code_review,withheld_ai,1,ai_not_shown
C010,10,CASE032627,code_review,withheld_ai,1,ai_not_shown
C010,10,CASE032628,code_review,withheld_ai,1,ai_not_shown
C010,10,CASE032633,code_review,withheld_ai,0,ai_not_shown
C010,10,CASE032635,code_review,withheld_ai,1,ai_not_shown
C010,10,CASE032637,code_review,withheld_ai,1,ai_not_shown
C010,10,CASE032644,code_review,withheld_ai,1,ai_not_shown
C010,11,CASE032654,code_review,withheld_ai,0,ai_not_shown
C010,11,CASE032658,code_review,withheld_ai,1,ai_not_shown
C010,11,CASE032659,code_review,withheld_ai,0,ai_not_shown
C010,11,CASE032660,code_review,withheld_ai,1,ai_not_shown
C010,11,CASE032661,code_review,withheld_ai,1,ai_not_shown
C010,11,CASE032664,code_review,withheld_ai,1,ai_not_shown
C010,11,CASE032667,code_review,withheld_ai,1,ai_not_shown
C010,11,CASE032668,code_review,withheld_ai,1,ai_not_shown
C010,11,CASE032675,code_review,withheld_ai,0,ai_not_shown
C010,12,CASE032686,code_review,withheld_ai,0,ai_not_shown
C010,12,CASE032693,code_review,withheld_ai,1,ai_not_shown
C010,12,CASE032700,code_review,withheld_ai,1,ai_not_shown
C010,13,CASE032703,code_review,withheld_ai,1,ai_not_shown
C010,13,CASE032704,code_review,withheld_ai,1,ai_not_shown
C010,13,CASE032706,code_review,withheld_ai,1,ai_not_shown
C010,13,CASE032715,code_review,withheld_ai,1,ai_not_shown
C010,13,CASE032718,code_review,withheld_ai,1,ai_not_shown
C010,13,CASE032723,code_review,withheld_ai,1,ai_not_shown
C010,14,CASE032726,code_review,withheld_ai,1,ai_not_shown
C010,14,CASE032731,code_review,withheld_ai,1,ai_not_shown
C010,14,CASE032747,code_review,withheld_ai,1,ai_not_shown
C010,15,CASE032754,code_review,withheld_ai,1,ai_not_shown
C010,15,CASE032757,code_review,withheld_ai,1,ai_not_shown
C010,15,CASE032770,code_review,withheld_ai,1,ai_not_shown
C010,16,CASE032780,code_review,withheld_ai,0,ai_not_shown
C010,16,CASE032791,code_review,withheld_ai,1,ai_not_shown
C010,16,CASE032796,code_review,withheld_ai,1,ai_not_shown
C010,17,CASE032816,code_review,withheld_ai,1,ai_not_shown
C010,17,CASE032819,code_review,withheld_ai,1,ai_not_shown
C010,17,CASE032825,code_review,withheld_ai,1,ai_not_shown
C010,18,CASE032836,code_review,withheld_ai,0,ai_not_shown
C010,18,CASE032840,code_review,withheld_ai,1,ai_not_shown
C010,18,CASE032841,code_review,withheld_ai,0,ai_not_shown
C010,18,CASE032845,code_review,withheld_ai,1,ai_not_shown
C010,18,CASE032846,code_review,withheld_ai,0,ai_not_shown
C010,19,CASE032859,code_review,withheld_ai,1,ai_not_shown
C010,19,CASE032873,code_review,withheld_ai,0,ai_not_shown
C010,20,CASE032883,code_review,withheld_ai,1,ai_not_shown
C010,20,CASE032889,code_review,withheld_ai,0,ai_not_shown
C010,20,CASE032891,code_review,withheld_ai,1,ai_not_shown
C010,20,CASE032899,code_review,withheld_ai,0,ai_not_shown
C010,21,CASE032901,code_review,withheld_ai,0,ai_not_shown
C010,21,CASE032914,code_review,withheld_ai,1,ai_not_shown
C010,21,CASE032918,code_review,withheld_ai,1,ai_not_shown
C010,21,CASE032919,code_review,withheld_ai,0,ai_not_shown
C010,21,CASE032922,code_review,withheld_ai,0,ai_not_shown
C010,22,CASE032930,code_review,withheld_ai,0,ai_not_shown
C010,22,CASE032935,code_review,withheld_ai,0,ai_not_shown
C010,22,CASE032938,code_review,withheld_ai,1,ai_not_shown
C010,22,CASE032941,code_review,withheld_ai,0,ai_not_shown
C010,22,CASE032943,code_review,withheld_ai,1,ai_not_shown
C010,22,CASE032945,code_review,withheld_ai,0,ai_not_shown
C010,22,CASE032948,code_review,withheld_ai,0,ai_not_shown
C010,22,CASE032950,code_review,withheld_ai,1,ai_not_shown
C010,23,CASE032953,code_review,withheld_ai,0,ai_not_shown
C010,23,CASE032955,code_review,withheld_ai,1,ai_not_shown
C010,23,CASE032958,code_review,withheld_ai,1,ai_not_shown
C010,23,CASE032967,code_review,withheld_ai,1,ai_not_shown
C010,23,CASE032968,code_review,withheld_ai,1,ai_not_shown
C010,24,CASE032976,code_review,withheld_ai,1,ai_not_shown
C011,1,CASE033003,code_review,disagreement_prompt,1,ai_not_shown
C011,2,CASE033040,code_review,disagreement_prompt,1,ai_not_shown
C011,3,CASE033053,code_review,disagreement_prompt,1,ai_not_shown
C011,4,CASE033090,code_review,disagreement_prompt,1,ai_not_shown
C011,4,CASE033097,code_review,disagreement_prompt,1,ai_not_shown
C011,5,CASE033124,code_review,disagreement_prompt,1,ai_not_shown
C011,6,CASE033141,code_review,disagreement_prompt,1,ai_not_shown
C011,6,CASE033150,code_review,disagreement_prompt,1,ai_not_shown
C011,7,CASE033154,code_review,disagreement_prompt,1,ai_not_shown
C011,8,CASE033187,code_review,disagreement_prompt,1,ai_not_shown
C011,8,CASE033191,code_review,disagreement_prompt,1,ai_not_shown
C011,9,CASE033219,code_review,disagreement_prompt,0,ai_not_shown
C011,10,CASE033238,code_review,disagreement_prompt,0,ai_not_shown
C011,10,CASE033240,code_review,disagreement_prompt,0,ai_not_shown
C011,10,CASE033249,code_review,disagreement_prompt,1,ai_not_shown
C011,11,CASE033251,code_review,disagreement_prompt,0,ai_not_shown
C011,11,CASE033263,code_review,disagreement_prompt,0,ai_not_shown
C011,11,CASE033265,code_review,disagreement_prompt,1,ai_not_shown
C011,11,CASE033268,code_review,disagreement_prompt,1,ai_not_shown
C011,11,CASE033273,code_review,disagreement_prompt,0,ai_not_shown
C011,12,CASE033276,code_review,disagreement_prompt,1,ai_not_shown
C011,12,CASE033282,code_review,disagreement_prompt,1,ai_not_shown
C011,13,CASE033311,code_review,disagreement_prompt,1,ai_not_shown
C011,14,CASE033330,code_review,disagreement_prompt,1,ai_not_shown
C011,15,CASE033353,code_review,disagreement_prompt,0,ai_not_shown
C011,15,CASE033356,code_review,disagreement_prompt,1,ai_not_shown
C011,17,CASE033413,code_review,disagreement_prompt,1,ai_not_shown
C011,17,CASE033416,code_review,disagreement_prompt,1,ai_not_shown
C011,19,CASE033463,code_review,disagreement_prompt,0,ai_not_shown
C011,19,CASE033464,code_review,disagreement_prompt,1,ai_not_shown
C011,19,CASE033472,code_review,disagreement_prompt,1,ai_not_shown
C011,19,CASE033473,code_review,disagreement_prompt,1,ai_not_shown
C011,20,CASE033478,code_review,disagreement_prompt,1,ai_not_shown
C011,20,CASE033485,code_review,disagreement_prompt,1,ai_not_shown
C011,22,CASE033542,code_review,disagreement_prompt,0,ai_not_shown
C011,22,CASE033546,code_review,disagreement_prompt,1,ai_not_shown
C011,23,CASE033552,code_review,disagreement_prompt,1,ai_not_shown
C011,24,CASE033592,code_review,disagreement_prompt,1,ai_not_shown
C012,1,CASE033603,code_review,control_always_ai,1,ai_not_shown
C012,1,CASE033621,code_review,control_always_ai,1,ai_not_shown
C012,2,CASE033649,code_review,control_always_ai,1,ai_not_shown
C012,3,CASE033657,code_review,control_always_ai,1,ai_not_shown
C012,4,CASE033678,code_review,control_always_ai,1,ai_not_shown
C012,6,CASE033729,code_review,control_always_ai,1,ai_not_shown
C012,6,CASE033733,code_review,control_always_ai,1,ai_not_shown
C012,6,CASE033750,code_review,control_always_ai,1,ai_not_shown
C012,7,CASE033765,code_review,control_always_ai,1,ai_not_shown
C012,8,CASE033794,code_review,control_always_ai,1,ai_not_shown
C012,9,CASE033811,code_review,control_always_ai,0,ai_not_shown
C012,12,CASE033887,code_review,control_always_ai,1,ai_not_shown
C012,13,CASE033906,code_review,control_always_ai,1,ai_not_shown
C012,13,CASE033916,code_review,control_always_ai,1,ai_not_shown
C012,14,CASE033946,code_review,control_always_ai,1,ai_not_shown
C012,15,CASE033961,code_review,control_always_ai,1,ai_not_shown
C012,15,CASE033974,code_review,control_always_ai,1,ai_not_shown
C012,17,CASE034009,code_review,control_always_ai,1,ai_not_shown
C012,17,CASE034013,code_review,control_always_ai,1,ai_not_shown
C012,17,CASE034016,code_review,control_always_ai,1,ai_not_shown
C012,19,CASE034055,code_review,control_always_ai,1,ai_not_shown
C012,19,CASE034057,code_review,control_always_ai,1,ai_not_shown
C012,19,CASE034062,code_review,control_always_ai,0,ai_not_shown
C012,19,CASE034064,code_review,control_always_ai,1,ai_not_shown
C012,19,CASE034070,code_review,control_always_ai,0,ai_not_shown
C012,20,CASE034080,code_review,control_always_ai,1,ai_not_shown
C012,20,CASE034085,code_review,control_always_ai,1,ai_not_shown
C012,20,CASE034088,code_review,control_always_ai,1,ai_not_shown
C012,20,CASE034092,code_review,control_always_ai,1,ai_not_shown
C012,20,CASE034096,code_review,control_always_ai,1,ai_not_shown
C012,21,CASE034108,code_review,control_always_ai,1,ai_not_shown
C012,22,CASE034136,code_review,control_always_ai,1,ai_not_shown
C012,24,CASE034199,code_review,control_always_ai,1,ai_not_shown
C013,1,CASE034201,code_review,blind_first,1,ai_not_shown
C013,1,CASE034202,code_review,blind_first,0,blind_first_precommit
C013,1,CASE034203,code_review,blind_first,0,blind_first_precommit
C013,1,CASE034204,code_review,blind_first,0,blind_first_precommit
C013,1,CASE034205,code_review,blind_first,1,blind_first_precommit
C013,1,CASE034206,code_review,blind_first,1,blind_first_precommit
C013,1,CASE034207,code_review,blind_first,1,blind_first_precommit
C013,1,CASE034208,code_review,blind_first,0,blind_first_precommit
C013,1,CASE034209,code_review,blind_first,0,blind_first_precommit
C013,1,CASE034210,code_review,blind_first,0,blind_first_precommit
C013,1,CASE034211,code_review,blind_first,1,ai_not_shown
C013,1,CASE034212,code_review,blind_first,0,blind_first_precommit
C013,1,CASE034213,code_review,blind_first,0,blind_first_precommit
C013,1,CASE034214,code_review,blind_first,1,blind_first_precommit
C013,1,CASE034215,code_review,blind_first,1,blind_first_precommit
C013,1,CASE034216,code_review,blind_first,1,blind_first_precommit
C013,1,CASE034217,code_review,blind_first,1,blind_first_precommit
C013,1,CASE034218,code_review,blind_first,0,blind_first_precommit
C013,1,CASE034219,code_review,blind_first,1,blind_first_precommit
C013,1,CASE034220,code_review,blind_first,1,blind_first_precommit
C013,1,CASE034221,code_review,blind_first,0,blind_first_precommit
C013,1,CASE034222,code_review,blind_first,0,blind_first_precommit
C013,1,CASE034223,code_review,blind_first,0,blind_first_precommit
C013,1,CASE034224,code_review,blind_first,1,blind_first_precommit
C013,1,CASE034225,code_review,blind_first,1,blind_first_precommit
C013,2,CASE034226,code_review,blind_first,0,blind_first_precommit
C013,2,CASE034227,code_review,blind_first,1,blind_first_precommit
C013,2,CASE034228,code_review,blind_first,1,blind_first_precommit
C013,2,CASE034229,code_review,blind_first,0,blind_first_precommit
C013,2,CASE034230,code_review,blind_first,1,blind_first_precommit
C013,2,CASE034231,code_review,blind_first,0,blind_first_precommit
C013,2,CASE034232,code_review,blind_first,1,blind_first_precommit
C013,2,CASE034233,code_review,blind_first,1,blind_first_precommit
C013,2,CASE034234,code_review,blind_first,0,blind_first_precommit
C013,2,CASE034235,code_review,blind_first,0,blind_first_precommit
C013,2,CASE034236,code_review,blind_first,1,ai_not_shown
C013,2,CASE034237,code_review,blind_first,0,blind_first_precommit
C013,2,CASE034238,code_review,blind_first,1,blind_first_precommit
C013,2,CASE034239,code_review,blind_first,1,blind_first_precommit
C013,2,CASE034240,code_review,blind_first,1,blind_first_precommit
C013,2,CASE034241,code_review,blind_first,1,blind_first_precommit
C013,2,CASE034242,code_review,blind_first,0,blind_first_precommit
C013,2,CASE034243,code_review,blind_first,1,blind_first_precommit
C013,2,CASE034244,code_review,blind_first,0,blind_first_precommit
C013,2,CASE034245,code_review,blind_first,0,blind_first_precommit
C013,2,CASE034246,code_review,blind_first,0,blind_first_precommit
C013,2,CASE034247,code_review,blind_first,1,blind_first_precommit
C013,2,CASE034248,code_review,blind_first,1,blind_first_precommit
C013,2,CASE034249,code_review,blind_first,1,blind_first_precommit
C013,2,CASE034250,code_review,blind_first,0,blind_first_precommit
C013,3,CASE034251,code_review,blind_first,0,ai_not_shown
C013,3,CASE034252,code_review,blind_first,0,blind_first_precommit
C013,3,CASE034253,code_review,blind_first,1,blind_first_precommit
C013,3,CASE034254,code_review,blind_first,0,blind_first_precommit
C013,3,CASE034255,code_review,blind_first,1,blind_first_precommit
C013,3,CASE034256,code_review,blind_first,1,blind_first_precommit
C013,3,CASE034257,code_review,blind_first,1,blind_first_precommit
C013,3,CASE034258,code_review,blind_first,0,blind_first_precommit
C013,3,CASE034259,code_review,blind_first,1,blind_first_precommit
C013,3,CASE034260,code_review,blind_first,1,blind_first_precommit
C013,3,CASE034261,code_review,blind_first,1,blind_first_precommit
C013,3,CASE034262,code_review,blind_first,0,blind_first_precommit
C013,3,CASE034263,code_review,blind_first,0,blind_first_precommit
C013,3,CASE034264,code_review,blind_first,1,blind_first_precommit
C013,3,CASE034265,code_review,blind_first,1,ai_not_shown
C013,3,CASE034266,code_review,blind_first,0,ai_not_shown
C013,3,CASE034267,code_review,blind_first,1,blind_first_precommit
C013,3,CASE034268,code_review,blind_first,0,blind_first_precommit
C013,3,CASE034269,code_review,blind_first,1,blind_first_precommit
C013,3,CASE034270,code_review,blind_first,1,blind_first_precommit
C013,3,CASE034271,code_review,blind_first,1,blind_first_precommit
C013,3,CASE034272,code_review,blind_first,1,blind_first_precommit
C013,3,CASE034273,code_review,blind_first,0,blind_first_precommit
C013,3,CASE034274,code_review,blind_first,1,blind_first_precommit
C013,3,CASE034275,code_review,blind_first,0,blind_first_precommit
C013,4,CASE034276,code_review,blind_first,1,blind_first_precommit
C013,4,CASE034277,code_review,blind_first,0,blind_first_precommit
C013,4,CASE034278,code_review,blind_first,0,blind_first_precommit
C013,4,CASE034279,code_review,blind_first,0,blind_first_precommit
C013,4,CASE034280,code_review,blind_first,1,blind_first_precommit
C013,4,CASE034281,code_review,blind_first,1,blind_first_precommit
C013,4,CASE034282,code_review,blind_first,0,ai_not_shown
C013,4,CASE034283,code_review,blind_first,0,blind_first_precommit
C013,4,CASE034284,code_review,blind_first,0,blind_first_precommit
C013,4,CASE034285,code_review,blind_first,1,blind_first_precommit
C013,4,CASE034286,code_review,blind_first,0,blind_first_precommit
C013,4,CASE034287,code_review,blind_first,0,blind_first_precommit
C013,4,CASE034288,code_review,blind_first,1,blind_first_precommit
C013,4,CASE034289,code_review,blind_first,0,blind_first_precommit
C013,4,CASE034290,code_review,blind_first,1,blind_first_precommit
C013,4,CASE034291,code_review,blind_first,1,blind_first_precommit
C013,4,CASE034292,code_review,blind_first,1,blind_first_precommit
C013,4,CASE034293,code_review,blind_first,0,blind_first_precommit
C013,4,CASE034294,code_review,blind_first,1,blind_first_precommit
C013,4,CASE034295,code_review,blind_first,0,blind_first_precommit
C013,4,CASE034296,code_review,blind_first,1,blind_first_precommit
C013,4,CASE034297,code_review,blind_first,0,blind_first_precommit
C013,4,CASE034298,code_review,blind_first,0,blind_first_precommit
C013,4,CASE034299,code_review,blind_first,0,blind_first_precommit
C013,4,CASE034300,code_review,blind_first,1,blind_first_precommit
C013,5,CASE034301,code_review,blind_first,0,blind_first_precommit
C013,5,CASE034302,code_review,blind_first,1,blind_first_precommit
C013,5,CASE034303,code_review,blind_first,1,blind_first_precommit
C013,5,CASE034304,code_review,blind_first,1,blind_first_precommit
C013,5,CASE034305,code_review,blind_first,1,blind_first_precommit
C013,5,CASE034306,code_review,blind_first,1,blind_first_precommit
C013,5,CASE034307,code_review,blind_first,1,blind_first_precommit
C013,5,CASE034308,code_review,blind_first,0,blind_first_precommit
C013,5,CASE034309,code_review,blind_first,1,blind_first_precommit
C013,5,CASE034310,code_review,blind_first,0,blind_first_precommit
C013,5,CASE034311,code_review,blind_first,0,blind_first_precommit
C013,5,CASE034312,code_review,blind_first,0,blind_first_precommit
C013,5,CASE034313,code_review,blind_first,1,blind_first_precommit
C013,5,CASE034314,code_review,blind_first,1,blind_first_precommit
C013,5,CASE034315,code_review,blind_first,1,blind_first_precommit
C013,5,CASE034316,code_review,blind_first,1,blind_first_precommit
C013,5,CASE034317,code_review,blind_first,1,blind_first_precommit
C013,5,CASE034318,code_review,blind_first,1,ai_not_shown
C013,5,CASE034319,code_review,blind_first,1,blind_first_precommit
C013,5,CASE034320,code_review,blind_first,1,blind_first_precommit
C013,5,CASE034321,code_review,blind_first,1,blind_first_precommit
C013,5,CASE034322,code_review,blind_first,1,blind_first_precommit
C013,5,CASE034323,code_review,blind_first,1,blind_first_precommit
C013,5,CASE034324,code_review,blind_first,1,blind_first_precommit
C013,5,CASE034325,code_review,blind_first,1,blind_first_precommit
C013,6,CASE034326,code_review,blind_first,0,blind_first_precommit
C013,6,CASE034327,code_review,blind_first,1,blind_first_precommit
C013,6,CASE034328,code_review,blind_first,0,blind_first_precommit
C013,6,CASE034329,code_review,blind_first,0,blind_first_precommit
C013,6,CASE034330,code_review,blind_first,0,blind_first_precommit
C013,6,CASE034331,code_review,blind_first,1,blind_first_precommit
C013,6,CASE034332,code_review,blind_first,0,blind_first_precommit
C013,6,CASE034333,code_review,blind_first,0,blind_first_precommit
C013,6,CASE034334,code_review,blind_first,0,blind_first_precommit
C013,6,CASE034335,code_review,blind_first,1,blind_first_precommit
C013,6,CASE034336,code_review,blind_first,0,blind_first_precommit
C013,6,CASE034337,code_review,blind_first,0,blind_first_precommit
C013,6,CASE034338,code_review,blind_first,0,blind_first_precommit
C013,6,CASE034339,code_review,blind_first,1,blind_first_precommit
C013,6,CASE034340,code_review,blind_first,1,blind_first_precommit
C013,6,CASE034341,code_review,blind_first,1,blind_first_precommit
C013,6,CASE034342,code_review,blind_first,0,blind_first_precommit
C013,6,CASE034343,code_review,blind_first,1,blind_first_precommit
C013,6,CASE034344,code_review,blind_first,1,blind_first_precommit
C013,6,CASE034345,code_review,blind_first,0,blind_first_precommit
C013,6,CASE034346,code_review,blind_first,0,blind_first_precommit
C013,6,CASE034347,code_review,blind_first,1,ai_not_shown
C013,6,CASE034348,code_review,blind_first,1,blind_first_precommit
C013,6,CASE034349,code_review,blind_first,0,blind_first_precommit
C013,6,CASE034350,code_review,blind_first,0,blind_first_precommit
C013,7,CASE034351,code_review,blind_first,0,blind_first_precommit
C013,7,CASE034352,code_review,blind_first,0,blind_first_precommit
C013,7,CASE034353,code_review,blind_first,1,blind_first_precommit
C013,7,CASE034354,code_review,blind_first,0,ai_not_shown
C013,7,CASE034355,code_review,blind_first,1,blind_first_precommit
C013,7,CASE034356,code_review,blind_first,1,blind_first_precommit
C013,7,CASE034357,code_review,blind_first,0,blind_first_precommit
C013,7,CASE034358,code_review,blind_first,1,ai_not_shown
C013,7,CASE034359,code_review,blind_first,0,blind_first_precommit
C013,7,CASE034360,code_review,blind_first,1,blind_first_precommit
C013,7,CASE034361,code_review,blind_first,0,blind_first_precommit
C013,7,CASE034362,code_review,blind_first,1,blind_first_precommit
C013,7,CASE034363,code_review,blind_first,0,blind_first_precommit
C013,7,CASE034364,code_review,blind_first,1,blind_first_precommit
C013,7,CASE034365,code_review,blind_first,0,blind_first_precommit
C013,7,CASE034366,code_review,blind_first,0,blind_first_precommit
C013,7,CASE034367,code_review,blind_first,0,blind_first_precommit
C013,7,CASE034368,code_review,blind_first,0,blind_first_precommit
C013,7,CASE034369,code_review,blind_first,1,blind_first_precommit
C013,7,CASE034370,code_review,blind_first,0,blind_first_precommit
C013,7,CASE034371,code_review,blind_first,0,blind_first_precommit
C013,7,CASE034372,code_review,blind_first,1,blind_first_precommit
C013,7,CASE034373,code_review,blind_first,0,blind_first_precommit
C013,7,CASE034374,code_review,blind_first,0,blind_first_precommit
C013,7,CASE034375,code_review,blind_first,1,blind_first_precommit
C013,8,CASE034376,code_review,blind_first,1,blind_first_precommit
C013,8,CASE034377,code_review,blind_first,1,blind_first_precommit
C013,8,CASE034378,code_review,blind_first,0,blind_first_precommit
C013,8,CASE034379,code_review,blind_first,0,blind_first_precommit
C013,8,CASE034380,code_review,blind_first,0,blind_first_precommit
C013,8,CASE034381,code_review,blind_first,1,blind_first_precommit
C013,8,CASE034382,code_review,blind_first,0,blind_first_precommit
C013,8,CASE034383,code_review,blind_first,1,blind_first_precommit
C013,8,CASE034384,code_review,blind_first,1,blind_first_precommit
C013,8,CASE034385,code_review,blind_first,0,blind_first_precommit
C013,8,CASE034386,code_review,blind_first,0,blind_first_precommit
C013,8,CASE034387,code_review,blind_first,1,blind_first_precommit
C013,8,CASE034388,code_review,blind_first,0,blind_first_precommit
C013,8,CASE034389,code_review,blind_first,1,blind_first_precommit
C013,8,CASE034390,code_review,blind_first,1,blind_first_precommit
C013,8,CASE034391,code_review,blind_first,1,blind_first_precommit
C013,8,CASE034392,code_review,blind_first,1,blind_first_precommit
C013,8,CASE034393,code_review,blind_first,1,blind_first_precommit
C013,8,CASE034394,code_review,blind_first,0,blind_first_precommit
C013,8,CASE034395,code_review,blind_first,0,blind_first_precommit
C013,8,CASE034396,code_review,blind_first,0,blind_first_precommit
C013,8,CASE034397,code_review,blind_first,0,blind_first_precommit
C013,8,CASE034398,code_review,blind_first,0,blind_first_precommit
C013,8,CASE034399,code_review,blind_first,1,blind_first_precommit
C013,8,CASE034400,code_review,blind_first,1,blind_first_precommit
C013,9,CASE034401,code_review,blind_first,1,blind_first_precommit
C013,9,CASE034402,code_review,blind_first,1,blind_first_precommit
C013,9,CASE034403,code_review,blind_first,1,blind_first_precommit
C013,9,CASE034404,code_review,blind_first,1,blind_first_precommit
C013,9,CASE034405,code_review,blind_first,0,blind_first_precommit
C013,9,CASE034406,code_review,blind_first,0,blind_first_precommit
C013,9,CASE034407,code_review,blind_first,1,blind_first_precommit
C013,9,CASE034408,code_review,blind_first,0,blind_first_precommit
C013,9,CASE034409,code_review,blind_first,1,blind_first_precommit
C013,9,CASE034410,code_review,blind_first,0,blind_first_precommit
C013,9,CASE034411,code_review,blind_first,0,blind_first_precommit
C013,9,CASE034412,code_review,blind_first,0,blind_first_precommit
C013,9,CASE034413,code_review,blind_first,0,blind_first_precommit
C013,9,CASE034414,code_review,blind_first,1,blind_first_precommit
C013,9,CASE034415,code_review,blind_first,0,blind_first_precommit
C013,9,CASE034416,code_review,blind_first,1,blind_first_precommit
C013,9,CASE034417,code_review,blind_first,0,blind_first_precommit
C013,9,CASE034418,code_review,blind_first,0,blind_first_precommit
C013,9,CASE034419,code_review,blind_first,1,blind_first_precommit
C013,9,CASE034420,code_review,blind_first,1,blind_first_precommit
C013,9,CASE034421,code_review,blind_first,1,blind_first_precommit
C013,9,CASE034422,code_review,blind_first,1,blind_first_precommit
C013,9,CASE034423,code_review,blind_first,1,blind_first_precommit
C013,9,CASE034424,code_review,blind_first,1,blind_first_precommit
C013,9,CASE034425,code_review,blind_first,1,blind_first_precommit
C013,10,CASE034426,code_review,blind_first,1,blind_first_precommit
C013,10,CASE034427,code_review,blind_first,1,blind_first_precommit
C013,10,CASE034428,code_review,blind_first,1,blind_first_precommit
C013,10,CASE034429,code_review,blind_first,1,blind_first_precommit
C013,10,CASE034430,code_review,blind_first,0,blind_first_precommit
C013,10,CASE034431,code_review,blind_first,1,blind_first_precommit
C013,10,CASE034432,code_review,blind_first,1,blind_first_precommit
C013,10,CASE034433,code_review,blind_first,1,blind_first_precommit
C013,10,CASE034434,code_review,blind_first,1,blind_first_precommit
C013,10,CASE034435,code_review,blind_first,0,blind_first_precommit
C013,10,CASE034436,code_review,blind_first,1,blind_first_precommit
C013,10,CASE034437,code_review,blind_first,1,blind_first_precommit
C013,10,CASE034438,code_review,blind_first,1,blind_first_precommit
C013,10,CASE034439,code_review,blind_first,1,blind_first_precommit
C013,10,CASE034440,code_review,blind_first,1,blind_first_precommit
C013,10,CASE034441,code_review,blind_first,0,blind_first_precommit
C013,10,CASE034442,code_review,blind_first,1,blind_first_precommit
C013,10,CASE034443,code_review,blind_first,0,blind_first_precommit
C013,10,CASE034444,code_review,blind_first,1,blind_first_precommit
C013,10,CASE034445,code_review,blind_first,1,blind_first_precommit
C013,10,CASE034446,code_review,blind_first,0,blind_first_precommit
C013,10,CASE034447,code_review,blind_first,0,blind_first_precommit
C013,10,CASE034448,code_review,blind_first,1,blind_first_precommit
C013,10,CASE034449,code_review,blind_first,0,blind_first_precommit
C013,10,CASE034450,code_review,blind_first,1,blind_first_precommit
C013,11,CASE034451,code_review,blind_first,1,blind_first_precommit
C013,11,CASE034452,code_review,blind_first,1,blind_first_precommit
C013,11,CASE034453,code_review,blind_first,1,blind_first_precommit
C013,11,CASE034454,code_review,blind_first,0,blind_first_precommit
C013,11,CASE034455,code_review,blind_first,0,blind_first_precommit
C013,11,CASE034456,code_review,blind_first,0,blind_first_precommit
C013,11,CASE034457,code_review,blind_first,0,blind_first_precommit
C013,11,CASE034458,code_review,blind_first,0,blind_first_precommit
C013,11,CASE034459,code_review,blind_first,0,blind_first_precommit
C013,11,CASE034460,code_review,blind_first,0,blind_first_precommit
C013,11,CASE034461,code_review,blind_first,0,blind_first_precommit
C013,11,CASE034462,code_review,blind_first,1,blind_first_precommit
C013,11,CASE034463,code_review,blind_first,1,blind_first_precommit
C013,11,CASE034464,code_review,blind_first,0,blind_first_precommit
C013,11,CASE034465,code_review,blind_first,0,blind_first_precommit
C013,11,CASE034466,code_review,blind_first,1,blind_first_precommit
C013,11,CASE034467,code_review,blind_first,1,blind_first_precommit
C013,11,CASE034468,code_review,blind_first,1,blind_first_precommit
C013,11,CASE034469,code_review,blind_first,0,blind_first_precommit
C013,11,CASE034470,code_review,blind_first,0,blind_first_precommit
C013,11,CASE034471,code_review,blind_first,1,blind_first_precommit
C013,11,CASE034472,code_review,blind_first,1,blind_first_precommit
C013,11,CASE034473,code_review,blind_first,0,ai_not_shown
C013,11,CASE034474,code_review,blind_first,0,blind_first_precommit
C013,11,CASE034475,code_review,blind_first,0,blind_first_precommit
C013,12,CASE034476,code_review,blind_first,0,blind_first_precommit
C013,12,CASE034477,code_review,blind_first,0,blind_first_precommit
C013,12,CASE034478,code_review,blind_first,0,blind_first_precommit
C013,12,CASE034479,code_review,blind_first,0,blind_first_precommit
C013,12,CASE034480,code_review,blind_first,0,blind_first_precommit
C013,12,CASE034481,code_review,blind_first,1,blind_first_precommit
C013,12,CASE034482,code_review,blind_first,0,blind_first_precommit
C013,12,CASE034483,code_review,blind_first,0,blind_first_precommit
C013,12,CASE034484,code_review,blind_first,1,ai_not_shown
C013,12,CASE034485,code_review,blind_first,0,blind_first_precommit
C013,12,CASE034486,code_review,blind_first,1,blind_first_precommit
C013,12,CASE034487,code_review,blind_first,1,blind_first_precommit
C013,12,CASE034488,code_review,blind_first,0,blind_first_precommit
C013,12,CASE034489,code_review,blind_first,0,blind_first_precommit
C013,12,CASE034490,code_review,blind_first,1,blind_first_precommit
C013,12,CASE034491,code_review,blind_first,1,blind_first_precommit
C013,12,CASE034492,code_review,blind_first,0,blind_first_precommit
C013,12,CASE034493,code_review,blind_first,1,blind_first_precommit
C013,12,CASE034494,code_review,blind_first,1,blind_first_precommit
C013,12,CASE034495,code_review,blind_first,1,blind_first_precommit
C013,12,CASE034496,code_review,blind_first,0,blind_first_precommit
C013,12,CASE034497,code_review,blind_first,1,blind_first_precommit
C013,12,CASE034498,code_review,blind_first,0,blind_first_precommit
C013,12,CASE034499,code_review,blind_first,1,blind_first_precommit
C013,12,CASE034500,code_review,blind_first,1,blind_first_precommit
C013,13,CASE034501,code_review,blind_first,0,blind_first_precommit
C013,13,CASE034502,code_review,blind_first,1,blind_first_precommit
C013,13,CASE034503,code_review,blind_first,1,blind_first_precommit
C013,13,CASE034504,code_review,blind_first,0,blind_first_precommit
C013,13,CASE034505,code_review,blind_first,1,blind_first_precommit
C013,13,CASE034506,code_review,blind_first,0,blind_first_precommit
C013,13,CASE034507,code_review,blind_first,0,blind_first_precommit
C013,13,CASE034508,code_review,blind_first,0,blind_first_precommit
C013,13,CASE034509,code_review,blind_first,1,blind_first_precommit
C013,13,CASE034510,code_review,blind_first,0,blind_first_precommit
C013,13,CASE034511,code_review,blind_first,0,blind_first_precommit
C013,13,CASE034512,code_review,blind_first,1,blind_first_precommit
C013,13,CASE034513,code_review,blind_first,1,blind_first_precommit
C013,13,CASE034514,code_review,blind_first,0,blind_first_precommit
C013,13,CASE034515,code_review,blind_first,1,blind_first_precommit
C013,13,CASE034516,code_review,blind_first,1,blind_first_precommit
C013,13,CASE034517,code_review,blind_first,1,blind_first_precommit
C013,13,CASE034518,code_review,blind_first,0,blind_first_precommit
C013,13,CASE034519,code_review,blind_first,0,ai_not_shown
C013,13,CASE034520,code_review,blind_first,1,blind_first_precommit
C013,13,CASE034521,code_review,blind_first,0,blind_first_precommit
C013,13,CASE034522,code_review,blind_first,0,blind_first_precommit
C013,13,CASE034523,code_review,blind_first,1,blind_first_precommit
C013,13,CASE034524,code_review,blind_first,0,blind_first_precommit
C013,13,CASE034525,code_review,blind_first,1,blind_first_precommit
C013,14,CASE034526,code_review,blind_first,1,blind_first_precommit
C013,14,CASE034527,code_review,blind_first,1,blind_first_precommit
C013,14,CASE034528,code_review,blind_first,1,blind_first_precommit
C013,14,CASE034529,code_review,blind_first,0,blind_first_precommit
C013,14,CASE034530,code_review,blind_first,1,blind_first_precommit
C013,14,CASE034531,code_review,blind_first,1,blind_first_precommit
C013,14,CASE034532,code_review,blind_first,0,blind_first_precommit
C013,14,CASE034533,code_review,blind_first,1,blind_first_precommit
C013,14,CASE034534,code_review,blind_first,1,blind_first_precommit
C013,14,CASE034535,code_review,blind_first,0,blind_first_precommit
C013,14,CASE034536,code_review,blind_first,1,blind_first_precommit
C013,14,CASE034537,code_review,blind_first,0,blind_first_precommit
C013,14,CASE034538,code_review,blind_first,1,blind_first_precommit
C013,14,CASE034539,code_review,blind_first,1,blind_first_precommit
C013,14,CASE034540,code_review,blind_first,1,blind_first_precommit
C013,14,CASE034541,code_review,blind_first,1,blind_first_precommit
C013,14,CASE034542,code_review,blind_first,0,blind_first_precommit
C013,14,CASE034543,code_review,blind_first,0,blind_first_precommit
C013,14,CASE034544,code_review,blind_first,1,blind_first_precommit
C013,14,CASE034545,code_review,blind_first,1,blind_first_precommit
C013,14,CASE034546,code_review,blind_first,1,blind_first_precommit
C013,14,CASE034547,code_review,blind_first,0,blind_first_precommit
C013,14,CASE034548,code_review,blind_first,0,blind_first_precommit
C013,14,CASE034549,code_review,blind_first,1,blind_first_precommit
C013,14,CASE034550,code_review,blind_first,0,blind_first_precommit
C013,15,CASE034551,code_review,blind_first,0,blind_first_precommit
C013,15,CASE034552,code_review,blind_first,1,blind_first_precommit
C013,15,CASE034553,code_review,blind_first,0,blind_first_precommit
C013,15,CASE034554,code_review,blind_first,1,blind_first_precommit
C013,15,CASE034555,code_review,blind_first,1,blind_first_precommit
C013,15,CASE034556,code_review,blind_first,0,blind_first_precommit
C013,15,CASE034557,code_review,blind_first,1,ai_not_shown
C013,15,CASE034558,code_review,blind_first,0,blind_first_precommit
C013,15,CASE034559,code_review,blind_first,1,blind_first_precommit
C013,15,CASE034560,code_review,blind_first,1,blind_first_precommit
C013,15,CASE034561,code_review,blind_first,0,blind_first_precommit
C013,15,CASE034562,code_review,blind_first,1,blind_first_precommit
C013,15,CASE034563,code_review,blind_first,0,blind_first_precommit
C013,15,CASE034564,code_review,blind_first,1,blind_first_precommit
C013,15,CASE034565,code_review,blind_first,1,blind_first_precommit
C013,15,CASE034566,code_review,blind_first,0,blind_first_precommit
C013,15,CASE034567,code_review,blind_first,1,blind_first_precommit
C013,15,CASE034568,code_review,blind_first,0,blind_first_precommit
C013,15,CASE034569,code_review,blind_first,1,blind_first_precommit
C013,15,CASE034570,code_review,blind_first,1,blind_first_precommit
C013,15,CASE034571,code_review,blind_first,0,ai_not_shown
C013,15,CASE034572,code_review,blind_first,1,blind_first_precommit
C013,15,CASE034573,code_review,blind_first,1,blind_first_precommit
C013,15,CASE034574,code_review,blind_first,1,blind_first_precommit
C013,15,CASE034575,code_review,blind_first,0,blind_first_precommit
C013,16,CASE034576,code_review,blind_first,1,blind_first_precommit
C013,16,CASE034577,code_review,blind_first,0,blind_first_precommit
C013,16,CASE034578,code_review,blind_first,1,blind_first_precommit
C013,16,CASE034579,code_review,blind_first,0,blind_first_precommit
C013,16,CASE034580,code_review,blind_first,0,blind_first_precommit
C013,16,CASE034581,code_review,blind_first,1,blind_first_precommit
C013,16,CASE034582,code_review,blind_first,1,blind_first_precommit
C013,16,CASE034583,code_review,blind_first,0,blind_first_precommit
C013,16,CASE034584,code_review,blind_first,0,blind_first_precommit
C013,16,CASE034585,code_review,blind_first,1,blind_first_precommit
C013,16,CASE034586,code_review,blind_first,0,blind_first_precommit
C013,16,CASE034587,code_review,blind_first,0,ai_not_shown
C013,16,CASE034588,code_review,blind_first,1,blind_first_precommit
C013,16,CASE034589,code_review,blind_first,1,blind_first_precommit
C013,16,CASE034590,code_review,blind_first,0,blind_first_precommit
C013,16,CASE034591,code_review,blind_first,1,blind_first_precommit
C013,16,CASE034592,code_review,blind_first,1,blind_first_precommit
C013,16,CASE034593,code_review,blind_first,1,blind_first_precommit
C013,16,CASE034594,code_review,blind_first,1,blind_first_precommit
C013,16,CASE034595,code_review,blind_first,1,blind_first_precommit
C013,16,CASE034596,code_review,blind_first,0,blind_first_precommit
C013,16,CASE034597,code_review,blind_first,0,blind_first_precommit
C013,16,CASE034598,code_review,blind_first,0,blind_first_precommit
C013,16,CASE034599,code_review,blind_first,1,blind_first_precommit
C013,16,CASE034600,code_review,blind_first,0,blind_first_precommit
C013,17,CASE034601,code_review,blind_first,1,blind_first_precommit
C013,17,CASE034602,code_review,blind_first,1,blind_first_precommit
C013,17,CASE034603,code_review,blind_first,1,blind_first_precommit
C013,17,CASE034604,code_review,blind_first,0,blind_first_precommit
C013,17,CASE034605,code_review,blind_first,0,blind_first_precommit
C013,17,CASE034606,code_review,blind_first,1,blind_first_precommit
C013,17,CASE034607,code_review,blind_first,0,blind_first_precommit
C013,17,CASE034608,code_review,blind_first,1,blind_first_precommit
C013,17,CASE034609,code_review,blind_first,1,blind_first_precommit
C013,17,CASE034610,code_review,blind_first,1,blind_first_precommit
C013,17,CASE034611,code_review,blind_first,0,blind_first_precommit
C013,17,CASE034612,code_review,blind_first,1,blind_first_precommit
C013,17,CASE034613,code_review,blind_first,1,blind_first_precommit
C013,17,CASE034614,code_review,blind_first,1,blind_first_precommit
C013,17,CASE034615,code_review,blind_first,0,blind_first_precommit
C013,17,CASE034616,code_review,blind_first,1,blind_first_precommit
C013,17,CASE034617,code_review,blind_first,1,blind_first_precommit
C013,17,CASE034618,code_review,blind_first,0,blind_first_precommit
C013,17,CASE034619,code_review,blind_first,0,blind_first_precommit
C013,17,CASE034620,code_review,blind_first,1,blind_first_precommit
C013,17,CASE034621,code_review,blind_first,1,blind_first_precommit
C013,17,CASE034622,code_review,blind_first,1,blind_first_precommit
C013,17,CASE034623,code_review,blind_first,1,blind_first_precommit
C013,17,CASE034624,code_review,blind_first,0,blind_first_precommit
C013,17,CASE034625,code_review,blind_first,1,blind_first_precommit
C013,18,CASE034626,code_review,blind_first,0,blind_first_precommit
C013,18,CASE034627,code_review,blind_first,1,blind_first_precommit
C013,18,CASE034628,code_review,blind_first,0,blind_first_precommit
C013,18,CASE034629,code_review,blind_first,0,blind_first_precommit
C013,18,CASE034630,code_review,blind_first,0,blind_first_precommit
C013,18,CASE034631,code_review,blind_first,0,blind_first_precommit
C013,18,CASE034632,code_review,blind_first,1,blind_first_precommit
C013,18,CASE034633,code_review,blind_first,1,blind_first_precommit
C013,18,CASE034634,code_review,blind_first,0,blind_first_precommit
C013,18,CASE034635,code_review,blind_first,0,blind_first_precommit
C013,18,CASE034636,code_review,blind_first,0,blind_first_precommit
C013,18,CASE034637,code_review,blind_first,0,blind_first_precommit
C013,18,CASE034638,code_review,blind_first,1,blind_first_precommit
C013,18,CASE034639,code_review,blind_first,0,blind_first_precommit
C013,18,CASE034640,code_review,blind_first,0,blind_first_precommit
C013,18,CASE034641,code_review,blind_first,1,blind_first_precommit
C013,18,CASE034642,code_review,blind_first,0,blind_first_precommit
C013,18,CASE034643,code_review,blind_first,0,blind_first_precommit
C013,18,CASE034644,code_review,blind_first,0,blind_first_precommit
C013,18,CASE034645,code_review,blind_first,0,blind_first_precommit
C013,18,CASE034646,code_review,blind_first,1,blind_first_precommit
C013,18,CASE034647,code_review,blind_first,1,blind_first_precommit
C013,18,CASE034648,code_review,blind_first,0,blind_first_precommit
C013,18,CASE034649,code_review,blind_first,0,blind_first_precommit
C013,18,CASE034650,code_review,blind_first,1,blind_first_precommit
C013,19,CASE034651,code_review,blind_first,0,blind_first_precommit
C013,19,CASE034652,code_review,blind_first,0,blind_first_precommit
C013,19,CASE034653,code_review,blind_first,0,blind_first_precommit
C013,19,CASE034654,code_review,blind_first,1,blind_first_precommit
C013,19,CASE034655,code_review,blind_first,1,blind_first_precommit
C013,19,CASE034656,code_review,blind_first,1,blind_first_precommit
C013,19,CASE034657,code_review,blind_first,1,blind_first_precommit
C013,19,CASE034658,code_review,blind_first,0,blind_first_precommit
C013,19,CASE034659,code_review,blind_first,0,blind_first_precommit
C013,19,CASE034660,code_review,blind_first,0,ai_not_shown
C013,19,CASE034661,code_review,blind_first,1,blind_first_precommit
C013,19,CASE034662,code_review,blind_first,1,blind_first_precommit
C013,19,CASE034663,code_review,blind_first,1,blind_first_precommit
C013,19,CASE034664,code_review,blind_first,0,blind_first_precommit
C013,19,CASE034665,code_review,blind_first,1,blind_first_precommit
C013,19,CASE034666,code_review,blind_first,1,blind_first_precommit
C013,19,CASE034667,code_review,blind_first,0,blind_first_precommit
C013,19,CASE034668,code_review,blind_first,0,blind_first_precommit
C013,19,CASE034669,code_review,blind_first,1,blind_first_precommit
C013,19,CASE034670,code_review,blind_first,1,ai_not_shown
C013,19,CASE034671,code_review,blind_first,0,blind_first_precommit
C013,19,CASE034672,code_review,blind_first,1,blind_first_precommit
C013,19,CASE034673,code_review,blind_first,1,blind_first_precommit
C013,19,CASE034674,code_review,blind_first,0,blind_first_precommit
C013,19,CASE034675,code_review,blind_first,1,ai_not_shown
C013,20,CASE034676,code_review,blind_first,0,blind_first_precommit
C013,20,CASE034677,code_review,blind_first,0,blind_first_precommit
C013,20,CASE034678,code_review,blind_first,1,blind_first_precommit
C013,20,CASE034679,code_review,blind_first,1,blind_first_precommit
C013,20,CASE034680,code_review,blind_first,0,blind_first_precommit
C013,20,CASE034681,code_review,blind_first,1,blind_first_precommit
C013,20,CASE034682,code_review,blind_first,0,blind_first_precommit
C013,20,CASE034683,code_review,blind_first,0,blind_first_precommit
C013,20,CASE034684,code_review,blind_first,0,blind_first_precommit
C013,20,CASE034685,code_review,blind_first,1,blind_first_precommit
C013,20,CASE034686,code_review,blind_first,0,blind_first_precommit
C013,20,CASE034687,code_review,blind_first,1,blind_first_precommit
C013,20,CASE034688,code_review,blind_first,0,blind_first_precommit
C013,20,CASE034689,code_review,blind_first,1,blind_first_precommit
C013,20,CASE034690,code_review,blind_first,1,blind_first_precommit
C013,20,CASE034691,code_review,blind_first,0,blind_first_precommit
C013,20,CASE034692,code_review,blind_first,1,blind_first_precommit
C013,20,CASE034693,code_review,blind_first,1,blind_first_precommit
C013,20,CASE034694,code_review,blind_first,0,blind_first_precommit
C013,20,CASE034695,code_review,blind_first,0,blind_first_precommit
C013,20,CASE034696,code_review,blind_first,0,blind_first_precommit
C013,20,CASE034697,code_review,blind_first,1,blind_first_precommit
C013,20,CASE034698,code_review,blind_first,0,blind_first_precommit
C013,20,CASE034699,code_review,blind_first,1,blind_first_precommit
C013,20,CASE034700,code_review,blind_first,1,blind_first_precommit
C013,21,CASE034701,code_review,blind_first,0,blind_first_precommit
C013,21,CASE034702,code_review,blind_first,1,blind_first_precommit
C013,21,CASE034703,code_review,blind_first,1,blind_first_precommit
C013,21,CASE034704,code_review,blind_first,0,blind_first_precommit
C013,21,CASE034705,code_review,blind_first,1,blind_first_precommit
C013,21,CASE034706,code_review,blind_first,1,blind_first_precommit
C013,21,CASE034707,code_review,blind_first,1,blind_first_precommit
C013,21,CASE034708,code_review,blind_first,1,blind_first_precommit
C013,21,CASE034709,code_review,blind_first,0,blind_first_precommit
C013,21,CASE034710,code_review,blind_first,1,blind_first_precommit
C013,21,CASE034711,code_review,blind_first,0,blind_first_precommit
C013,21,CASE034712,code_review,blind_first,1,blind_first_precommit
C013,21,CASE034713,code_review,blind_first,0,blind_first_precommit
C013,21,CASE034714,code_review,blind_first,1,blind_first_precommit
C013,21,CASE034715,code_review,blind_first,1,blind_first_precommit
C013,21,CASE034716,code_review,blind_first,1,ai_not_shown
C013,21,CASE034717,code_review,blind_first,1,blind_first_precommit
C013,21,CASE034718,code_review,blind_first,1,blind_first_precommit
C013,21,CASE034719,code_review,blind_first,1,blind_first_precommit
C013,21,CASE034720,code_review,blind_first,0,blind_first_precommit
C013,21,CASE034721,code_review,blind_first,1,blind_first_precommit
C013,21,CASE034722,code_review,blind_first,1,blind_first_precommit
C013,21,CASE034723,code_review,blind_first,0,blind_first_precommit
C013,21,CASE034724,code_review,blind_first,0,blind_first_precommit
C013,21,CASE034725,code_review,blind_first,0,blind_first_precommit
C013,22,CASE034726,code_review,blind_first,1,blind_first_precommit
C013,22,CASE034727,code_review,blind_first,0,blind_first_precommit
C013,22,CASE034728,code_review,blind_first,0,blind_first_precommit
C013,22,CASE034729,code_review,blind_first,1,blind_first_precommit
C013,22,CASE034730,code_review,blind_first,0,blind_first_precommit
C013,22,CASE034731,code_review,blind_first,0,blind_first_precommit
C013,22,CASE034732,code_review,blind_first,0,blind_first_precommit
C013,22,CASE034733,code_review,blind_first,1,blind_first_precommit
C013,22,CASE034734,code_review,blind_first,1,blind_first_precommit
C013,22,CASE034735,code_review,blind_first,1,blind_first_precommit
C013,22,CASE034736,code_review,blind_first,1,blind_first_precommit
C013,22,CASE034737,code_review,blind_first,0,blind_first_precommit
C013,22,CASE034738,code_review,blind_first,1,blind_first_precommit
C013,22,CASE034739,code_review,blind_first,0,blind_first_precommit
C013,22,CASE034740,code_review,blind_first,1,blind_first_precommit
C013,22,CASE034741,code_review,blind_first,1,ai_not_shown
C013,22,CASE034742,code_review,blind_first,0,blind_first_precommit
C013,22,CASE034743,code_review,blind_first,1,blind_first_precommit
C013,22,CASE034744,code_review,blind_first,1,blind_first_precommit
C013,22,CASE034745,code_review,blind_first,0,blind_first_precommit
C013,22,CASE034746,code_review,blind_first,1,blind_first_precommit
C013,22,CASE034747,code_review,blind_first,1,blind_first_precommit
C013,22,CASE034748,code_review,blind_first,1,blind_first_precommit
C013,22,CASE034749,code_review,blind_first,0,blind_first_precommit
C013,22,CASE034750,code_review,blind_first,1,blind_first_precommit
C013,23,CASE034751,code_review,blind_first,1,blind_first_precommit
C013,23,CASE034752,code_review,blind_first,0,blind_first_precommit
C013,23,CASE034753,code_review,blind_first,0,blind_first_precommit
C013,23,CASE034754,code_review,blind_first,0,blind_first_precommit
C013,23,CASE034755,code_review,blind_first,0,ai_not_shown
C013,23,CASE034756,code_review,blind_first,0,blind_first_precommit
C013,23,CASE034757,code_review,blind_first,1,blind_first_precommit
C013,23,CASE034758,code_review,blind_first,1,blind_first_precommit
C013,23,CASE034759,code_review,blind_first,0,ai_not_shown
C013,23,CASE034760,code_review,blind_first,1,blind_first_precommit
C013,23,CASE034761,code_review,blind_first,0,blind_first_precommit
C013,23,CASE034762,code_review,blind_first,1,blind_first_precommit
C013,23,CASE034763,code_review,blind_first,0,blind_first_precommit
C013,23,CASE034764,code_review,blind_first,1,blind_first_precommit
C013,23,CASE034765,code_review,blind_first,1,blind_first_precommit
C013,23,CASE034766,code_review,blind_first,0,blind_first_precommit
C013,23,CASE034767,code_review,blind_first,0,blind_first_precommit
C013,23,CASE034768,code_review,blind_first,0,blind_first_precommit
C013,23,CASE034769,code_review,blind_first,0,blind_first_precommit
C013,23,CASE034770,code_review,blind_first,1,blind_first_precommit
C013,23,CASE034771,code_review,blind_first,1,blind_first_precommit
C013,23,CASE034772,code_review,blind_first,0,blind_first_precommit
C013,23,CASE034773,code_review,blind_first,1,blind_first_precommit
C013,23,CASE034774,code_review,blind_first,1,blind_first_precommit
C013,23,CASE034775,code_review,blind_first,0,ai_not_shown
C013,24,CASE034776,code_review,blind_first,1,blind_first_precommit
C013,24,CASE034777,code_review,blind_first,1,blind_first_precommit
C013,24,CASE034778,code_review,blind_first,0,blind_first_precommit
C013,24,CASE034779,code_review,blind_first,1,blind_first_precommit
C013,24,CASE034780,code_review,blind_first,0,blind_first_precommit
C013,24,CASE034781,code_review,blind_first,0,blind_first_precommit
C013,24,CASE034782,code_review,blind_first,0,blind_first_precommit
C013,24,CASE034783,code_review,blind_first,0,blind_first_precommit
C013,24,CASE034784,code_review,blind_first,0,blind_first_precommit
C013,24,CASE034785,code_review,blind_first,1,blind_first_precommit
C013,24,CASE034786,code_review,blind_first,1,blind_first_precommit
C013,24,CASE034787,code_review,blind_first,1,blind_first_precommit
C013,24,CASE034788,code_review,blind_first,1,blind_first_precommit
C013,24,CASE034789,code_review,blind_first,1,blind_first_precommit
C013,24,CASE034790,code_review,blind_first,1,blind_first_precommit
C013,24,CASE034791,code_review,blind_first,1,blind_first_precommit
C013,24,CASE034792,code_review,blind_first,1,blind_first_precommit
C013,24,CASE034793,code_review,blind_first,1,blind_first_precommit
C013,24,CASE034794,code_review,blind_first,1,blind_first_precommit
C013,24,CASE034795,code_review,blind_first,0,blind_first_precommit
C013,24,CASE034796,code_review,blind_first,1,blind_first_precommit
C013,24,CASE034797,code_review,blind_first,1,blind_first_precommit
C013,24,CASE034798,code_review,blind_first,1,blind_first_precommit
C013,24,CASE034799,code_review,blind_first,1,blind_first_precommit
C013,24,CASE034800,code_review,blind_first,1,blind_first_precommit
C014,1,CASE034804,code_review,withheld_ai,1,ai_not_shown
C014,1,CASE034808,code_review,withheld_ai,1,ai_not_shown
C014,1,CASE034815,code_review,withheld_ai,1,ai_not_shown
C014,1,CASE034821,code_review,withheld_ai,0,ai_not_shown
C014,1,CASE034824,code_review,withheld_ai,0,ai_not_shown
C014,1,CASE034825,code_review,withheld_ai,0,ai_not_shown
C014,2,CASE034845,code_review,withheld_ai,0,ai_not_shown
C014,4,CASE034877,code_review,withheld_ai,1,ai_not_shown
C014,4,CASE034879,code_review,withheld_ai,0,ai_not_shown
C014,4,CASE034880,code_review,withheld_ai,1,ai_not_shown
C014,5,CASE034901,code_review,withheld_ai,0,ai_not_shown
C014,5,CASE034906,code_review,withheld_ai,0,ai_not_shown
C014,5,CASE034919,code_review,withheld_ai,1,ai_not_shown
C014,6,CASE034926,code_review,withheld_ai,1,ai_not_shown
C014,6,CASE034929,code_review,withheld_ai,1,ai_not_shown
C014,6,CASE034932,code_review,withheld_ai,0,ai_not_shown
C014,6,CASE034933,code_review,withheld_ai,1,ai_not_shown
C014,7,CASE034951,code_review,withheld_ai,1,ai_not_shown
C014,7,CASE034952,code_review,withheld_ai,0,ai_not_shown
C014,7,CASE034953,code_review,withheld_ai,0,ai_not_shown
C014,7,CASE034962,code_review,withheld_ai,1,ai_not_shown
C014,7,CASE034964,code_review,withheld_ai,1,ai_not_shown
C014,7,CASE034967,code_review,withheld_ai,1,ai_not_shown
C014,8,CASE034981,code_review,withheld_ai,0,ai_not_shown
C014,8,CASE034997,code_review,withheld_ai,1,ai_not_shown
C014,8,CASE035000,code_review,withheld_ai,1,ai_not_shown
C014,9,CASE035005,code_review,withheld_ai,0,ai_not_shown
C014,9,CASE035013,code_review,withheld_ai,1,ai_not_shown
C014,9,CASE035021,code_review,withheld_ai,1,ai_not_shown
C014,10,CASE035036,code_review,withheld_ai,1,ai_not_shown
C014,10,CASE035039,code_review,withheld_ai,1,ai_not_shown
C014,10,CASE035043,code_review,withheld_ai,0,ai_not_shown
C014,10,CASE035046,code_review,withheld_ai,1,ai_not_shown
C014,11,CASE035055,code_review,withheld_ai,1,ai_not_shown
C014,11,CASE035070,code_review,withheld_ai,0,ai_not_shown
C014,11,CASE035071,code_review,withheld_ai,1,ai_not_shown
C014,11,CASE035074,code_review,withheld_ai,0,ai_not_shown
C014,12,CASE035079,code_review,withheld_ai,0,ai_not_shown
C014,12,CASE035080,code_review,withheld_ai,1,ai_not_shown
C014,12,CASE035084,code_review,withheld_ai,0,ai_not_shown
C014,12,CASE035085,code_review,withheld_ai,1,ai_not_shown
C014,12,CASE035096,code_review,withheld_ai,1,ai_not_shown
C014,13,CASE035103,code_review,withheld_ai,1,ai_not_shown
C014,13,CASE035105,code_review,withheld_ai,1,ai_not_shown
C014,13,CASE035108,code_review,withheld_ai,1,ai_not_shown
C014,13,CASE035122,code_review,withheld_ai,0,ai_not_shown
C014,14,CASE035127,code_review,withheld_ai,0,ai_not_shown
C014,14,CASE035135,code_review,withheld_ai,0,ai_not_shown
C014,14,CASE035140,code_review,withheld_ai,0,ai_not_shown
C014,14,CASE035147,code_review,withheld_ai,1,ai_not_shown
C014,14,CASE035149,code_review,withheld_ai,0,ai_not_shown
C014,15,CASE035152,code_review,withheld_ai,1,ai_not_shown
C014,15,CASE035157,code_review,withheld_ai,0,ai_not_shown
C014,15,CASE035160,code_review,withheld_ai,1,ai_not_shown
C014,15,CASE035175,code_review,withheld_ai,0,ai_not_shown
C014,16,CASE035183,code_review,withheld_ai,0,ai_not_shown
C014,16,CASE035190,code_review,withheld_ai,0,ai_not_shown
C014,16,CASE035192,code_review,withheld_ai,0,ai_not_shown
C014,16,CASE035199,code_review,withheld_ai,0,ai_not_shown
C014,17,CASE035206,code_review,withheld_ai,1,ai_not_shown
C014,17,CASE035207,code_review,withheld_ai,1,ai_not_shown
C014,17,CASE035209,code_review,withheld_ai,0,ai_not_shown
C014,17,CASE035211,code_review,withheld_ai,0,ai_not_shown
C014,17,CASE035214,code_review,withheld_ai,1,ai_not_shown
C014,18,CASE035232,code_review,withheld_ai,1,ai_not_shown
C014,18,CASE035233,code_review,withheld_ai,0,ai_not_shown
C014,18,CASE035244,code_review,withheld_ai,1,ai_not_shown
C014,18,CASE035250,code_review,withheld_ai,1,ai_not_shown
C014,19,CASE035252,code_review,withheld_ai,1,ai_not_shown
C014,19,CASE035257,code_review,withheld_ai,1,ai_not_shown
C014,19,CASE035270,code_review,withheld_ai,1,ai_not_shown
C014,19,CASE035274,code_review,withheld_ai,1,ai_not_shown
C014,20,CASE035280,code_review,withheld_ai,1,ai_not_shown
C014,20,CASE035282,code_review,withheld_ai,1,ai_not_shown
C014,20,CASE035285,code_review,withheld_ai,1,ai_not_shown
C014,20,CASE035290,code_review,withheld_ai,1,ai_not_shown
C014,20,CASE035292,code_review,withheld_ai,1,ai_not_shown
C014,20,CASE035293,code_review,withheld_ai,1,ai_not_shown
C014,20,CASE035294,code_review,withheld_ai,1,ai_not_shown
C014,20,CASE035299,code_review,withheld_ai,1,ai_not_shown
C014,21,CASE035302,code_review,withheld_ai,0,ai_not_shown
C014,21,CASE035305,code_review,withheld_ai,1,ai_not_shown
C014,21,CASE035314,code_review,withheld_ai,0,ai_not_shown
C014,22,CASE035328,code_review,withheld_ai,0,ai_not_shown
C014,22,CASE035337,code_review,withheld_ai,1,ai_not_shown
C014,22,CASE035348,code_review,withheld_ai,1,ai_not_shown
C014,23,CASE035355,code_review,withheld_ai,1,ai_not_shown
C014,23,CASE035356,code_review,withheld_ai,1,ai_not_shown
C014,23,CASE035372,code_review,withheld_ai,0,ai_not_shown
C014,23,CASE035374,code_review,withheld_ai,0,ai_not_shown
C014,24,CASE035379,code_review,withheld_ai,0,ai_not_shown
C014,24,CASE035381,code_review,withheld_ai,1,ai_not_shown
C014,24,CASE035382,code_review,withheld_ai,0,ai_not_shown
C014,24,CASE035383,code_review,withheld_ai,0,ai_not_shown
C014,24,CASE035388,code_review,withheld_ai,1,ai_not_shown
C014,24,CASE035390,code_review,withheld_ai,1,ai_not_shown
C015,1,CASE035419,code_review,disagreement_prompt,1,ai_not_shown
C015,2,CASE035434,code_review,disagreement_prompt,1,ai_not_shown
C015,2,CASE035441,code_review,disagreement_prompt,1,ai_not_shown
C015,2,CASE035443,code_review,disagreement_prompt,1,ai_not_shown
C015,4,CASE035484,code_review,disagreement_prompt,1,ai_not_shown
C015,5,CASE035507,code_review,disagreement_prompt,1,ai_not_shown
C015,5,CASE035512,code_review,disagreement_prompt,1,ai_not_shown
C015,6,CASE035534,code_review,disagreement_prompt,1,ai_not_shown
C015,6,CASE035547,code_review,disagreement_prompt,1,ai_not_shown
C015,6,CASE035548,code_review,disagreement_prompt,1,ai_not_shown
C015,7,CASE035555,code_review,disagreement_prompt,1,ai_not_shown
C015,7,CASE035557,code_review,disagreement_prompt,1,ai_not_shown
C015,7,CASE035567,code_review,disagreement_prompt,1,ai_not_shown
C015,7,CASE035575,code_review,disagreement_prompt,1,ai_not_shown
C015,8,CASE035578,code_review,disagreement_prompt,1,ai_not_shown
C015,8,CASE035582,code_review,disagreement_prompt,1,ai_not_shown
C015,8,CASE035595,code_review,disagreement_prompt,1,ai_not_shown
C015,8,CASE035600,code_review,disagreement_prompt,1,ai_not_shown
C015,9,CASE035601,code_review,disagreement_prompt,0,ai_not_shown
C015,9,CASE035608,code_review,disagreement_prompt,1,ai_not_shown
C015,9,CASE035614,code_review,disagreement_prompt,1,ai_not_shown
C015,10,CASE035640,code_review,disagreement_prompt,1,ai_not_shown
C015,10,CASE035650,code_review,disagreement_prompt,1,ai_not_shown
C015,11,CASE035656,code_review,disagreement_prompt,0,ai_not_shown
C015,12,CASE035678,code_review,disagreement_prompt,0,ai_not_shown
C015,12,CASE035700,code_review,disagreement_prompt,1,ai_not_shown
C015,13,CASE035701,code_review,disagreement_prompt,0,ai_not_shown
C015,13,CASE035704,code_review,disagreement_prompt,1,ai_not_shown
C015,13,CASE035715,code_review,disagreement_prompt,1,ai_not_shown
C015,14,CASE035736,code_review,disagreement_prompt,1,ai_not_shown
C015,16,CASE035777,code_review,disagreement_prompt,1,ai_not_shown
C015,16,CASE035790,code_review,disagreement_prompt,1,ai_not_shown
C015,17,CASE035811,code_review,disagreement_prompt,1,ai_not_shown
C015,17,CASE035814,code_review,disagreement_prompt,1,ai_not_shown
C015,19,CASE035852,code_review,disagreement_prompt,1,ai_not_shown
C015,20,CASE035892,code_review,disagreement_prompt,1,ai_not_shown
C015,21,CASE035906,code_review,disagreement_prompt,1,ai_not_shown
C015,21,CASE035915,code_review,disagreement_prompt,1,ai_not_shown
C015,21,CASE035918,code_review,disagreement_prompt,1,ai_not_shown
C015,22,CASE035926,code_review,disagreement_prompt,1,ai_not_shown
C015,22,CASE035936,code_review,disagreement_prompt,1,ai_not_shown
C015,22,CASE035942,code_review,disagreement_prompt,1,ai_not_shown
C015,24,CASE035983,code_review,disagreement_prompt,1,ai_not_shown
C015,24,CASE035988,code_review,disagreement_prompt,1,ai_not_shown
C015,24,CASE035994,code_review,disagreement_prompt,1,ai_not_shown
R000,1,CASE000009,chest_xray_triage,control_always_ai,1,ai_not_shown
R000,4,CASE000078,chest_xray_triage,control_always_ai,0,ai_not_shown
R000,5,CASE000109,chest_xray_triage,control_always_ai,1,ai_not_shown
R000,5,CASE000117,chest_xray_triage,control_always_ai,1,ai_not_shown
R000,7,CASE000155,chest_xray_triage,control_always_ai,1,ai_not_shown
R000,7,CASE000170,chest_xray_triage,control_always_ai,1,ai_not_shown
R000,8,CASE000200,chest_xray_triage,control_always_ai,1,ai_not_shown
R000,9,CASE000212,chest_xray_triage,control_always_ai,1,ai_not_shown
R000,13,CASE000325,chest_xray_triage,control_always_ai,0,ai_not_shown
R000,14,CASE000345,chest_xray_triage,control_always_ai,1,ai_not_shown
R000,15,CASE000367,chest_xray_triage,control_always_ai,0,ai_not_shown
R000,17,CASE000403,chest_xray_triage,control_always_ai,1,ai_not_shown
R000,18,CASE000426,chest_xray_triage,control_always_ai,0,ai_not_shown
R000,19,CASE000470,chest_xray_triage,control_always_ai,1,ai_not_shown
R000,21,CASE000512,chest_xray_triage,control_always_ai,1,ai_not_shown
R000,21,CASE000513,chest_xray_triage,control_always_ai,0,ai_not_shown
R000,22,CASE000535,chest_xray_triage,control_always_ai,0,ai_not_shown
R000,23,CASE000568,chest_xray_triage,control_always_ai,0,ai_not_shown
R000,24,CASE000584,chest_xray_triage,control_always_ai,1,ai_not_shown
R001,1,CASE000601,chest_xray_triage,blind_first,1,blind_first_precommit
R001,1,CASE000602,chest_xray_triage,blind_first,1,blind_first_precommit
R001,1,CASE000603,chest_xray_triage,blind_first,0,blind_first_precommit
R001,1,CASE000604,chest_xray_triage,blind_first,1,blind_first_precommit
R001,1,CASE000605,chest_xray_triage,blind_first,1,blind_first_precommit
R001,1,CASE000606,chest_xray_triage,blind_first,1,blind_first_precommit
R001,1,CASE000607,chest_xray_triage,blind_first,1,blind_first_precommit
R001,1,CASE000608,chest_xray_triage,blind_first,1,blind_first_precommit
R001,1,CASE000609,chest_xray_triage,blind_first,1,blind_first_precommit
R001,1,CASE000610,chest_xray_triage,blind_first,1,blind_first_precommit
R001,1,CASE000611,chest_xray_triage,blind_first,1,blind_first_precommit
R001,1,CASE000612,chest_xray_triage,blind_first,1,blind_first_precommit
R001,1,CASE000613,chest_xray_triage,blind_first,1,blind_first_precommit
R001,1,CASE000614,chest_xray_triage,blind_first,1,blind_first_precommit
R001,1,CASE000615,chest_xray_triage,blind_first,1,blind_first_precommit
R001,1,CASE000616,chest_xray_triage,blind_first,1,blind_first_precommit
R001,1,CASE000617,chest_xray_triage,blind_first,1,blind_first_precommit
R001,1,CASE000618,chest_xray_triage,blind_first,1,blind_first_precommit
R001,1,CASE000619,chest_xray_triage,blind_first,1,blind_first_precommit
R001,1,CASE000620,chest_xray_triage,blind_first,1,blind_first_precommit
R001,1,CASE000621,chest_xray_triage,blind_first,1,blind_first_precommit
R001,1,CASE000622,chest_xray_triage,blind_first,1,blind_first_precommit
R001,1,CASE000623,chest_xray_triage,blind_first,1,blind_first_precommit
R001,1,CASE000624,chest_xray_triage,blind_first,1,blind_first_precommit
R001,1,CASE000625,chest_xray_triage,blind_first,0,blind_first_precommit
R001,2,CASE000626,chest_xray_triage,blind_first,0,blind_first_precommit
R001,2,CASE000627,chest_xray_triage,blind_first,1,blind_first_precommit
R001,2,CASE000628,chest_xray_triage,blind_first,1,blind_first_precommit
R001,2,CASE000629,chest_xray_triage,blind_first,1,blind_first_precommit
R001,2,CASE000630,chest_xray_triage,blind_first,1,blind_first_precommit
R001,2,CASE000631,chest_xray_triage,blind_first,1,blind_first_precommit
R001,2,CASE000632,chest_xray_triage,blind_first,1,blind_first_precommit
R001,2,CASE000633,chest_xray_triage,blind_first,1,blind_first_precommit
R001,2,CASE000634,chest_xray_triage,blind_first,1,blind_first_precommit
R001,2,CASE000635,chest_xray_triage,blind_first,1,blind_first_precommit
R001,2,CASE000636,chest_xray_triage,blind_first,1,ai_not_shown
R001,2,CASE000637,chest_xray_triage,blind_first,1,blind_first_precommit
R001,2,CASE000638,chest_xray_triage,blind_first,1,blind_first_precommit
R001,2,CASE000639,chest_xray_triage,blind_first,1,blind_first_precommit
R001,2,CASE000640,chest_xray_triage,blind_first,1,blind_first_precommit
R001,2,CASE000641,chest_xray_triage,blind_first,1,blind_first_precommit
R001,2,CASE000642,chest_xray_triage,blind_first,1,blind_first_precommit
R001,2,CASE000643,chest_xray_triage,blind_first,1,blind_first_precommit
R001,2,CASE000644,chest_xray_triage,blind_first,1,blind_first_precommit
R001,2,CASE000645,chest_xray_triage,blind_first,1,ai_not_shown
R001,2,CASE000646,chest_xray_triage,blind_first,1,blind_first_precommit
R001,2,CASE000647,chest_xray_triage,blind_first,1,blind_first_precommit
R001,2,CASE000648,chest_xray_triage,blind_first,1,blind_first_precommit
R001,2,CASE000649,chest_xray_triage,blind_first,1,blind_first_precommit
R001,2,CASE000650,chest_xray_triage,blind_first,1,blind_first_precommit
R001,3,CASE000651,chest_xray_triage,blind_first,1,blind_first_precommit
R001,3,CASE000652,chest_xray_triage,blind_first,1,blind_first_precommit
R001,3,CASE000653,chest_xray_triage,blind_first,1,blind_first_precommit
R001,3,CASE000654,chest_xray_triage,blind_first,1,blind_first_precommit
R001,3,CASE000655,chest_xray_triage,blind_first,1,blind_first_precommit
R001,3,CASE000656,chest_xray_triage,blind_first,1,blind_first_precommit
R001,3,CASE000657,chest_xray_triage,blind_first,1,blind_first_precommit
R001,3,CASE000658,chest_xray_triage,blind_first,1,blind_first_precommit
R001,3,CASE000659,chest_xray_triage,blind_first,1,blind_first_precommit
R001,3,CASE000660,chest_xray_triage,blind_first,1,blind_first_precommit
R001,3,CASE000661,chest_xray_triage,blind_first,1,blind_first_precommit
R001,3,CASE000662,chest_xray_triage,blind_first,1,blind_first_precommit
R001,3,CASE000663,chest_xray_triage,blind_first,1,blind_first_precommit
R001,3,CASE000664,chest_xray_triage,blind_first,1,blind_first_precommit
R001,3,CASE000665,chest_xray_triage,blind_first,1,blind_first_precommit
R001,3,CASE000666,chest_xray_triage,blind_first,1,blind_first_precommit
R001,3,CASE000667,chest_xray_triage,blind_first,1,blind_first_precommit
R001,3,CASE000668,chest_xray_triage,blind_first,1,blind_first_precommit
R001,3,CASE000669,chest_xray_triage,blind_first,1,blind_first_precommit
R001,3,CASE000670,chest_xray_triage,blind_first,1,blind_first_precommit
R001,3,CASE000671,chest_xray_triage,blind_first,1,blind_first_precommit
R001,3,CASE000672,chest_xray_triage,blind_first,1,blind_first_precommit
R001,3,CASE000673,chest_xray_triage,blind_first,0,blind_first_precommit
R001,3,CASE000674,chest_xray_triage,blind_first,1,blind_first_precommit
R001,3,CASE000675,chest_xray_triage,blind_first,1,blind_first_precommit
R001,4,CASE000676,chest_xray_triage,blind_first,1,blind_first_precommit
R001,4,CASE000677,chest_xray_triage,blind_first,1,blind_first_precommit
R001,4,CASE000678,chest_xray_triage,blind_first,0,blind_first_precommit
R001,4,CASE000679,chest_xray_triage,blind_first,1,blind_first_precommit
R001,4,CASE000680,chest_xray_triage,blind_first,1,blind_first_precommit
R001,4,CASE000681,chest_xray_triage,blind_first,1,blind_first_precommit
R001,4,CASE000682,chest_xray_triage,blind_first,1,blind_first_precommit
R001,4,CASE000683,chest_xray_triage,blind_first,1,blind_first_precommit
R001,4,CASE000684,chest_xray_triage,blind_first,1,blind_first_precommit
R001,4,CASE000685,chest_xray_triage,blind_first,0,blind_first_precommit
R001,4,CASE000686,chest_xray_triage,blind_first,1,blind_first_precommit
R001,4,CASE000687,chest_xray_triage,blind_first,1,blind_first_precommit
R001,4,CASE000688,chest_xray_triage,blind_first,1,blind_first_precommit
R001,4,CASE000689,chest_xray_triage,blind_first,1,blind_first_precommit
R001,4,CASE000690,chest_xray_triage,blind_first,1,blind_first_precommit
R001,4,CASE000691,chest_xray_triage,blind_first,0,blind_first_precommit
R001,4,CASE000692,chest_xray_triage,blind_first,1,blind_first_precommit
R001,4,CASE000693,chest_xray_triage,blind_first,1,blind_first_precommit
R001,4,CASE000694,chest_xray_triage,blind_first,0,blind_first_precommit
R001,4,CASE000695,chest_xray_triage,blind_first,1,blind_first_precommit
R001,4,CASE000696,chest_xray_triage,blind_first,1,blind_first_precommit
R001,4,CASE000697,chest_xray_triage,blind_first,1,blind_first_precommit
R001,4,CASE000698,chest_xray_triage,blind_first,1,blind_first_precommit
R001,4,CASE000699,chest_xray_triage,blind_first,1,blind_first_precommit
R001,4,CASE000700,chest_xray_triage,blind_first,1,blind_first_precommit
R001,5,CASE000701,chest_xray_triage,blind_first,1,blind_first_precommit
R001,5,CASE000702,chest_xray_triage,blind_first,1,ai_not_shown
R001,5,CASE000703,chest_xray_triage,blind_first,1,blind_first_precommit
R001,5,CASE000704,chest_xray_triage,blind_first,1,blind_first_precommit
R001,5,CASE000705,chest_xray_triage,blind_first,1,blind_first_precommit
R001,5,CASE000706,chest_xray_triage,blind_first,1,blind_first_precommit
R001,5,CASE000707,chest_xray_triage,blind_first,1,blind_first_precommit
R001,5,CASE000708,chest_xray_triage,blind_first,1,blind_first_precommit
R001,5,CASE000709,chest_xray_triage,blind_first,1,blind_first_precommit
R001,5,CASE000710,chest_xray_triage,blind_first,1,blind_first_precommit
R001,5,CASE000711,chest_xray_triage,blind_first,1,ai_not_shown
R001,5,CASE000712,chest_xray_triage,blind_first,0,blind_first_precommit
R001,5,CASE000713,chest_xray_triage,blind_first,1,blind_first_precommit
R001,5,CASE000714,chest_xray_triage,blind_first,1,blind_first_precommit
R001,5,CASE000715,chest_xray_triage,blind_first,1,blind_first_precommit
R001,5,CASE000716,chest_xray_triage,blind_first,1,blind_first_precommit
R001,5,CASE000717,chest_xray_triage,blind_first,0,blind_first_precommit
R001,5,CASE000718,chest_xray_triage,blind_first,1,blind_first_precommit
R001,5,CASE000719,chest_xray_triage,blind_first,1,blind_first_precommit
R001,5,CASE000720,chest_xray_triage,blind_first,1,blind_first_precommit
R001,5,CASE000721,chest_xray_triage,blind_first,1,blind_first_precommit
R001,5,CASE000722,chest_xray_triage,blind_first,1,blind_first_precommit
R001,5,CASE000723,chest_xray_triage,blind_first,1,blind_first_precommit
R001,5,CASE000724,chest_xray_triage,blind_first,1,blind_first_precommit
R001,5,CASE000725,chest_xray_triage,blind_first,1,blind_first_precommit
R001,6,CASE000726,chest_xray_triage,blind_first,0,blind_first_precommit
R001,6,CASE000727,chest_xray_triage,blind_first,1,blind_first_precommit
R001,6,CASE000728,chest_xray_triage,blind_first,1,blind_first_precommit
R001,6,CASE000729,chest_xray_triage,blind_first,1,blind_first_precommit
R001,6,CASE000730,chest_xray_triage,blind_first,1,blind_first_precommit
R001,6,CASE000731,chest_xray_triage,blind_first,1,blind_first_precommit
R001,6,CASE000732,chest_xray_triage,blind_first,1,blind_first_precommit
R001,6,CASE000733,chest_xray_triage,blind_first,1,blind_first_precommit
R001,6,CASE000734,chest_xray_triage,blind_first,1,blind_first_precommit
R001,6,CASE000735,chest_xray_triage,blind_first,1,blind_first_precommit
R001,6,CASE000736,chest_xray_triage,blind_first,1,blind_first_precommit
R001,6,CASE000737,chest_xray_triage,blind_first,1,blind_first_precommit
R001,6,CASE000738,chest_xray_triage,blind_first,0,ai_not_shown
R001,6,CASE000739,chest_xray_triage,blind_first,1,blind_first_precommit
R001,6,CASE000740,chest_xray_triage,blind_first,1,blind_first_precommit
R001,6,CASE000741,chest_xray_triage,blind_first,1,blind_first_precommit
R001,6,CASE000742,chest_xray_triage,blind_first,1,blind_first_precommit
R001,6,CASE000743,chest_xray_triage,blind_first,1,blind_first_precommit
R001,6,CASE000744,chest_xray_triage,blind_first,1,ai_not_shown
R001,6,CASE000745,chest_xray_triage,blind_first,0,blind_first_precommit
R001,6,CASE000746,chest_xray_triage,blind_first,1,blind_first_precommit
R001,6,CASE000747,chest_xray_triage,blind_first,1,ai_not_shown
R001,6,CASE000748,chest_xray_triage,blind_first,1,blind_first_precommit
R001,6,CASE000749,chest_xray_triage,blind_first,1,blind_first_precommit
R001,6,CASE000750,chest_xray_triage,blind_first,1,blind_first_precommit
R001,7,CASE000751,chest_xray_triage,blind_first,1,blind_first_precommit
R001,7,CASE000752,chest_xray_triage,blind_first,1,blind_first_precommit
R001,7,CASE000753,chest_xray_triage,blind_first,1,blind_first_precommit
R001,7,CASE000754,chest_xray_triage,blind_first,1,blind_first_precommit
R001,7,CASE000755,chest_xray_triage,blind_first,1,blind_first_precommit
R001,7,CASE000756,chest_xray_triage,blind_first,1,blind_first_precommit
R001,7,CASE000757,chest_xray_triage,blind_first,1,blind_first_precommit
R001,7,CASE000758,chest_xray_triage,blind_first,0,blind_first_precommit
R001,7,CASE000759,chest_xray_triage,blind_first,1,blind_first_precommit
R001,7,CASE000760,chest_xray_triage,blind_first,1,blind_first_precommit
R001,7,CASE000761,chest_xray_triage,blind_first,1,blind_first_precommit
R001,7,CASE000762,chest_xray_triage,blind_first,1,blind_first_precommit
R001,7,CASE000763,chest_xray_triage,blind_first,0,blind_first_precommit
R001,7,CASE000764,chest_xray_triage,blind_first,1,blind_first_precommit
R001,7,CASE000765,chest_xray_triage,blind_first,1,blind_first_precommit
R001,7,CASE000766,chest_xray_triage,blind_first,1,blind_first_precommit
R001,7,CASE000767,chest_xray_triage,blind_first,1,blind_first_precommit
R001,7,CASE000768,chest_xray_triage,blind_first,1,blind_first_precommit
R001,7,CASE000769,chest_xray_triage,blind_first,1,blind_first_precommit
R001,7,CASE000770,chest_xray_triage,blind_first,1,blind_first_precommit
R001,7,CASE000771,chest_xray_triage,blind_first,1,blind_first_precommit
R001,7,CASE000772,chest_xray_triage,blind_first,1,blind_first_precommit
R001,7,CASE000773,chest_xray_triage,blind_first,0,blind_first_precommit
R001,7,CASE000774,chest_xray_triage,blind_first,1,blind_first_precommit
R001,7,CASE000775,chest_xray_triage,blind_first,1,blind_first_precommit
R001,8,CASE000776,chest_xray_triage,blind_first,1,blind_first_precommit
R001,8,CASE000777,chest_xray_triage,blind_first,1,blind_first_precommit
R001,8,CASE000778,chest_xray_triage,blind_first,1,blind_first_precommit
R001,8,CASE000779,chest_xray_triage,blind_first,1,blind_first_precommit
R001,8,CASE000780,chest_xray_triage,blind_first,1,blind_first_precommit
R001,8,CASE000781,chest_xray_triage,blind_first,1,blind_first_precommit
R001,8,CASE000782,chest_xray_triage,blind_first,1,blind_first_precommit
R001,8,CASE000783,chest_xray_triage,blind_first,1,blind_first_precommit
R001,8,CASE000784,chest_xray_triage,blind_first,1,blind_first_precommit
R001,8,CASE000785,chest_xray_triage,blind_first,1,blind_first_precommit
R001,8,CASE000786,chest_xray_triage,blind_first,1,blind_first_precommit
R001,8,CASE000787,chest_xray_triage,blind_first,1,blind_first_precommit
R001,8,CASE000788,chest_xray_triage,blind_first,1,blind_first_precommit
R001,8,CASE000789,chest_xray_triage,blind_first,1,blind_first_precommit
R001,8,CASE000790,chest_xray_triage,blind_first,1,ai_not_shown
R001,8,CASE000791,chest_xray_triage,blind_first,1,blind_first_precommit
R001,8,CASE000792,chest_xray_triage,blind_first,1,blind_first_precommit
R001,8,CASE000793,chest_xray_triage,blind_first,1,blind_first_precommit
R001,8,CASE000794,chest_xray_triage,blind_first,1,blind_first_precommit
R001,8,CASE000795,chest_xray_triage,blind_first,0,blind_first_precommit
R001,8,CASE000796,chest_xray_triage,blind_first,1,blind_first_precommit
R001,8,CASE000797,chest_xray_triage,blind_first,1,blind_first_precommit
R001,8,CASE000798,chest_xray_triage,blind_first,1,ai_not_shown
R001,8,CASE000799,chest_xray_triage,blind_first,0,blind_first_precommit
R001,8,CASE000800,chest_xray_triage,blind_first,1,ai_not_shown
R001,9,CASE000801,chest_xray_triage,blind_first,1,blind_first_precommit
R001,9,CASE000802,chest_xray_triage,blind_first,0,ai_not_shown
R001,9,CASE000803,chest_xray_triage,blind_first,1,blind_first_precommit
R001,9,CASE000804,chest_xray_triage,blind_first,1,blind_first_precommit
R001,9,CASE000805,chest_xray_triage,blind_first,1,blind_first_precommit
R001,9,CASE000806,chest_xray_triage,blind_first,0,blind_first_precommit
R001,9,CASE000807,chest_xray_triage,blind_first,1,blind_first_precommit
R001,9,CASE000808,chest_xray_triage,blind_first,1,blind_first_precommit
R001,9,CASE000809,chest_xray_triage,blind_first,1,blind_first_precommit
R001,9,CASE000810,chest_xray_triage,blind_first,1,blind_first_precommit
R001,9,CASE000811,chest_xray_triage,blind_first,1,blind_first_precommit
R001,9,CASE000812,chest_xray_triage,blind_first,1,blind_first_precommit
R001,9,CASE000813,chest_xray_triage,blind_first,1,blind_first_precommit
R001,9,CASE000814,chest_xray_triage,blind_first,1,blind_first_precommit
R001,9,CASE000815,chest_xray_triage,blind_first,1,blind_first_precommit
R001,9,CASE000816,chest_xray_triage,blind_first,1,blind_first_precommit
R001,9,CASE000817,chest_xray_triage,blind_first,1,blind_first_precommit
R001,9,CASE000818,chest_xray_triage,blind_first,0,blind_first_precommit
R001,9,CASE000819,chest_xray_triage,blind_first,1,ai_not_shown
R001,9,CASE000820,chest_xray_triage,blind_first,0,blind_first_precommit
R001,9,CASE000821,chest_xray_triage,blind_first,1,blind_first_precommit
R001,9,CASE000822,chest_xray_triage,blind_first,1,blind_first_precommit
R001,9,CASE000823,chest_xray_triage,blind_first,1,blind_first_precommit
R001,9,CASE000824,chest_xray_triage,blind_first,1,blind_first_precommit
R001,9,CASE000825,chest_xray_triage,blind_first,1,blind_first_precommit
R001,10,CASE000826,chest_xray_triage,blind_first,1,ai_not_shown
R001,10,CASE000827,chest_xray_triage,blind_first,0,blind_first_precommit
R001,10,CASE000828,chest_xray_triage,blind_first,1,blind_first_precommit
R001,10,CASE000829,chest_xray_triage,blind_first,1,blind_first_precommit
R001,10,CASE000830,chest_xray_triage,blind_first,1,blind_first_precommit
R001,10,CASE000831,chest_xray_triage,blind_first,1,blind_first_precommit
R001,10,CASE000832,chest_xray_triage,blind_first,1,ai_not_shown
R001,10,CASE000833,chest_xray_triage,blind_first,1,blind_first_precommit
R001,10,CASE000834,chest_xray_triage,blind_first,1,blind_first_precommit
R001,10,CASE000835,chest_xray_triage,blind_first,0,blind_first_precommit
R001,10,CASE000836,chest_xray_triage,blind_first,1,ai_not_shown
R001,10,CASE000837,chest_xray_triage,blind_first,1,blind_first_precommit
R001,10,CASE000838,chest_xray_triage,blind_first,0,blind_first_precommit
R001,10,CASE000839,chest_xray_triage,blind_first,1,ai_not_shown
R001,10,CASE000840,chest_xray_triage,blind_first,1,blind_first_precommit
R001,10,CASE000841,chest_xray_triage,blind_first,1,blind_first_precommit
R001,10,CASE000842,chest_xray_triage,blind_first,1,ai_not_shown
R001,10,CASE000843,chest_xray_triage,blind_first,1,blind_first_precommit
R001,10,CASE000844,chest_xray_triage,blind_first,1,blind_first_precommit
R001,10,CASE000845,chest_xray_triage,blind_first,1,blind_first_precommit
R001,10,CASE000846,chest_xray_triage,blind_first,1,blind_first_precommit
R001,10,CASE000847,chest_xray_triage,blind_first,1,blind_first_precommit
R001,10,CASE000848,chest_xray_triage,blind_first,1,blind_first_precommit
R001,10,CASE000849,chest_xray_triage,blind_first,1,blind_first_precommit
R001,10,CASE000850,chest_xray_triage,blind_first,1,blind_first_precommit
R001,11,CASE000851,chest_xray_triage,blind_first,0,blind_first_precommit
R001,11,CASE000852,chest_xray_triage,blind_first,1,blind_first_precommit
R001,11,CASE000853,chest_xray_triage,blind_first,1,blind_first_precommit
R001,11,CASE000854,chest_xray_triage,blind_first,1,blind_first_precommit
R001,11,CASE000855,chest_xray_triage,blind_first,1,blind_first_precommit
R001,11,CASE000856,chest_xray_triage,blind_first,1,blind_first_precommit
R001,11,CASE000857,chest_xray_triage,blind_first,1,blind_first_precommit
R001,11,CASE000858,chest_xray_triage,blind_first,1,blind_first_precommit
R001,11,CASE000859,chest_xray_triage,blind_first,1,blind_first_precommit
R001,11,CASE000860,chest_xray_triage,blind_first,1,blind_first_precommit
R001,11,CASE000861,chest_xray_triage,blind_first,1,blind_first_precommit
R001,11,CASE000862,chest_xray_triage,blind_first,1,blind_first_precommit
R001,11,CASE000863,chest_xray_triage,blind_first,1,blind_first_precommit
R001,11,CASE000864,chest_xray_triage,blind_first,1,blind_first_precommit
R001,11,CASE000865,chest_xray_triage,blind_first,1,blind_first_precommit
R001,11,CASE000866,chest_xray_triage,blind_first,1,blind_first_precommit
R001,11,CASE000867,chest_xray_triage,blind_first,1,ai_not_shown
R001,11,CASE000868,chest_xray_triage,blind_first,1,blind_first_precommit
R001,11,CASE000869,chest_xray_triage,blind_first,1,blind_first_precommit
R001,11,CASE000870,chest_xray_triage,blind_first,1,blind_first_precommit
R001,11,CASE000871,chest_xray_triage,blind_first,1,ai_not_shown
R001,11,CASE000872,chest_xray_triage,blind_first,1,blind_first_precommit
R001,11,CASE000873,chest_xray_triage,blind_first,1,blind_first_precommit
R001,11,CASE000874,chest_xray_triage,blind_first,0,blind_first_precommit
R001,11,CASE000875,chest_xray_triage,blind_first,1,blind_first_precommit
R001,12,CASE000876,chest_xray_triage,blind_first,1,blind_first_precommit
R001,12,CASE000877,chest_xray_triage,blind_first,1,blind_first_precommit
R001,12,CASE000878,chest_xray_triage,blind_first,0,blind_first_precommit
R001,12,CASE000879,chest_xray_triage,blind_first,1,blind_first_precommit
R001,12,CASE000880,chest_xray_triage,blind_first,1,blind_first_precommit
R001,12,CASE000881,chest_xray_triage,blind_first,1,blind_first_precommit
R001,12,CASE000882,chest_xray_triage,blind_first,1,blind_first_precommit
R001,12,CASE000883,chest_xray_triage,blind_first,1,blind_first_precommit
R001,12,CASE000884,chest_xray_triage,blind_first,1,blind_first_precommit
R001,12,CASE000885,chest_xray_triage,blind_first,0,blind_first_precommit
R001,12,CASE000886,chest_xray_triage,blind_first,1,blind_first_precommit
R001,12,CASE000887,chest_xray_triage,blind_first,1,blind_first_precommit
R001,12,CASE000888,chest_xray_triage,blind_first,1,blind_first_precommit
R001,12,CASE000889,chest_xray_triage,blind_first,1,blind_first_precommit
R001,12,CASE000890,chest_xray_triage,blind_first,1,blind_first_precommit
R001,12,CASE000891,chest_xray_triage,blind_first,0,blind_first_precommit
R001,12,CASE000892,chest_xray_triage,blind_first,1,blind_first_precommit
R001,12,CASE000893,chest_xray_triage,blind_first,1,blind_first_precommit
R001,12,CASE000894,chest_xray_triage,blind_first,1,blind_first_precommit
R001,12,CASE000895,chest_xray_triage,blind_first,1,blind_first_precommit
R001,12,CASE000896,chest_xray_triage,blind_first,1,blind_first_precommit
R001,12,CASE000897,chest_xray_triage,blind_first,1,blind_first_precommit
R001,12,CASE000898,chest_xray_triage,blind_first,1,blind_first_precommit
R001,12,CASE000899,chest_xray_triage,blind_first,1,blind_first_precommit
R001,12,CASE000900,chest_xray_triage,blind_first,1,blind_first_precommit
R001,13,CASE000901,chest_xray_triage,blind_first,1,blind_first_precommit
R001,13,CASE000902,chest_xray_triage,blind_first,1,blind_first_precommit
R001,13,CASE000903,chest_xray_triage,blind_first,1,blind_first_precommit
R001,13,CASE000904,chest_xray_triage,blind_first,1,blind_first_precommit
R001,13,CASE000905,chest_xray_triage,blind_first,1,blind_first_precommit
R001,13,CASE000906,chest_xray_triage,blind_first,0,blind_first_precommit
R001,13,CASE000907,chest_xray_triage,blind_first,1,blind_first_precommit
R001,13,CASE000908,chest_xray_triage,blind_first,0,blind_first_precommit
R001,13,CASE000909,chest_xray_triage,blind_first,1,blind_first_precommit
R001,13,CASE000910,chest_xray_triage,blind_first,1,blind_first_precommit
R001,13,CASE000911,chest_xray_triage,blind_first,1,blind_first_precommit
R001,13,CASE000912,chest_xray_triage,blind_first,1,blind_first_precommit
R001,13,CASE000913,chest_xray_triage,blind_first,1,blind_first_precommit
R001,13,CASE000914,chest_xray_triage,blind_first,1,blind_first_precommit
R001,13,CASE000915,chest_xray_triage,blind_first,1,blind_first_precommit
R001,13,CASE000916,chest_xray_triage,blind_first,1,blind_first_precommit
R001,13,CASE000917,chest_xray_triage,blind_first,1,blind_first_precommit
R001,13,CASE000918,chest_xray_triage,blind_first,1,blind_first_precommit
R001,13,CASE000919,chest_xray_triage,blind_first,1,blind_first_precommit
R001,13,CASE000920,chest_xray_triage,blind_first,1,blind_first_precommit
R001,13,CASE000921,chest_xray_triage,blind_first,1,blind_first_precommit
R001,13,CASE000922,chest_xray_triage,blind_first,1,blind_first_precommit
R001,13,CASE000923,chest_xray_triage,blind_first,1,blind_first_precommit
R001,13,CASE000924,chest_xray_triage,blind_first,0,ai_not_shown
R001,13,CASE000925,chest_xray_triage,blind_first,1,blind_first_precommit
R001,14,CASE000926,chest_xray_triage,blind_first,1,blind_first_precommit
R001,14,CASE000927,chest_xray_triage,blind_first,1,blind_first_precommit
R001,14,CASE000928,chest_xray_triage,blind_first,1,blind_first_precommit
R001,14,CASE000929,chest_xray_triage,blind_first,1,ai_not_shown
R001,14,CASE000930,chest_xray_triage,blind_first,1,blind_first_precommit
R001,14,CASE000931,chest_xray_triage,blind_first,1,blind_first_precommit
R001,14,CASE000932,chest_xray_triage,blind_first,1,ai_not_shown
R001,14,CASE000933,chest_xray_triage,blind_first,1,blind_first_precommit
R001,14,CASE000934,chest_xray_triage,blind_first,1,blind_first_precommit
R001,14,CASE000935,chest_xray_triage,blind_first,1,blind_first_precommit
R001,14,CASE000936,chest_xray_triage,blind_first,1,blind_first_precommit
R001,14,CASE000937,chest_xray_triage,blind_first,1,blind_first_precommit
R001,14,CASE000938,chest_xray_triage,blind_first,1,blind_first_precommit
R001,14,CASE000939,chest_xray_triage,blind_first,1,blind_first_precommit
R001,14,CASE000940,chest_xray_triage,blind_first,1,blind_first_precommit
R001,14,CASE000941,chest_xray_triage,blind_first,1,blind_first_precommit
R001,14,CASE000942,chest_xray_triage,blind_first,1,blind_first_precommit
R001,14,CASE000943,chest_xray_triage,blind_first,1,blind_first_precommit
R001,14,CASE000944,chest_xray_triage,blind_first,1,blind_first_precommit
R001,14,CASE000945,chest_xray_triage,blind_first,1,blind_first_precommit
R001,14,CASE000946,chest_xray_triage,blind_first,1,blind_first_precommit
R001,14,CASE000947,chest_xray_triage,blind_first,1,blind_first_precommit
R001,14,CASE000948,chest_xray_triage,blind_first,1,blind_first_precommit
R001,14,CASE000949,chest_xray_triage,blind_first,1,blind_first_precommit
R001,14,CASE000950,chest_xray_triage,blind_first,1,ai_not_shown
R001,15,CASE000951,chest_xray_triage,blind_first,1,blind_first_precommit
R001,15,CASE000952,chest_xray_triage,blind_first,1,blind_first_precommit
R001,15,CASE000953,chest_xray_triage,blind_first,1,blind_first_precommit
R001,15,CASE000954,chest_xray_triage,blind_first,1,blind_first_precommit
R001,15,CASE000955,chest_xray_triage,blind_first,1,blind_first_precommit
R001,15,CASE000956,chest_xray_triage,blind_first,0,ai_not_shown
R001,15,CASE000957,chest_xray_triage,blind_first,1,blind_first_precommit
R001,15,CASE000958,chest_xray_triage,blind_first,1,blind_first_precommit
R001,15,CASE000959,chest_xray_triage,blind_first,1,ai_not_shown
R001,15,CASE000960,chest_xray_triage,blind_first,1,blind_first_precommit
R001,15,CASE000961,chest_xray_triage,blind_first,1,blind_first_precommit
R001,15,CASE000962,chest_xray_triage,blind_first,1,blind_first_precommit
R001,15,CASE000963,chest_xray_triage,blind_first,1,blind_first_precommit
R001,15,CASE000964,chest_xray_triage,blind_first,1,blind_first_precommit
R001,15,CASE000965,chest_xray_triage,blind_first,0,blind_first_precommit
R001,15,CASE000966,chest_xray_triage,blind_first,1,blind_first_precommit
R001,15,CASE000967,chest_xray_triage,blind_first,1,blind_first_precommit
R001,15,CASE000968,chest_xray_triage,blind_first,1,blind_first_precommit
R001,15,CASE000969,chest_xray_triage,blind_first,1,blind_first_precommit
R001,15,CASE000970,chest_xray_triage,blind_first,1,blind_first_precommit
R001,15,CASE000971,chest_xray_triage,blind_first,1,blind_first_precommit
R001,15,CASE000972,chest_xray_triage,blind_first,1,blind_first_precommit
R001,15,CASE000973,chest_xray_triage,blind_first,1,blind_first_precommit
R001,15,CASE000974,chest_xray_triage,blind_first,1,blind_first_precommit
R001,15,CASE000975,chest_xray_triage,blind_first,0,blind_first_precommit
R001,16,CASE000976,chest_xray_triage,blind_first,1,blind_first_precommit
R001,16,CASE000977,chest_xray_triage,blind_first,1,blind_first_precommit
R001,16,CASE000978,chest_xray_triage,blind_first,1,blind_first_precommit
R001,16,CASE000979,chest_xray_triage,blind_first,1,blind_first_precommit
R001,16,CASE000980,chest_xray_triage,blind_first,1,blind_first_precommit
R001,16,CASE000981,chest_xray_triage,blind_first,0,blind_first_precommit
R001,16,CASE000982,chest_xray_triage,blind_first,1,blind_first_precommit
R001,16,CASE000983,chest_xray_triage,blind_first,1,blind_first_precommit
R001,16,CASE000984,chest_xray_triage,blind_first,1,blind_first_precommit
R001,16,CASE000985,chest_xray_triage,blind_first,1,blind_first_precommit
R001,16,CASE000986,chest_xray_triage,blind_first,1,blind_first_precommit
R001,16,CASE000987,chest_xray_triage,blind_first,1,blind_first_precommit
R001,16,CASE000988,chest_xray_triage,blind_first,1,blind_first_precommit
R001,16,CASE000989,chest_xray_triage,blind_first,1,blind_first_precommit
R001,16,CASE000990,chest_xray_triage,blind_first,1,blind_first_precommit
R001,16,CASE000991,chest_xray_triage,blind_first,1,blind_first_precommit
R001,16,CASE000992,chest_xray_triage,blind_first,0,ai_not_shown
R001,16,CASE000993,chest_xray_triage,blind_first,1,blind_first_precommit
R001,16,CASE000994,chest_xray_triage,blind_first,1,blind_first_precommit
R001,16,CASE000995,chest_xray_triage,blind_first,1,blind_first_precommit
R001,16,CASE000996,chest_xray_triage,blind_first,1,blind_first_precommit
R001,16,CASE000997,chest_xray_triage,blind_first,1,blind_first_precommit
R001,16,CASE000998,chest_xray_triage,blind_first,1,blind_first_precommit
R001,16,CASE000999,chest_xray_triage,blind_first,1,blind_first_precommit
R001,16,CASE001000,chest_xray_triage,blind_first,0,blind_first_precommit
R001,17,CASE001001,chest_xray_triage,blind_first,1,blind_first_precommit
R001,17,CASE001002,chest_xray_triage,blind_first,1,blind_first_precommit
R001,17,CASE001003,chest_xray_triage,blind_first,1,blind_first_precommit
R001,17,CASE001004,chest_xray_triage,blind_first,1,blind_first_precommit
R001,17,CASE001005,chest_xray_triage,blind_first,1,blind_first_precommit
R001,17,CASE001006,chest_xray_triage,blind_first,1,blind_first_precommit
R001,17,CASE001007,chest_xray_triage,blind_first,1,blind_first_precommit
R001,17,CASE001008,chest_xray_triage,blind_first,1,blind_first_precommit
R001,17,CASE001009,chest_xray_triage,blind_first,1,blind_first_precommit
R001,17,CASE001010,chest_xray_triage,blind_first,1,blind_first_precommit
R001,17,CASE001011,chest_xray_triage,blind_first,1,blind_first_precommit
R001,17,CASE001012,chest_xray_triage,blind_first,1,blind_first_precommit
R001,17,CASE001013,chest_xray_triage,blind_first,1,blind_first_precommit
R001,17,CASE001014,chest_xray_triage,blind_first,1,blind_first_precommit
R001,17,CASE001015,chest_xray_triage,blind_first,1,blind_first_precommit
R001,17,CASE001016,chest_xray_triage,blind_first,1,blind_first_precommit
R001,17,CASE001017,chest_xray_triage,blind_first,1,blind_first_precommit
R001,17,CASE001018,chest_xray_triage,blind_first,1,blind_first_precommit
R001,17,CASE001019,chest_xray_triage,blind_first,1,blind_first_precommit
R001,17,CASE001020,chest_xray_triage,blind_first,1,blind_first_precommit
R001,17,CASE001021,chest_xray_triage,blind_first,1,blind_first_precommit
R001,17,CASE001022,chest_xray_triage,blind_first,1,blind_first_precommit
R001,17,CASE001023,chest_xray_triage,blind_first,1,blind_first_precommit
R001,17,CASE001024,chest_xray_triage,blind_first,1,blind_first_precommit
R001,17,CASE001025,chest_xray_triage,blind_first,0,blind_first_precommit
R001,18,CASE001026,chest_xray_triage,blind_first,1,blind_first_precommit
R001,18,CASE001027,chest_xray_triage,blind_first,1,blind_first_precommit
R001,18,CASE001028,chest_xray_triage,blind_first,1,blind_first_precommit
R001,18,CASE001029,chest_xray_triage,blind_first,1,blind_first_precommit
R001,18,CASE001030,chest_xray_triage,blind_first,1,blind_first_precommit
R001,18,CASE001031,chest_xray_triage,blind_first,1,blind_first_precommit
R001,18,CASE001032,chest_xray_triage,blind_first,1,blind_first_precommit
R001,18,CASE001033,chest_xray_triage,blind_first,1,ai_not_shown
R001,18,CASE001034,chest_xray_triage,blind_first,1,blind_first_precommit
R001,18,CASE001035,chest_xray_triage,blind_first,1,blind_first_precommit
R001,18,CASE001036,chest_xray_triage,blind_first,0,blind_first_precommit
R001,18,CASE001037,chest_xray_triage,blind_first,1,blind_first_precommit
R001,18,CASE001038,chest_xray_triage,blind_first,1,blind_first_precommit
R001,18,CASE001039,chest_xray_triage,blind_first,1,blind_first_precommit
R001,18,CASE001040,chest_xray_triage,blind_first,1,blind_first_precommit
R001,18,CASE001041,chest_xray_triage,blind_first,1,blind_first_precommit
R001,18,CASE001042,chest_xray_triage,blind_first,1,blind_first_precommit
R001,18,CASE001043,chest_xray_triage,blind_first,1,blind_first_precommit
R001,18,CASE001044,chest_xray_triage,blind_first,1,blind_first_precommit
R001,18,CASE001045,chest_xray_triage,blind_first,1,blind_first_precommit
R001,18,CASE001046,chest_xray_triage,blind_first,1,blind_first_precommit
R001,18,CASE001047,chest_xray_triage,blind_first,1,blind_first_precommit
R001,18,CASE001048,chest_xray_triage,blind_first,1,blind_first_precommit
R001,18,CASE001049,chest_xray_triage,blind_first,1,blind_first_precommit
R001,18,CASE001050,chest_xray_triage,blind_first,1,blind_first_precommit
R001,19,CASE001051,chest_xray_triage,blind_first,1,blind_first_precommit
R001,19,CASE001052,chest_xray_triage,blind_first,1,blind_first_precommit
R001,19,CASE001053,chest_xray_triage,blind_first,1,blind_first_precommit
R001,19,CASE001054,chest_xray_triage,blind_first,1,blind_first_precommit
R001,19,CASE001055,chest_xray_triage,blind_first,1,blind_first_precommit
R001,19,CASE001056,chest_xray_triage,blind_first,1,ai_not_shown
R001,19,CASE001057,chest_xray_triage,blind_first,1,blind_first_precommit
R001,19,CASE001058,chest_xray_triage,blind_first,1,blind_first_precommit
R001,19,CASE001059,chest_xray_triage,blind_first,1,blind_first_precommit
R001,19,CASE001060,chest_xray_triage,blind_first,1,blind_first_precommit
R001,19,CASE001061,chest_xray_triage,blind_first,0,blind_first_precommit
R001,19,CASE001062,chest_xray_triage,blind_first,1,blind_first_precommit
R001,19,CASE001063,chest_xray_triage,blind_first,1,blind_first_precommit
R001,19,CASE001064,chest_xray_triage,blind_first,1,blind_first_precommit
R001,19,CASE001065,chest_xray_triage,blind_first,1,blind_first_precommit
R001,19,CASE001066,chest_xray_triage,blind_first,1,blind_first_precommit
R001,19,CASE001067,chest_xray_triage,blind_first,1,blind_first_precommit
R001,19,CASE001068,chest_xray_triage,blind_first,0,blind_first_precommit
R001,19,CASE001069,chest_xray_triage,blind_first,1,blind_first_precommit
R001,19,CASE001070,chest_xray_triage,blind_first,1,blind_first_precommit
R001,19,CASE001071,chest_xray_triage,blind_first,1,blind_first_precommit
R001,19,CASE001072,chest_xray_triage,blind_first,1,blind_first_precommit
R001,19,CASE001073,chest_xray_triage,blind_first,1,blind_first_precommit
R001,19,CASE001074,chest_xray_triage,blind_first,1,blind_first_precommit
R001,19,CASE001075,chest_xray_triage,blind_first,1,blind_first_precommit
R001,20,CASE001076,chest_xray_triage,blind_first,1,blind_first_precommit
R001,20,CASE001077,chest_xray_triage,blind_first,1,blind_first_precommit
R001,20,CASE001078,chest_xray_triage,blind_first,1,blind_first_precommit
R001,20,CASE001079,chest_xray_triage,blind_first,0,blind_first_precommit
R001,20,CASE001080,chest_xray_triage,blind_first,1,blind_first_precommit
R001,20,CASE001081,chest_xray_triage,blind_first,1,blind_first_precommit
R001,20,CASE001082,chest_xray_triage,blind_first,1,blind_first_precommit
R001,20,CASE001083,chest_xray_triage,blind_first,1,blind_first_precommit
R001,20,CASE001084,chest_xray_triage,blind_first,1,ai_not_shown
R001,20,CASE001085,chest_xray_triage,blind_first,1,blind_first_precommit
R001,20,CASE001086,chest_xray_triage,blind_first,1,blind_first_precommit
R001,20,CASE001087,chest_xray_triage,blind_first,1,blind_first_precommit
R001,20,CASE001088,chest_xray_triage,blind_first,1,blind_first_precommit
R001,20,CASE001089,chest_xray_triage,blind_first,1,blind_first_precommit
R001,20,CASE001090,chest_xray_triage,blind_first,1,blind_first_precommit
R001,20,CASE001091,chest_xray_triage,blind_first,1,blind_first_precommit
R001,20,CASE001092,chest_xray_triage,blind_first,1,blind_first_precommit
R001,20,CASE001093,chest_xray_triage,blind_first,1,blind_first_precommit
R001,20,CASE001094,chest_xray_triage,blind_first,1,blind_first_precommit
R001,20,CASE001095,chest_xray_triage,blind_first,1,blind_first_precommit
R001,20,CASE001096,chest_xray_triage,blind_first,1,blind_first_precommit
R001,20,CASE001097,chest_xray_triage,blind_first,1,blind_first_precommit
R001,20,CASE001098,chest_xray_triage,blind_first,1,blind_first_precommit
R001,20,CASE001099,chest_xray_triage,blind_first,1,blind_first_precommit
R001,20,CASE001100,chest_xray_triage,blind_first,1,blind_first_precommit
R001,21,CASE001101,chest_xray_triage,blind_first,1,blind_first_precommit
R001,21,CASE001102,chest_xray_triage,blind_first,1,blind_first_precommit
R001,21,CASE001103,chest_xray_triage,blind_first,1,blind_first_precommit
R001,21,CASE001104,chest_xray_triage,blind_first,1,blind_first_precommit
R001,21,CASE001105,chest_xray_triage,blind_first,1,blind_first_precommit
R001,21,CASE001106,chest_xray_triage,blind_first,1,blind_first_precommit
R001,21,CASE001107,chest_xray_triage,blind_first,1,blind_first_precommit
R001,21,CASE001108,chest_xray_triage,blind_first,1,blind_first_precommit
R001,21,CASE001109,chest_xray_triage,blind_first,1,blind_first_precommit
R001,21,CASE001110,chest_xray_triage,blind_first,1,blind_first_precommit
R001,21,CASE001111,chest_xray_triage,blind_first,1,blind_first_precommit
R001,21,CASE001112,chest_xray_triage,blind_first,1,blind_first_precommit
R001,21,CASE001113,chest_xray_triage,blind_first,1,blind_first_precommit
R001,21,CASE001114,chest_xray_triage,blind_first,1,blind_first_precommit
R001,21,CASE001115,chest_xray_triage,blind_first,1,blind_first_precommit
R001,21,CASE001116,chest_xray_triage,blind_first,1,blind_first_precommit
R001,21,CASE001117,chest_xray_triage,blind_first,1,blind_first_precommit
R001,21,CASE001118,chest_xray_triage,blind_first,1,blind_first_precommit
R001,21,CASE001119,chest_xray_triage,blind_first,1,blind_first_precommit
R001,21,CASE001120,chest_xray_triage,blind_first,1,blind_first_precommit
R001,21,CASE001121,chest_xray_triage,blind_first,1,blind_first_precommit
R001,21,CASE001122,chest_xray_triage,blind_first,1,blind_first_precommit
R001,21,CASE001123,chest_xray_triage,blind_first,1,blind_first_precommit
R001,21,CASE001124,chest_xray_triage,blind_first,1,blind_first_precommit
R001,21,CASE001125,chest_xray_triage,blind_first,0,ai_not_shown
R001,22,CASE001126,chest_xray_triage,blind_first,1,blind_first_precommit
R001,22,CASE001127,chest_xray_triage,blind_first,1,ai_not_shown
R001,22,CASE001128,chest_xray_triage,blind_first,1,blind_first_precommit
R001,22,CASE001129,chest_xray_triage,blind_first,1,blind_first_precommit
R001,22,CASE001130,chest_xray_triage,blind_first,1,blind_first_precommit
R001,22,CASE001131,chest_xray_triage,blind_first,1,blind_first_precommit
R001,22,CASE001132,chest_xray_triage,blind_first,1,blind_first_precommit
R001,22,CASE001133,chest_xray_triage,blind_first,0,blind_first_precommit
R001,22,CASE001134,chest_xray_triage,blind_first,1,blind_first_precommit
R001,22,CASE001135,chest_xray_triage,blind_first,1,blind_first_precommit
R001,22,CASE001136,chest_xray_triage,blind_first,1,ai_not_shown
R001,22,CASE001137,chest_xray_triage,blind_first,1,blind_first_precommit
R001,22,CASE001138,chest_xray_triage,blind_first,1,blind_first_precommit
R001,22,CASE001139,chest_xray_triage,blind_first,1,blind_first_precommit
R001,22,CASE001140,chest_xray_triage,blind_first,1,blind_first_precommit
R001,22,CASE001141,chest_xray_triage,blind_first,0,blind_first_precommit
R001,22,CASE001142,chest_xray_triage,blind_first,1,blind_first_precommit
R001,22,CASE001143,chest_xray_triage,blind_first,1,blind_first_precommit
R001,22,CASE001144,chest_xray_triage,blind_first,1,blind_first_precommit
R001,22,CASE001145,chest_xray_triage,blind_first,1,blind_first_precommit
R001,22,CASE001146,chest_xray_triage,blind_first,1,blind_first_precommit
R001,22,CASE001147,chest_xray_triage,blind_first,0,blind_first_precommit
R001,22,CASE001148,chest_xray_triage,blind_first,0,blind_first_precommit
R001,22,CASE001149,chest_xray_triage,blind_first,1,blind_first_precommit
R001,22,CASE001150,chest_xray_triage,blind_first,1,blind_first_precommit
R001,23,CASE001151,chest_xray_triage,blind_first,1,blind_first_precommit
R001,23,CASE001152,chest_xray_triage,blind_first,1,blind_first_precommit
R001,23,CASE001153,chest_xray_triage,blind_first,1,blind_first_precommit
R001,23,CASE001154,chest_xray_triage,blind_first,1,blind_first_precommit
R001,23,CASE001155,chest_xray_triage,blind_first,1,blind_first_precommit
R001,23,CASE001156,chest_xray_triage,blind_first,1,blind_first_precommit
R001,23,CASE001157,chest_xray_triage,blind_first,1,blind_first_precommit
R001,23,CASE001158,chest_xray_triage,blind_first,1,blind_first_precommit
R001,23,CASE001159,chest_xray_triage,blind_first,1,blind_first_precommit
R001,23,CASE001160,chest_xray_triage,blind_first,1,blind_first_precommit
R001,23,CASE001161,chest_xray_triage,blind_first,1,blind_first_precommit
R001,23,CASE001162,chest_xray_triage,blind_first,1,blind_first_precommit
R001,23,CASE001163,chest_xray_triage,blind_first,1,blind_first_precommit
R001,23,CASE001164,chest_xray_triage,blind_first,1,blind_first_precommit
R001,23,CASE001165,chest_xray_triage,blind_first,1,blind_first_precommit
R001,23,CASE001166,chest_xray_triage,blind_first,1,blind_first_precommit
R001,23,CASE001167,chest_xray_triage,blind_first,1,blind_first_precommit
R001,23,CASE001168,chest_xray_triage,blind_first,1,blind_first_precommit
R001,23,CASE001169,chest_xray_triage,blind_first,1,blind_first_precommit
R001,23,CASE001170,chest_xray_triage,blind_first,1,blind_first_precommit
R001,23,CASE001171,chest_xray_triage,blind_first,1,blind_first_precommit
R001,23,CASE001172,chest_xray_triage,blind_first,1,blind_first_precommit
R001,23,CASE001173,chest_xray_triage,blind_first,1,blind_first_precommit
R001,23,CASE001174,chest_xray_triage,blind_first,1,blind_first_precommit
R001,23,CASE001175,chest_xray_triage,blind_first,1,blind_first_precommit
R001,24,CASE001176,chest_xray_triage,blind_first,1,blind_first_precommit
R001,24,CASE001177,chest_xray_triage,blind_first,0,ai_not_shown
R001,24,CASE001178,chest_xray_triage,blind_first,1,blind_first_precommit
R001,24,CASE001179,chest_xray_triage,blind_first,1,ai_not_shown
R001,24,CASE001180,chest_xray_triage,blind_first,1,blind_first_precommit
R001,24,CASE001181,chest_xray_triage,blind_first,1,blind_first_precommit
R001,24,CASE001182,chest_xray_triage,blind_first,1,blind_first_precommit
R001,24,CASE001183,chest_xray_triage,blind_first,1,ai_not_shown
R001,24,CASE001184,chest_xray_triage,blind_first,1,blind_first_precommit
R001,24,CASE001185,chest_xray_triage,blind_first,1,ai_not_shown
R001,24,CASE001186,chest_xray_triage,blind_first,1,blind_first_precommit
R001,24,CASE001187,chest_xray_triage,blind_first,1,blind_first_precommit
R001,24,CASE001188,chest_xray_triage,blind_first,1,blind_first_precommit
R001,24,CASE001189,chest_xray_triage,blind_first,1,blind_first_precommit
R001,24,CASE001190,chest_xray_triage,blind_first,1,blind_first_precommit
R001,24,CASE001191,chest_xray_triage,blind_first,0,blind_first_precommit
R001,24,CASE001192,chest_xray_triage,blind_first,0,blind_first_precommit
R001,24,CASE001193,chest_xray_triage,blind_first,1,blind_first_precommit
R001,24,CASE001194,chest_xray_triage,blind_first,1,blind_first_precommit
R001,24,CASE001195,chest_xray_triage,blind_first,1,blind_first_precommit
R001,24,CASE001196,chest_xray_triage,blind_first,1,blind_first_precommit
R001,24,CASE001197,chest_xray_triage,blind_first,1,blind_first_precommit
R001,24,CASE001198,chest_xray_triage,blind_first,1,blind_first_precommit
R001,24,CASE001199,chest_xray_triage,blind_first,1,blind_first_precommit
R001,24,CASE001200,chest_xray_triage,blind_first,1,blind_first_precommit
R002,1,CASE001214,chest_xray_triage,withheld_ai,1,ai_not_shown
R002,1,CASE001216,chest_xray_triage,withheld_ai,1,ai_not_shown
R002,1,CASE001218,chest_xray_triage,withheld_ai,1,ai_not_shown
R002,2,CASE001228,chest_xray_triage,withheld_ai,0,ai_not_shown
R002,2,CASE001231,chest_xray_triage,withheld_ai,1,ai_not_shown
R002,2,CASE001238,chest_xray_triage,withheld_ai,1,ai_not_shown
R002,2,CASE001240,chest_xray_triage,withheld_ai,0,ai_not_shown
R002,2,CASE001249,chest_xray_triage,withheld_ai,1,ai_not_shown
R002,3,CASE001261,chest_xray_triage,withheld_ai,1,ai_not_shown
R002,3,CASE001265,chest_xray_triage,withheld_ai,1,ai_not_shown
R002,3,CASE001272,chest_xray_triage,withheld_ai,1,ai_not_shown
R002,4,CASE001281,chest_xray_triage,withheld_ai,1,ai_not_shown
R002,4,CASE001292,chest_xray_triage,withheld_ai,1,ai_not_shown
R002,4,CASE001294,chest_xray_triage,withheld_ai,1,ai_not_shown
R002,4,CASE001296,chest_xray_triage,withheld_ai,1,ai_not_shown
R002,5,CASE001301,chest_xray_triage,withheld_ai,1,ai_not_shown
R002,5,CASE001302,chest_xray_triage,withheld_ai,1,ai_not_shown
R002,5,CASE001307,chest_xray_triage,withheld_ai,1,ai_not_shown
R002,5,CASE001319,chest_xray_triage,withheld_ai,1,ai_not_shown
R002,6,CASE001331,chest_xray_triage,withheld_ai,0,ai_not_shown
R002,6,CASE001337,chest_xray_triage,withheld_ai,1,ai_not_shown
R002,6,CASE001339,chest_xray_triage,withheld_ai,1,ai_not_shown
R002,6,CASE001344,chest_xray_triage,withheld_ai,1,ai_not_shown
R002,7,CASE001352,chest_xray_triage,withheld_ai,1,ai_not_shown
R002,7,CASE001365,chest_xray_triage,withheld_ai,1,ai_not_shown
R002,7,CASE001370,chest_xray_triage,withheld_ai,0,ai_not_shown
R002,8,CASE001379,chest_xray_triage,withheld_ai,0,ai_not_shown
R002,8,CASE001382,chest_xray_triage,withheld_ai,1,ai_not_shown
R002,8,CASE001387,chest_xray_triage,withheld_ai,1,ai_not_shown
R002,8,CASE001388,chest_xray_triage,withheld_ai,1,ai_not_shown
R002,8,CASE001397,chest_xray_triage,withheld_ai,1,ai_not_shown
R002,9,CASE001407,chest_xray_triage,withheld_ai,1,ai_not_shown
R002,9,CASE001418,chest_xray_triage,withheld_ai,1,ai_not_shown
R002,9,CASE001419,chest_xray_triage,withheld_ai,0,ai_not_shown
R002,9,CASE001424,chest_xray_triage,withheld_ai,0,ai_not_shown
R002,9,CASE001425,chest_xray_triage,withheld_ai,0,ai_not_shown
R002,10,CASE001429,chest_xray_triage,withheld_ai,1,ai_not_shown
R002,10,CASE001431,chest_xray_triage,withheld_ai,1,ai_not_shown
R002,10,CASE001436,chest_xray_triage,withheld_ai,1,ai_not_shown
R002,11,CASE001452,chest_xray_triage,withheld_ai,0,ai_not_shown
R002,11,CASE001454,chest_xray_triage,withheld_ai,1,ai_not_shown
R002,11,CASE001465,chest_xray_triage,withheld_ai,0,ai_not_shown
R002,11,CASE001470,chest_xray_triage,withheld_ai,0,ai_not_shown
R002,11,CASE001471,chest_xray_triage,withheld_ai,0,ai_not_shown
R002,12,CASE001478,chest_xray_triage,withheld_ai,1,ai_not_shown
R002,12,CASE001482,chest_xray_triage,withheld_ai,0,ai_not_shown
R002,12,CASE001493,chest_xray_triage,withheld_ai,1,ai_not_shown
R002,13,CASE001502,chest_xray_triage,withheld_ai,1,ai_not_shown
R002,13,CASE001505,chest_xray_triage,withheld_ai,1,ai_not_shown
R002,13,CASE001520,chest_xray_triage,withheld_ai,1,ai_not_shown
R002,13,CASE001522,chest_xray_triage,withheld_ai,1,ai_not_shown
R002,14,CASE001526,chest_xray_triage,withheld_ai,1,ai_not_shown
R002,14,CASE001531,chest_xray_triage,withheld_ai,1,ai_not_shown
R002,14,CASE001547,chest_xray_triage,withheld_ai,0,ai_not_shown
R002,15,CASE001554,chest_xray_triage,withheld_ai,1,ai_not_shown
R002,15,CASE001565,chest_xray_triage,withheld_ai,0,ai_not_shown
R002,15,CASE001566,chest_xray_triage,withheld_ai,1,ai_not_shown
R002,15,CASE001568,chest_xray_triage,withheld_ai,1,ai_not_shown
R002,15,CASE001569,chest_xray_triage,withheld_ai,1,ai_not_shown
R002,16,CASE001582,chest_xray_triage,withheld_ai,1,ai_not_shown
R002,16,CASE001583,chest_xray_triage,withheld_ai,1,ai_not_shown
R002,16,CASE001585,chest_xray_triage,withheld_ai,1,ai_not_shown
R002,16,CASE001586,chest_xray_triage,withheld_ai,1,ai_not_shown
R002,16,CASE001588,chest_xray_triage,withheld_ai,1,ai_not_shown
R002,16,CASE001592,chest_xray_triage,withheld_ai,1,ai_not_shown
R002,16,CASE001595,chest_xray_triage,withheld_ai,1,ai_not_shown
R002,17,CASE001611,chest_xray_triage,withheld_ai,1,ai_not_shown
R002,17,CASE001615,chest_xray_triage,withheld_ai,1,ai_not_shown
R002,18,CASE001626,chest_xray_triage,withheld_ai,1,ai_not_shown
R002,18,CASE001638,chest_xray_triage,withheld_ai,1,ai_not_shown
R002,18,CASE001644,chest_xray_triage,withheld_ai,1,ai_not_shown
R002,18,CASE001646,chest_xray_triage,withheld_ai,1,ai_not_shown
R002,18,CASE001647,chest_xray_triage,withheld_ai,0,ai_not_shown
R002,19,CASE001652,chest_xray_triage,withheld_ai,1,ai_not_shown
R002,19,CASE001656,chest_xray_triage,withheld_ai,1,ai_not_shown
R002,19,CASE001667,chest_xray_triage,withheld_ai,1,ai_not_shown
R002,19,CASE001668,chest_xray_triage,withheld_ai,1,ai_not_shown
R002,19,CASE001673,chest_xray_triage,withheld_ai,1,ai_not_shown
R002,19,CASE001674,chest_xray_triage,withheld_ai,0,ai_not_shown
R002,20,CASE001681,chest_xray_triage,withheld_ai,1,ai_not_shown
R002,20,CASE001691,chest_xray_triage,withheld_ai,0,ai_not_shown
R002,20,CASE001692,chest_xray_triage,withheld_ai,1,ai_not_shown
R002,20,CASE001699,chest_xray_triage,withheld_ai,1,ai_not_shown
R002,21,CASE001705,chest_xray_triage,withheld_ai,0,ai_not_shown
R002,21,CASE001710,chest_xray_triage,withheld_ai,1,ai_not_shown
R002,21,CASE001711,chest_xray_triage,withheld_ai,0,ai_not_shown
R002,21,CASE001718,chest_xray_triage,withheld_ai,1,ai_not_shown
R002,21,CASE001719,chest_xray_triage,withheld_ai,1,ai_not_shown
R002,21,CASE001722,chest_xray_triage,withheld_ai,0,ai_not_shown
R002,22,CASE001736,chest_xray_triage,withheld_ai,1,ai_not_shown
R002,22,CASE001740,chest_xray_triage,withheld_ai,1,ai_not_shown
R002,22,CASE001743,chest_xray_triage,withheld_ai,1,ai_not_shown
R002,22,CASE001748,chest_xray_triage,withheld_ai,1,ai_not_shown
R002,22,CASE001749,chest_xray_triage,withheld_ai,1,ai_not_shown
R002,23,CASE001755,chest_xray_triage,withheld_ai,1,ai_not_shown
R002,23,CASE001756,chest_xray_triage,withheld_ai,1,ai_not_shown
R002,23,CASE001771,chest_xray_triage,withheld_ai,1,ai_not_shown
R002,23,CASE001772,chest_xray_triage,withheld_ai,1,ai_not_shown
R002,23,CASE001773,chest_xray_triage,withheld_ai,1,ai_not_shown
R002,24,CASE001778,chest_xray_triage,withheld_ai,1,ai_not_shown
R002,24,CASE001785,chest_xray_triage,withheld_ai,1,ai_not_shown
R002,24,CASE001790,chest_xray_triage,withheld_ai,0,ai_not_shown
R003,1,CASE001817,chest_xray_triage,disagreement_prompt,1,ai_not_shown
R003,1,CASE001823,chest_xray_triage,disagreement_prompt,1,ai_not_shown
R003,2,CASE001849,chest_xray_triage,disagreement_prompt,1,ai_not_shown
R003,3,CASE001851,chest_xray_triage,disagreement_prompt,1,ai_not_shown
R003,3,CASE001864,chest_xray_triage,disagreement_prompt,1,ai_not_shown
R003,5,CASE001922,chest_xray_triage,disagreement_prompt,1,ai_not_shown
R003,6,CASE001927,chest_xray_triage,disagreement_prompt,1,ai_not_shown
R003,6,CASE001930,chest_xray_triage,disagreement_prompt,1,ai_not_shown
R003,7,CASE001964,chest_xray_triage,disagreement_prompt,1,ai_not_shown
R003,7,CASE001965,chest_xray_triage,disagreement_prompt,1,ai_not_shown
R003,7,CASE001967,chest_xray_triage,disagreement_prompt,1,ai_not_shown
R003,8,CASE001978,chest_xray_triage,disagreement_prompt,1,ai_not_shown
R003,8,CASE001988,chest_xray_triage,disagreement_prompt,1,ai_not_shown
R003,8,CASE001993,chest_xray_triage,disagreement_prompt,1,ai_not_shown
R003,8,CASE001998,chest_xray_triage,disagreement_prompt,1,ai_not_shown
R003,9,CASE002024,chest_xray_triage,disagreement_prompt,1,ai_not_shown
R003,11,CASE002054,chest_xray_triage,disagreement_prompt,0,ai_not_shown
R003,11,CASE002055,chest_xray_triage,disagreement_prompt,1,ai_not_shown
R003,11,CASE002061,chest_xray_triage,disagreement_prompt,1,ai_not_shown
R003,12,CASE002079,chest_xray_triage,disagreement_prompt,1,ai_not_shown
R003,12,CASE002089,chest_xray_triage,disagreement_prompt,1,ai_not_shown
R003,12,CASE002090,chest_xray_triage,disagreement_prompt,1,ai_not_shown
R003,13,CASE002113,chest_xray_triage,disagreement_prompt,1,ai_not_shown
R003,13,CASE002114,chest_xray_triage,disagreement_prompt,1,ai_not_shown
R003,13,CASE002122,chest_xray_triage,disagreement_prompt,1,ai_not_shown
R003,14,CASE002129,chest_xray_triage,disagreement_prompt,1,ai_not_shown
R003,14,CASE002143,chest_xray_triage,disagreement_prompt,0,ai_not_shown
R003,15,CASE002155,chest_xray_triage,disagreement_prompt,1,ai_not_shown
R003,15,CASE002165,chest_xray_triage,disagreement_prompt,1,ai_not_shown
R003,16,CASE002182,chest_xray_triage,disagreement_prompt,1,ai_not_shown
R003,16,CASE002200,chest_xray_triage,disagreement_prompt,1,ai_not_shown
R003,18,CASE002234,chest_xray_triage,disagreement_prompt,1,ai_not_shown
R003,18,CASE002244,chest_xray_triage,disagreement_prompt,0,ai_not_shown
R003,19,CASE002263,chest_xray_triage,disagreement_prompt,1,ai_not_shown
R003,19,CASE002270,chest_xray_triage,disagreement_prompt,1,ai_not_shown
R003,20,CASE002285,chest_xray_triage,disagreement_prompt,0,ai_not_shown
R003,20,CASE002298,chest_xray_triage,disagreement_prompt,1,ai_not_shown
R003,22,CASE002333,chest_xray_triage,disagreement_prompt,1,ai_not_shown
R003,22,CASE002334,chest_xray_triage,disagreement_prompt,1,ai_not_shown
R003,22,CASE002341,chest_xray_triage,disagreement_prompt,1,ai_not_shown
R003,22,CASE002347,chest_xray_triage,disagreement_prompt,1,ai_not_shown
R003,22,CASE002349,chest_xray_triage,disagreement_prompt,1,ai_not_shown
R003,23,CASE002351,chest_xray_triage,disagreement_prompt,1,ai_not_shown
R003,23,CASE002352,chest_xray_triage,disagreement_prompt,1,ai_not_shown
R003,23,CASE002372,chest_xray_triage,disagreement_prompt,0,ai_not_shown
R003,24,CASE002390,chest_xray_triage,disagreement_prompt,1,ai_not_shown
R004,1,CASE002411,chest_xray_triage,control_always_ai,1,ai_not_shown
R004,1,CASE002415,chest_xray_triage,control_always_ai,1,ai_not_shown
R004,3,CASE002456,chest_xray_triage,control_always_ai,0,ai_not_shown
R004,4,CASE002477,chest_xray_triage,control_always_ai,1,ai_not_shown
R004,4,CASE002487,chest_xray_triage,control_always_ai,0,ai_not_shown
R004,4,CASE002500,chest_xray_triage,control_always_ai,1,ai_not_shown
R004,5,CASE002506,chest_xray_triage,control_always_ai,0,ai_not_shown
R004,6,CASE002540,chest_xray_triage,control_always_ai,0,ai_not_shown
R004,6,CASE002546,chest_xray_triage,control_always_ai,1,ai_not_shown
R004,7,CASE002555,chest_xray_triage,control_always_ai,1,ai_not_shown
R004,7,CASE002561,chest_xray_triage,control_always_ai,1,ai_not_shown
R004,8,CASE002593,chest_xray_triage,control_always_ai,1,ai_not_shown
R004,8,CASE002594,chest_xray_triage,control_always_ai,1,ai_not_shown
R004,8,CASE002600,chest_xray_triage,control_always_ai,1,ai_not_shown
R004,9,CASE002609,chest_xray_triage,control_always_ai,1,ai_not_shown
R004,9,CASE002616,chest_xray_triage,control_always_ai,1,ai_not_shown
R004,9,CASE002625,chest_xray_triage,control_always_ai,1,ai_not_shown
R004,10,CASE002641,chest_xray_triage,control_always_ai,1,ai_not_shown
R004,13,CASE002715,chest_xray_triage,control_always_ai,0,ai_not_shown
R004,14,CASE002727,chest_xray_triage,control_always_ai,1,ai_not_shown
R004,14,CASE002731,chest_xray_triage,control_always_ai,1,ai_not_shown
R004,14,CASE002743,chest_xray_triage,control_always_ai,1,ai_not_shown
R004,14,CASE002749,chest_xray_triage,control_always_ai,1,ai_not_shown
R004,15,CASE002765,chest_xray_triage,control_always_ai,1,ai_not_shown
R004,15,CASE002770,chest_xray_triage,control_always_ai,1,ai_not_shown
R004,16,CASE002782,chest_xray_triage,control_always_ai,1,ai_not_shown
R004,16,CASE002792,chest_xray_triage,control_always_ai,1,ai_not_shown
R004,17,CASE002803,chest_xray_triage,control_always_ai,1,ai_not_shown
R004,17,CASE002809,chest_xray_triage,control_always_ai,1,ai_not_shown
R004,17,CASE002825,chest_xray_triage,control_always_ai,0,ai_not_shown
R004,18,CASE002829,chest_xray_triage,control_always_ai,1,ai_not_shown
R004,18,CASE002840,chest_xray_triage,control_always_ai,0,ai_not_shown
R004,18,CASE002848,chest_xray_triage,control_always_ai,0,ai_not_shown
R004,19,CASE002857,chest_xray_triage,control_always_ai,1,ai_not_shown
R004,20,CASE002897,chest_xray_triage,control_always_ai,0,ai_not_shown
R004,20,CASE002899,chest_xray_triage,control_always_ai,0,ai_not_shown
R004,21,CASE002910,chest_xray_triage,control_always_ai,1,ai_not_shown
R004,22,CASE002929,chest_xray_triage,control_always_ai,1,ai_not_shown
R004,22,CASE002931,chest_xray_triage,control_always_ai,0,ai_not_shown
R004,22,CASE002938,chest_xray_triage,control_always_ai,1,ai_not_shown
R004,23,CASE002965,chest_xray_triage,control_always_ai,1,ai_not_shown
R004,24,CASE002989,chest_xray_triage,control_always_ai,1,ai_not_shown
R004,24,CASE002998,chest_xray_triage,control_always_ai,1,ai_not_shown
R005,1,CASE003001,chest_xray_triage,blind_first,1,blind_first_precommit
R005,1,CASE003002,chest_xray_triage,blind_first,1,blind_first_precommit
R005,1,CASE003003,chest_xray_triage,blind_first,0,blind_first_precommit
R005,1,CASE003004,chest_xray_triage,blind_first,1,blind_first_precommit
R005,1,CASE003005,chest_xray_triage,blind_first,1,ai_not_shown
R005,1,CASE003006,chest_xray_triage,blind_first,1,ai_not_shown
R005,1,CASE003007,chest_xray_triage,blind_first,0,blind_first_precommit
R005,1,CASE003008,chest_xray_triage,blind_first,1,blind_first_precommit
R005,1,CASE003009,chest_xray_triage,blind_first,1,ai_not_shown
R005,1,CASE003010,chest_xray_triage,blind_first,1,blind_first_precommit
R005,1,CASE003011,chest_xray_triage,blind_first,1,blind_first_precommit
R005,1,CASE003012,chest_xray_triage,blind_first,1,blind_first_precommit
R005,1,CASE003013,chest_xray_triage,blind_first,1,blind_first_precommit
R005,1,CASE003014,chest_xray_triage,blind_first,1,blind_first_precommit
R005,1,CASE003015,chest_xray_triage,blind_first,1,blind_first_precommit
R005,1,CASE003016,chest_xray_triage,blind_first,1,blind_first_precommit
R005,1,CASE003017,chest_xray_triage,blind_first,0,ai_not_shown
R005,1,CASE003018,chest_xray_triage,blind_first,1,blind_first_precommit
R005,1,CASE003019,chest_xray_triage,blind_first,0,blind_first_precommit
R005,1,CASE003020,chest_xray_triage,blind_first,1,blind_first_precommit
R005,1,CASE003021,chest_xray_triage,blind_first,1,blind_first_precommit
R005,1,CASE003022,chest_xray_triage,blind_first,1,blind_first_precommit
R005,1,CASE003023,chest_xray_triage,blind_first,1,blind_first_precommit
R005,1,CASE003024,chest_xray_triage,blind_first,1,blind_first_precommit
R005,1,CASE003025,chest_xray_triage,blind_first,0,blind_first_precommit
R005,2,CASE003026,chest_xray_triage,blind_first,1,blind_first_precommit
R005,2,CASE003027,chest_xray_triage,blind_first,1,blind_first_precommit
R005,2,CASE003028,chest_xray_triage,blind_first,1,ai_not_shown
R005,2,CASE003029,chest_xray_triage,blind_first,1,blind_first_precommit
R005,2,CASE003030,chest_xray_triage,blind_first,0,blind_first_precommit
R005,2,CASE003031,chest_xray_triage,blind_first,1,blind_first_precommit
R005,2,CASE003032,chest_xray_triage,blind_first,1,blind_first_precommit
R005,2,CASE003033,chest_xray_triage,blind_first,1,blind_first_precommit
R005,2,CASE003034,chest_xray_triage,blind_first,0,blind_first_precommit
R005,2,CASE003035,chest_xray_triage,blind_first,1,blind_first_precommit
R005,2,CASE003036,chest_xray_triage,blind_first,1,blind_first_precommit
R005,2,CASE003037,chest_xray_triage,blind_first,1,blind_first_precommit
R005,2,CASE003038,chest_xray_triage,blind_first,0,blind_first_precommit
R005,2,CASE003039,chest_xray_triage,blind_first,1,blind_first_precommit
R005,2,CASE003040,chest_xray_triage,blind_first,1,blind_first_precommit
R005,2,CASE003041,chest_xray_triage,blind_first,1,blind_first_precommit
R005,2,CASE003042,chest_xray_triage,blind_first,0,blind_first_precommit
R005,2,CASE003043,chest_xray_triage,blind_first,1,blind_first_precommit
R005,2,CASE003044,chest_xray_triage,blind_first,1,blind_first_precommit
R005,2,CASE003045,chest_xray_triage,blind_first,1,blind_first_precommit
R005,2,CASE003046,chest_xray_triage,blind_first,1,blind_first_precommit
R005,2,CASE003047,chest_xray_triage,blind_first,1,blind_first_precommit
R005,2,CASE003048,chest_xray_triage,blind_first,1,blind_first_precommit
R005,2,CASE003049,chest_xray_triage,blind_first,1,blind_first_precommit
R005,2,CASE003050,chest_xray_triage,blind_first,0,blind_first_precommit
R005,3,CASE003051,chest_xray_triage,blind_first,1,blind_first_precommit
R005,3,CASE003052,chest_xray_triage,blind_first,0,blind_first_precommit
R005,3,CASE003053,chest_xray_triage,blind_first,1,blind_first_precommit
R005,3,CASE003054,chest_xray_triage,blind_first,1,blind_first_precommit
R005,3,CASE003055,chest_xray_triage,blind_first,1,blind_first_precommit
R005,3,CASE003056,chest_xray_triage,blind_first,1,blind_first_precommit
R005,3,CASE003057,chest_xray_triage,blind_first,1,blind_first_precommit
R005,3,CASE003058,chest_xray_triage,blind_first,1,blind_first_precommit
R005,3,CASE003059,chest_xray_triage,blind_first,1,blind_first_precommit
R005,3,CASE003060,chest_xray_triage,blind_first,1,blind_first_precommit
R005,3,CASE003061,chest_xray_triage,blind_first,1,ai_not_shown
R005,3,CASE003062,chest_xray_triage,blind_first,1,blind_first_precommit
R005,3,CASE003063,chest_xray_triage,blind_first,1,blind_first_precommit
R005,3,CASE003064,chest_xray_triage,blind_first,1,blind_first_precommit
R005,3,CASE003065,chest_xray_triage,blind_first,1,blind_first_precommit
R005,3,CASE003066,chest_xray_triage,blind_first,1,blind_first_precommit
R005,3,CASE003067,chest_xray_triage,blind_first,0,blind_first_precommit
R005,3,CASE003068,chest_xray_triage,blind_first,1,blind_first_precommit
R005,3,CASE003069,chest_xray_triage,blind_first,1,ai_not_shown
R005,3,CASE003070,chest_xray_triage,blind_first,0,blind_first_precommit
R005,3,CASE003071,chest_xray_triage,blind_first,1,blind_first_precommit
R005,3,CASE003072,chest_xray_triage,blind_first,1,blind_first_precommit
R005,3,CASE003073,chest_xray_triage,blind_first,1,blind_first_precommit
R005,3,CASE003074,chest_xray_triage,blind_first,0,blind_first_precommit
R005,3,CASE003075,chest_xray_triage,blind_first,1,blind_first_precommit
R005,4,CASE003076,chest_xray_triage,blind_first,0,blind_first_precommit
R005,4,CASE003077,chest_xray_triage,blind_first,1,blind_first_precommit
R005,4,CASE003078,chest_xray_triage,blind_first,1,blind_first_precommit
R005,4,CASE003079,chest_xray_triage,blind_first,1,blind_first_precommit
R005,4,CASE003080,chest_xray_triage,blind_first,1,blind_first_precommit
R005,4,CASE003081,chest_xray_triage,blind_first,1,ai_not_shown
R005,4,CASE003082,chest_xray_triage,blind_first,1,blind_first_precommit
R005,4,CASE003083,chest_xray_triage,blind_first,1,blind_first_precommit
R005,4,CASE003084,chest_xray_triage,blind_first,0,blind_first_precommit
R005,4,CASE003085,chest_xray_triage,blind_first,1,blind_first_precommit
R005,4,CASE003086,chest_xray_triage,blind_first,1,blind_first_precommit
R005,4,CASE003087,chest_xray_triage,blind_first,0,blind_first_precommit
R005,4,CASE003088,chest_xray_triage,blind_first,1,blind_first_precommit
R005,4,CASE003089,chest_xray_triage,blind_first,1,blind_first_precommit
R005,4,CASE003090,chest_xray_triage,blind_first,1,blind_first_precommit
R005,4,CASE003091,chest_xray_triage,blind_first,0,ai_not_shown
R005,4,CASE003092,chest_xray_triage,blind_first,0,ai_not_shown
R005,4,CASE003093,chest_xray_triage,blind_first,1,blind_first_precommit
R005,4,CASE003094,chest_xray_triage,blind_first,1,blind_first_precommit
R005,4,CASE003095,chest_xray_triage,blind_first,1,blind_first_precommit
R005,4,CASE003096,chest_xray_triage,blind_first,1,blind_first_precommit
R005,4,CASE003097,chest_xray_triage,blind_first,0,blind_first_precommit
R005,4,CASE003098,chest_xray_triage,blind_first,0,blind_first_precommit
R005,4,CASE003099,chest_xray_triage,blind_first,1,blind_first_precommit
R005,4,CASE003100,chest_xray_triage,blind_first,1,blind_first_precommit
R005,5,CASE003101,chest_xray_triage,blind_first,1,blind_first_precommit
R005,5,CASE003102,chest_xray_triage,blind_first,0,blind_first_precommit
R005,5,CASE003103,chest_xray_triage,blind_first,1,blind_first_precommit
R005,5,CASE003104,chest_xray_triage,blind_first,0,blind_first_precommit
R005,5,CASE003105,chest_xray_triage,blind_first,1,blind_first_precommit
R005,5,CASE003106,chest_xray_triage,blind_first,0,blind_first_precommit
R005,5,CASE003107,chest_xray_triage,blind_first,1,blind_first_precommit
R005,5,CASE003108,chest_xray_triage,blind_first,1,blind_first_precommit
R005,5,CASE003109,chest_xray_triage,blind_first,1,blind_first_precommit
R005,5,CASE003110,chest_xray_triage,blind_first,1,blind_first_precommit
R005,5,CASE003111,chest_xray_triage,blind_first,1,blind_first_precommit
R005,5,CASE003112,chest_xray_triage,blind_first,0,blind_first_precommit
R005,5,CASE003113,chest_xray_triage,blind_first,1,blind_first_precommit
R005,5,CASE003114,chest_xray_triage,blind_first,1,blind_first_precommit
R005,5,CASE003115,chest_xray_triage,blind_first,1,blind_first_precommit
R005,5,CASE003116,chest_xray_triage,blind_first,1,blind_first_precommit
R005,5,CASE003117,chest_xray_triage,blind_first,0,blind_first_precommit
R005,5,CASE003118,chest_xray_triage,blind_first,1,blind_first_precommit
R005,5,CASE003119,chest_xray_triage,blind_first,1,blind_first_precommit
R005,5,CASE003120,chest_xray_triage,blind_first,1,blind_first_precommit
R005,5,CASE003121,chest_xray_triage,blind_first,1,blind_first_precommit
R005,5,CASE003122,chest_xray_triage,blind_first,1,blind_first_precommit
R005,5,CASE003123,chest_xray_triage,blind_first,0,blind_first_precommit
R005,5,CASE003124,chest_xray_triage,blind_first,0,blind_first_precommit
R005,5,CASE003125,chest_xray_triage,blind_first,1,ai_not_shown
R005,6,CASE003126,chest_xray_triage,blind_first,1,blind_first_precommit
R005,6,CASE003127,chest_xray_triage,blind_first,1,blind_first_precommit
R005,6,CASE003128,chest_xray_triage,blind_first,1,ai_not_shown
R005,6,CASE003129,chest_xray_triage,blind_first,1,blind_first_precommit
R005,6,CASE003130,chest_xray_triage,blind_first,0,blind_first_precommit
R005,6,CASE003131,chest_xray_triage,blind_first,1,blind_first_precommit
R005,6,CASE003132,chest_xray_triage,blind_first,1,blind_first_precommit
R005,6,CASE003133,chest_xray_triage,blind_first,1,blind_first_precommit
R005,6,CASE003134,chest_xray_triage,blind_first,1,blind_first_precommit
R005,6,CASE003135,chest_xray_triage,blind_first,0,ai_not_shown
R005,6,CASE003136,chest_xray_triage,blind_first,0,blind_first_precommit
R005,6,CASE003137,chest_xray_triage,blind_first,1,blind_first_precommit
R005,6,CASE003138,chest_xray_triage,blind_first,1,blind_first_precommit
R005,6,CASE003139,chest_xray_triage,blind_first,1,blind_first_precommit
R005,6,CASE003140,chest_xray_triage,blind_first,1,blind_first_precommit
R005,6,CASE003141,chest_xray_triage,blind_first,1,blind_first_precommit
R005,6,CASE003142,chest_xray_triage,blind_first,1,blind_first_precommit
R005,6,CASE003143,chest_xray_triage,blind_first,1,blind_first_precommit
R005,6,CASE003144,chest_xray_triage,blind_first,0,blind_first_precommit
R005,6,CASE003145,chest_xray_triage,blind_first,0,blind_first_precommit
R005,6,CASE003146,chest_xray_triage,blind_first,1,blind_first_precommit
R005,6,CASE003147,chest_xray_triage,blind_first,1,blind_first_precommit
R005,6,CASE003148,chest_xray_triage,blind_first,1,blind_first_precommit
R005,6,CASE003149,chest_xray_triage,blind_first,1,blind_first_precommit
R005,6,CASE003150,chest_xray_triage,blind_first,1,blind_first_precommit
R005,7,CASE003151,chest_xray_triage,blind_first,1,blind_first_precommit
R005,7,CASE003152,chest_xray_triage,blind_first,1,blind_first_precommit
R005,7,CASE003153,chest_xray_triage,blind_first,1,blind_first_precommit
R005,7,CASE003154,chest_xray_triage,blind_first,1,blind_first_precommit
R005,7,CASE003155,chest_xray_triage,blind_first,1,blind_first_precommit
R005,7,CASE003156,chest_xray_triage,blind_first,1,blind_first_precommit
R005,7,CASE003157,chest_xray_triage,blind_first,1,blind_first_precommit
R005,7,CASE003158,chest_xray_triage,blind_first,1,blind_first_precommit
R005,7,CASE003159,chest_xray_triage,blind_first,1,blind_first_precommit
R005,7,CASE003160,chest_xray_triage,blind_first,1,blind_first_precommit
R005,7,CASE003161,chest_xray_triage,blind_first,1,blind_first_precommit
R005,7,CASE003162,chest_xray_triage,blind_first,1,blind_first_precommit
R005,7,CASE003163,chest_xray_triage,blind_first,0,blind_first_precommit
R005,7,CASE003164,chest_xray_triage,blind_first,0,blind_first_precommit
R005,7,CASE003165,chest_xray_triage,blind_first,1,blind_first_precommit
R005,7,CASE003166,chest_xray_triage,blind_first,1,blind_first_precommit
R005,7,CASE003167,chest_xray_triage,blind_first,1,blind_first_precommit
R005,7,CASE003168,chest_xray_triage,blind_first,1,blind_first_precommit
R005,7,CASE003169,chest_xray_triage,blind_first,1,blind_first_precommit
R005,7,CASE003170,chest_xray_triage,blind_first,1,blind_first_precommit
R005,7,CASE003171,chest_xray_triage,blind_first,1,blind_first_precommit
R005,7,CASE003172,chest_xray_triage,blind_first,1,blind_first_precommit
R005,7,CASE003173,chest_xray_triage,blind_first,1,blind_first_precommit
R005,7,CASE003174,chest_xray_triage,blind_first,1,blind_first_precommit
R005,7,CASE003175,chest_xray_triage,blind_first,1,blind_first_precommit
R005,8,CASE003176,chest_xray_triage,blind_first,1,blind_first_precommit
R005,8,CASE003177,chest_xray_triage,blind_first,1,blind_first_precommit
R005,8,CASE003178,chest_xray_triage,blind_first,1,blind_first_precommit
R005,8,CASE003179,chest_xray_triage,blind_first,0,ai_not_shown
R005,8,CASE003180,chest_xray_triage,blind_first,1,blind_first_precommit
R005,8,CASE003181,chest_xray_triage,blind_first,1,blind_first_precommit
R005,8,CASE003182,chest_xray_triage,blind_first,1,ai_not_shown
R005,8,CASE003183,chest_xray_triage,blind_first,1,blind_first_precommit
R005,8,CASE003184,chest_xray_triage,blind_first,0,blind_first_precommit
R005,8,CASE003185,chest_xray_triage,blind_first,1,blind_first_precommit
R005,8,CASE003186,chest_xray_triage,blind_first,0,blind_first_precommit
R005,8,CASE003187,chest_xray_triage,blind_first,1,blind_first_precommit
R005,8,CASE003188,chest_xray_triage,blind_first,1,blind_first_precommit
R005,8,CASE003189,chest_xray_triage,blind_first,1,blind_first_precommit
R005,8,CASE003190,chest_xray_triage,blind_first,1,blind_first_precommit
R005,8,CASE003191,chest_xray_triage,blind_first,1,blind_first_precommit
R005,8,CASE003192,chest_xray_triage,blind_first,1,ai_not_shown
R005,8,CASE003193,chest_xray_triage,blind_first,1,blind_first_precommit
R005,8,CASE003194,chest_xray_triage,blind_first,1,blind_first_precommit
R005,8,CASE003195,chest_xray_triage,blind_first,1,ai_not_shown
R005,8,CASE003196,chest_xray_triage,blind_first,1,blind_first_precommit
R005,8,CASE003197,chest_xray_triage,blind_first,1,blind_first_precommit
R005,8,CASE003198,chest_xray_triage,blind_first,1,blind_first_precommit
R005,8,CASE003199,chest_xray_triage,blind_first,1,blind_first_precommit
R005,8,CASE003200,chest_xray_triage,blind_first,1,blind_first_precommit
R005,9,CASE003201,chest_xray_triage,blind_first,0,blind_first_precommit
R005,9,CASE003202,chest_xray_triage,blind_first,1,ai_not_shown
R005,9,CASE003203,chest_xray_triage,blind_first,1,blind_first_precommit
R005,9,CASE003204,chest_xray_triage,blind_first,1,blind_first_precommit
R005,9,CASE003205,chest_xray_triage,blind_first,1,blind_first_precommit
R005,9,CASE003206,chest_xray_triage,blind_first,0,blind_first_precommit
R005,9,CASE003207,chest_xray_triage,blind_first,0,blind_first_precommit
R005,9,CASE003208,chest_xray_triage,blind_first,1,blind_first_precommit
R005,9,CASE003209,chest_xray_triage,blind_first,1,blind_first_precommit
R005,9,CASE003210,chest_xray_triage,blind_first,1,blind_first_precommit
R005,9,CASE003211,chest_xray_triage,blind_first,1,blind_first_precommit
R005,9,CASE003212,chest_xray_triage,blind_first,1,blind_first_precommit
R005,9,CASE003213,chest_xray_triage,blind_first,1,blind_first_precommit
R005,9,CASE003214,chest_xray_triage,blind_first,0,blind_first_precommit
R005,9,CASE003215,chest_xray_triage,blind_first,1,blind_first_precommit
R005,9,CASE003216,chest_xray_triage,blind_first,1,blind_first_precommit
R005,9,CASE003217,chest_xray_triage,blind_first,1,blind_first_precommit
R005,9,CASE003218,chest_xray_triage,blind_first,1,blind_first_precommit
R005,9,CASE003219,chest_xray_triage,blind_first,0,blind_first_precommit
R005,9,CASE003220,chest_xray_triage,blind_first,0,blind_first_precommit
R005,9,CASE003221,chest_xray_triage,blind_first,1,blind_first_precommit
R005,9,CASE003222,chest_xray_triage,blind_first,0,blind_first_precommit
R005,9,CASE003223,chest_xray_triage,blind_first,1,blind_first_precommit
R005,9,CASE003224,chest_xray_triage,blind_first,0,blind_first_precommit
R005,9,CASE003225,chest_xray_triage,blind_first,1,ai_not_shown
R005,10,CASE003226,chest_xray_triage,blind_first,0,blind_first_precommit
R005,10,CASE003227,chest_xray_triage,blind_first,1,blind_first_precommit
R005,10,CASE003228,chest_xray_triage,blind_first,1,blind_first_precommit
R005,10,CASE003229,chest_xray_triage,blind_first,0,blind_first_precommit
R005,10,CASE003230,chest_xray_triage,blind_first,1,blind_first_precommit
R005,10,CASE003231,chest_xray_triage,blind_first,1,blind_first_precommit
R005,10,CASE003232,chest_xray_triage,blind_first,1,blind_first_precommit
R005,10,CASE003233,chest_xray_triage,blind_first,1,blind_first_precommit
R005,10,CASE003234,chest_xray_triage,blind_first,1,blind_first_precommit
R005,10,CASE003235,chest_xray_triage,blind_first,1,blind_first_precommit
R005,10,CASE003236,chest_xray_triage,blind_first,1,blind_first_precommit
R005,10,CASE003237,chest_xray_triage,blind_first,0,blind_first_precommit
R005,10,CASE003238,chest_xray_triage,blind_first,0,blind_first_precommit
R005,10,CASE003239,chest_xray_triage,blind_first,1,blind_first_precommit
R005,10,CASE003240,chest_xray_triage,blind_first,1,blind_first_precommit
R005,10,CASE003241,chest_xray_triage,blind_first,1,blind_first_precommit
R005,10,CASE003242,chest_xray_triage,blind_first,1,blind_first_precommit
R005,10,CASE003243,chest_xray_triage,blind_first,1,blind_first_precommit
R005,10,CASE003244,chest_xray_triage,blind_first,0,blind_first_precommit
R005,10,CASE003245,chest_xray_triage,blind_first,1,blind_first_precommit
R005,10,CASE003246,chest_xray_triage,blind_first,1,blind_first_precommit
R005,10,CASE003247,chest_xray_triage,blind_first,0,blind_first_precommit
R005,10,CASE003248,chest_xray_triage,blind_first,1,blind_first_precommit
R005,10,CASE003249,chest_xray_triage,blind_first,1,blind_first_precommit
R005,10,CASE003250,chest_xray_triage,blind_first,1,blind_first_precommit
R005,11,CASE003251,chest_xray_triage,blind_first,1,blind_first_precommit
R005,11,CASE003252,chest_xray_triage,blind_first,1,blind_first_precommit
R005,11,CASE003253,chest_xray_triage,blind_first,1,ai_not_shown
R005,11,CASE003254,chest_xray_triage,blind_first,1,blind_first_precommit
R005,11,CASE003255,chest_xray_triage,blind_first,1,blind_first_precommit
R005,11,CASE003256,chest_xray_triage,blind_first,1,blind_first_precommit
R005,11,CASE003257,chest_xray_triage,blind_first,1,blind_first_precommit
R005,11,CASE003258,chest_xray_triage,blind_first,0,blind_first_precommit
R005,11,CASE003259,chest_xray_triage,blind_first,1,blind_first_precommit
R005,11,CASE003260,chest_xray_triage,blind_first,1,blind_first_precommit
R005,11,CASE003261,chest_xray_triage,blind_first,1,blind_first_precommit
R005,11,CASE003262,chest_xray_triage,blind_first,1,blind_first_precommit
R005,11,CASE003263,chest_xray_triage,blind_first,1,blind_first_precommit
R005,11,CASE003264,chest_xray_triage,blind_first,1,blind_first_precommit
R005,11,CASE003265,chest_xray_triage,blind_first,0,blind_first_precommit
R005,11,CASE003266,chest_xray_triage,blind_first,1,blind_first_precommit
R005,11,CASE003267,chest_xray_triage,blind_first,1,blind_first_precommit
R005,11,CASE003268,chest_xray_triage,blind_first,1,blind_first_precommit
R005,11,CASE003269,chest_xray_triage,blind_first,1,blind_first_precommit
R005,11,CASE003270,chest_xray_triage,blind_first,1,blind_first_precommit
R005,11,CASE003271,chest_xray_triage,blind_first,1,blind_first_precommit
R005,11,CASE003272,chest_xray_triage,blind_first,1,blind_first_precommit
R005,11,CASE003273,chest_xray_triage,blind_first,1,blind_first_precommit
R005,11,CASE003274,chest_xray_triage,blind_first,0,blind_first_precommit
R005,11,CASE003275,chest_xray_triage,blind_first,1,blind_first_precommit
R005,12,CASE003276,chest_xray_triage,blind_first,1,blind_first_precommit
R005,12,CASE003277,chest_xray_triage,blind_first,1,blind_first_precommit
R005,12,CASE003278,chest_xray_triage,blind_first,1,blind_first_precommit
R005,12,CASE003279,chest_xray_triage,blind_first,1,blind_first_precommit
R005,12,CASE003280,chest_xray_triage,blind_first,1,blind_first_precommit
R005,12,CASE003281,chest_xray_triage,blind_first,1,blind_first_precommit
R005,12,CASE003282,chest_xray_triage,blind_first,1,blind_first_precommit
R005,12,CASE003283,chest_xray_triage,blind_first,1,blind_first_precommit
R005,12,CASE003284,chest_xray_triage,blind_first,1,blind_first_precommit
R005,12,CASE003285,chest_xray_triage,blind_first,0,blind_first_precommit
R005,12,CASE003286,chest_xray_triage,blind_first,1,blind_first_precommit
R005,12,CASE003287,chest_xray_triage,blind_first,1,blind_first_precommit
R005,12,CASE003288,chest_xray_triage,blind_first,1,blind_first_precommit
R005,12,CASE003289,chest_xray_triage,blind_first,1,blind_first_precommit
R005,12,CASE003290,chest_xray_triage,blind_first,1,blind_first_precommit
R005,12,CASE003291,chest_xray_triage,blind_first,1,blind_first_precommit
R005,12,CASE003292,chest_xray_triage,blind_first,1,blind_first_precommit
R005,12,CASE003293,chest_xray_triage,blind_first,1,blind_first_precommit
R005,12,CASE003294,chest_xray_triage,blind_first,1,blind_first_precommit
R005,12,CASE003295,chest_xray_triage,blind_first,1,ai_not_shown
R005,12,CASE003296,chest_xray_triage,blind_first,1,blind_first_precommit
R005,12,CASE003297,chest_xray_triage,blind_first,1,blind_first_precommit
R005,12,CASE003298,chest_xray_triage,blind_first,1,blind_first_precommit
R005,12,CASE003299,chest_xray_triage,blind_first,1,blind_first_precommit
R005,12,CASE003300,chest_xray_triage,blind_first,1,blind_first_precommit
R005,13,CASE003301,chest_xray_triage,blind_first,0,blind_first_precommit
R005,13,CASE003302,chest_xray_triage,blind_first,0,ai_not_shown
R005,13,CASE003303,chest_xray_triage,blind_first,1,blind_first_precommit
R005,13,CASE003304,chest_xray_triage,blind_first,1,blind_first_precommit
R005,13,CASE003305,chest_xray_triage,blind_first,1,blind_first_precommit
R005,13,CASE003306,chest_xray_triage,blind_first,1,blind_first_precommit
R005,13,CASE003307,chest_xray_triage,blind_first,1,blind_first_precommit
R005,13,CASE003308,chest_xray_triage,blind_first,0,blind_first_precommit
R005,13,CASE003309,chest_xray_triage,blind_first,1,blind_first_precommit
R005,13,CASE003310,chest_xray_triage,blind_first,1,blind_first_precommit
R005,13,CASE003311,chest_xray_triage,blind_first,1,blind_first_precommit
R005,13,CASE003312,chest_xray_triage,blind_first,1,blind_first_precommit
R005,13,CASE003313,chest_xray_triage,blind_first,1,blind_first_precommit
R005,13,CASE003314,chest_xray_triage,blind_first,0,blind_first_precommit
R005,13,CASE003315,chest_xray_triage,blind_first,1,blind_first_precommit
R005,13,CASE003316,chest_xray_triage,blind_first,1,blind_first_precommit
R005,13,CASE003317,chest_xray_triage,blind_first,1,blind_first_precommit
R005,13,CASE003318,chest_xray_triage,blind_first,1,blind_first_precommit
R005,13,CASE003319,chest_xray_triage,blind_first,1,blind_first_precommit
R005,13,CASE003320,chest_xray_triage,blind_first,1,blind_first_precommit
R005,13,CASE003321,chest_xray_triage,blind_first,1,blind_first_precommit
R005,13,CASE003322,chest_xray_triage,blind_first,1,blind_first_precommit
R005,13,CASE003323,chest_xray_triage,blind_first,1,blind_first_precommit
R005,13,CASE003324,chest_xray_triage,blind_first,1,blind_first_precommit
R005,13,CASE003325,chest_xray_triage,blind_first,1,blind_first_precommit
R005,14,CASE003326,chest_xray_triage,blind_first,1,blind_first_precommit
R005,14,CASE003327,chest_xray_triage,blind_first,1,blind_first_precommit
R005,14,CASE003328,chest_xray_triage,blind_first,0,blind_first_precommit
R005,14,CASE003329,chest_xray_triage,blind_first,1,blind_first_precommit
R005,14,CASE003330,chest_xray_triage,blind_first,0,blind_first_precommit
R005,14,CASE003331,chest_xray_triage,blind_first,0,blind_first_precommit
R005,14,CASE003332,chest_xray_triage,blind_first,1,blind_first_precommit
R005,14,CASE003333,chest_xray_triage,blind_first,1,blind_first_precommit
R005,14,CASE003334,chest_xray_triage,blind_first,1,blind_first_precommit
R005,14,CASE003335,chest_xray_triage,blind_first,1,blind_first_precommit
R005,14,CASE003336,chest_xray_triage,blind_first,1,blind_first_precommit
R005,14,CASE003337,chest_xray_triage,blind_first,1,blind_first_precommit
R005,14,CASE003338,chest_xray_triage,blind_first,1,blind_first_precommit
R005,14,CASE003339,chest_xray_triage,blind_first,1,blind_first_precommit
R005,14,CASE003340,chest_xray_triage,blind_first,1,blind_first_precommit
R005,14,CASE003341,chest_xray_triage,blind_first,0,blind_first_precommit
R005,14,CASE003342,chest_xray_triage,blind_first,1,blind_first_precommit
R005,14,CASE003343,chest_xray_triage,blind_first,1,blind_first_precommit
R005,14,CASE003344,chest_xray_triage,blind_first,1,blind_first_precommit
R005,14,CASE003345,chest_xray_triage,blind_first,1,blind_first_precommit
R005,14,CASE003346,chest_xray_triage,blind_first,1,blind_first_precommit
R005,14,CASE003347,chest_xray_triage,blind_first,1,blind_first_precommit
R005,14,CASE003348,chest_xray_triage,blind_first,0,blind_first_precommit
R005,14,CASE003349,chest_xray_triage,blind_first,1,blind_first_precommit
R005,14,CASE003350,chest_xray_triage,blind_first,0,blind_first_precommit
R005,15,CASE003351,chest_xray_triage,blind_first,1,blind_first_precommit
R005,15,CASE003352,chest_xray_triage,blind_first,0,blind_first_precommit
R005,15,CASE003353,chest_xray_triage,blind_first,1,blind_first_precommit
R005,15,CASE003354,chest_xray_triage,blind_first,1,blind_first_precommit
R005,15,CASE003355,chest_xray_triage,blind_first,1,blind_first_precommit
R005,15,CASE003356,chest_xray_triage,blind_first,1,blind_first_precommit
R005,15,CASE003357,chest_xray_triage,blind_first,1,blind_first_precommit
R005,15,CASE003358,chest_xray_triage,blind_first,1,blind_first_precommit
R005,15,CASE003359,chest_xray_triage,blind_first,1,blind_first_precommit
R005,15,CASE003360,chest_xray_triage,blind_first,1,blind_first_precommit
R005,15,CASE003361,chest_xray_triage,blind_first,1,blind_first_precommit
R005,15,CASE003362,chest_xray_triage,blind_first,1,blind_first_precommit
R005,15,CASE003363,chest_xray_triage,blind_first,1,blind_first_precommit
R005,15,CASE003364,chest_xray_triage,blind_first,1,blind_first_precommit
R005,15,CASE003365,chest_xray_triage,blind_first,1,blind_first_precommit
R005,15,CASE003366,chest_xray_triage,blind_first,1,blind_first_precommit
R005,15,CASE003367,chest_xray_triage,blind_first,1,blind_first_precommit
R005,15,CASE003368,chest_xray_triage,blind_first,1,blind_first_precommit
R005,15,CASE003369,chest_xray_triage,blind_first,1,blind_first_precommit
R005,15,CASE003370,chest_xray_triage,blind_first,1,blind_first_precommit
R005,15,CASE003371,chest_xray_triage,blind_first,1,blind_first_precommit
R005,15,CASE003372,chest_xray_triage,blind_first,1,blind_first_precommit
R005,15,CASE003373,chest_xray_triage,blind_first,1,blind_first_precommit
R005,15,CASE003374,chest_xray_triage,blind_first,0,blind_first_precommit
R005,15,CASE003375,chest_xray_triage,blind_first,1,blind_first_precommit
R005,16,CASE003376,chest_xray_triage,blind_first,1,ai_not_shown
R005,16,CASE003377,chest_xray_triage,blind_first,1,blind_first_precommit
R005,16,CASE003378,chest_xray_triage,blind_first,1,blind_first_precommit
R005,16,CASE003379,chest_xray_triage,blind_first,1,blind_first_precommit
R005,16,CASE003380,chest_xray_triage,blind_first,1,blind_first_precommit
R005,16,CASE003381,chest_xray_triage,blind_first,1,blind_first_precommit
R005,16,CASE003382,chest_xray_triage,blind_first,1,blind_first_precommit
R005,16,CASE003383,chest_xray_triage,blind_first,1,blind_first_precommit
R005,16,CASE003384,chest_xray_triage,blind_first,1,blind_first_precommit
R005,16,CASE003385,chest_xray_triage,blind_first,1,blind_first_precommit
R005,16,CASE003386,chest_xray_triage,blind_first,1,blind_first_precommit
R005,16,CASE003387,chest_xray_triage,blind_first,0,blind_first_precommit
R005,16,CASE003388,chest_xray_triage,blind_first,1,blind_first_precommit
R005,16,CASE003389,chest_xray_triage,blind_first,1,blind_first_precommit
R005,16,CASE003390,chest_xray_triage,blind_first,0,blind_first_precommit
R005,16,CASE003391,chest_xray_triage,blind_first,0,blind_first_precommit
R005,16,CASE003392,chest_xray_triage,blind_first,1,blind_first_precommit
R005,16,CASE003393,chest_xray_triage,blind_first,1,blind_first_precommit
R005,16,CASE003394,chest_xray_triage,blind_first,1,blind_first_precommit
R005,16,CASE003395,chest_xray_triage,blind_first,1,blind_first_precommit
R005,16,CASE003396,chest_xray_triage,blind_first,1,blind_first_precommit
R005,16,CASE003397,chest_xray_triage,blind_first,0,blind_first_precommit
R005,16,CASE003398,chest_xray_triage,blind_first,1,blind_first_precommit
R005,16,CASE003399,chest_xray_triage,blind_first,1,blind_first_precommit
R005,16,CASE003400,chest_xray_triage,blind_first,1,blind_first_precommit
R005,17,CASE003401,chest_xray_triage,blind_first,1,blind_first_precommit
R005,17,CASE003402,chest_xray_triage,blind_first,1,blind_first_precommit
R005,17,CASE003403,chest_xray_triage,blind_first,1,blind_first_precommit
R005,17,CASE003404,chest_xray_triage,blind_first,1,blind_first_precommit
R005,17,CASE003405,chest_xray_triage,blind_first,1,blind_first_precommit
R005,17,CASE003406,chest_xray_triage,blind_first,1,blind_first_precommit
R005,17,CASE003407,chest_xray_triage,blind_first,1,blind_first_precommit
R005,17,CASE003408,chest_xray_triage,blind_first,1,blind_first_precommit
R005,17,CASE003409,chest_xray_triage,blind_first,1,blind_first_precommit
R005,17,CASE003410,chest_xray_triage,blind_first,1,blind_first_precommit
R005,17,CASE003411,chest_xray_triage,blind_first,0,blind_first_precommit
R005,17,CASE003412,chest_xray_triage,blind_first,1,blind_first_precommit
R005,17,CASE003413,chest_xray_triage,blind_first,1,blind_first_precommit
R005,17,CASE003414,chest_xray_triage,blind_first,1,blind_first_precommit
R005,17,CASE003415,chest_xray_triage,blind_first,1,blind_first_precommit
R005,17,CASE003416,chest_xray_triage,blind_first,1,blind_first_precommit
R005,17,CASE003417,chest_xray_triage,blind_first,1,blind_first_precommit
R005,17,CASE003418,chest_xray_triage,blind_first,1,blind_first_precommit
R005,17,CASE003419,chest_xray_triage,blind_first,1,blind_first_precommit
R005,17,CASE003420,chest_xray_triage,blind_first,1,blind_first_precommit
R005,17,CASE003421,chest_xray_triage,blind_first,1,blind_first_precommit
R005,17,CASE003422,chest_xray_triage,blind_first,1,blind_first_precommit
R005,17,CASE003423,chest_xray_triage,blind_first,0,blind_first_precommit
R005,17,CASE003424,chest_xray_triage,blind_first,0,blind_first_precommit
R005,17,CASE003425,chest_xray_triage,blind_first,1,blind_first_precommit
R005,18,CASE003426,chest_xray_triage,blind_first,1,blind_first_precommit
R005,18,CASE003427,chest_xray_triage,blind_first,1,blind_first_precommit
R005,18,CASE003428,chest_xray_triage,blind_first,1,blind_first_precommit
R005,18,CASE003429,chest_xray_triage,blind_first,1,blind_first_precommit
R005,18,CASE003430,chest_xray_triage,blind_first,1,blind_first_precommit
R005,18,CASE003431,chest_xray_triage,blind_first,1,blind_first_precommit
R005,18,CASE003432,chest_xray_triage,blind_first,1,blind_first_precommit
R005,18,CASE003433,chest_xray_triage,blind_first,1,blind_first_precommit
R005,18,CASE003434,chest_xray_triage,blind_first,1,ai_not_shown
R005,18,CASE003435,chest_xray_triage,blind_first,1,blind_first_precommit
R005,18,CASE003436,chest_xray_triage,blind_first,1,ai_not_shown
R005,18,CASE003437,chest_xray_triage,blind_first,1,blind_first_precommit
R005,18,CASE003438,chest_xray_triage,blind_first,1,blind_first_precommit
R005,18,CASE003439,chest_xray_triage,blind_first,1,blind_first_precommit
R005,18,CASE003440,chest_xray_triage,blind_first,1,blind_first_precommit
R005,18,CASE003441,chest_xray_triage,blind_first,1,blind_first_precommit
R005,18,CASE003442,chest_xray_triage,blind_first,1,blind_first_precommit
R005,18,CASE003443,chest_xray_triage,blind_first,1,blind_first_precommit
R005,18,CASE003444,chest_xray_triage,blind_first,1,blind_first_precommit
R005,18,CASE003445,chest_xray_triage,blind_first,1,blind_first_precommit
R005,18,CASE003446,chest_xray_triage,blind_first,1,blind_first_precommit
R005,18,CASE003447,chest_xray_triage,blind_first,0,blind_first_precommit
R005,18,CASE003448,chest_xray_triage,blind_first,1,blind_first_precommit
R005,18,CASE003449,chest_xray_triage,blind_first,1,blind_first_precommit
R005,18,CASE003450,chest_xray_triage,blind_first,1,blind_first_precommit
R005,19,CASE003451,chest_xray_triage,blind_first,1,blind_first_precommit
R005,19,CASE003452,chest_xray_triage,blind_first,0,blind_first_precommit
R005,19,CASE003453,chest_xray_triage,blind_first,1,blind_first_precommit
R005,19,CASE003454,chest_xray_triage,blind_first,1,blind_first_precommit
R005,19,CASE003455,chest_xray_triage,blind_first,1,ai_not_shown
R005,19,CASE003456,chest_xray_triage,blind_first,1,blind_first_precommit
R005,19,CASE003457,chest_xray_triage,blind_first,1,blind_first_precommit
R005,19,CASE003458,chest_xray_triage,blind_first,1,blind_first_precommit
R005,19,CASE003459,chest_xray_triage,blind_first,1,ai_not_shown
R005,19,CASE003460,chest_xray_triage,blind_first,0,blind_first_precommit
R005,19,CASE003461,chest_xray_triage,blind_first,1,blind_first_precommit
R005,19,CASE003462,chest_xray_triage,blind_first,1,blind_first_precommit
R005,19,CASE003463,chest_xray_triage,blind_first,1,blind_first_precommit
R005,19,CASE003464,chest_xray_triage,blind_first,0,blind_first_precommit
R005,19,CASE003465,chest_xray_triage,blind_first,0,blind_first_precommit
R005,19,CASE003466,chest_xray_triage,blind_first,1,blind_first_precommit
R005,19,CASE003467,chest_xray_triage,blind_first,1,blind_first_precommit
R005,19,CASE003468,chest_xray_triage,blind_first,1,blind_first_precommit
R005,19,CASE003469,chest_xray_triage,blind_first,1,blind_first_precommit
R005,19,CASE003470,chest_xray_triage,blind_first,1,blind_first_precommit
R005,19,CASE003471,chest_xray_triage,blind_first,1,blind_first_precommit
R005,19,CASE003472,chest_xray_triage,blind_first,1,blind_first_precommit
R005,19,CASE003473,chest_xray_triage,blind_first,1,blind_first_precommit
R005,19,CASE003474,chest_xray_triage,blind_first,1,blind_first_precommit
R005,19,CASE003475,chest_xray_triage,blind_first,0,blind_first_precommit
R005,20,CASE003476,chest_xray_triage,blind_first,1,blind_first_precommit
R005,20,CASE003477,chest_xray_triage,blind_first,1,blind_first_precommit
R005,20,CASE003478,chest_xray_triage,blind_first,1,blind_first_precommit
R005,20,CASE003479,chest_xray_triage,blind_first,1,blind_first_precommit
R005,20,CASE003480,chest_xray_triage,blind_first,1,blind_first_precommit
R005,20,CASE003481,chest_xray_triage,blind_first,1,blind_first_precommit
R005,20,CASE003482,chest_xray_triage,blind_first,1,blind_first_precommit
R005,20,CASE003483,chest_xray_triage,blind_first,1,ai_not_shown
R005,20,CASE003484,chest_xray_triage,blind_first,1,blind_first_precommit
R005,20,CASE003485,chest_xray_triage,blind_first,1,blind_first_precommit
R005,20,CASE003486,chest_xray_triage,blind_first,0,blind_first_precommit
R005,20,CASE003487,chest_xray_triage,blind_first,1,blind_first_precommit
R005,20,CASE003488,chest_xray_triage,blind_first,1,blind_first_precommit
R005,20,CASE003489,chest_xray_triage,blind_first,1,blind_first_precommit
R005,20,CASE003490,chest_xray_triage,blind_first,1,blind_first_precommit
R005,20,CASE003491,chest_xray_triage,blind_first,1,blind_first_precommit
R005,20,CASE003492,chest_xray_triage,blind_first,1,blind_first_precommit
R005,20,CASE003493,chest_xray_triage,blind_first,1,blind_first_precommit
R005,20,CASE003494,chest_xray_triage,blind_first,0,blind_first_precommit
R005,20,CASE003495,chest_xray_triage,blind_first,1,blind_first_precommit
R005,20,CASE003496,chest_xray_triage,blind_first,0,blind_first_precommit
R005,20,CASE003497,chest_xray_triage,blind_first,1,blind_first_precommit
R005,20,CASE003498,chest_xray_triage,blind_first,1,blind_first_precommit
R005,20,CASE003499,chest_xray_triage,blind_first,1,blind_first_precommit
R005,20,CASE003500,chest_xray_triage,blind_first,1,blind_first_precommit
R005,21,CASE003501,chest_xray_triage,blind_first,1,blind_first_precommit
R005,21,CASE003502,chest_xray_triage,blind_first,1,blind_first_precommit
R005,21,CASE003503,chest_xray_triage,blind_first,1,blind_first_precommit
R005,21,CASE003504,chest_xray_triage,blind_first,0,blind_first_precommit
R005,21,CASE003505,chest_xray_triage,blind_first,1,blind_first_precommit
R005,21,CASE003506,chest_xray_triage,blind_first,1,blind_first_precommit
R005,21,CASE003507,chest_xray_triage,blind_first,1,blind_first_precommit
R005,21,CASE003508,chest_xray_triage,blind_first,1,blind_first_precommit
R005,21,CASE003509,chest_xray_triage,blind_first,0,blind_first_precommit
R005,21,CASE003510,chest_xray_triage,blind_first,0,blind_first_precommit
R005,21,CASE003511,chest_xray_triage,blind_first,0,blind_first_precommit
R005,21,CASE003512,chest_xray_triage,blind_first,1,blind_first_precommit
R005,21,CASE003513,chest_xray_triage,blind_first,1,blind_first_precommit
R005,21,CASE003514,chest_xray_triage,blind_first,1,blind_first_precommit
R005,21,CASE003515,chest_xray_triage,blind_first,1,blind_first_precommit
R005,21,CASE003516,chest_xray_triage,blind_first,1,blind_first_precommit
R005,21,CASE003517,chest_xray_triage,blind_first,1,blind_first_precommit
R005,21,CASE003518,chest_xray_triage,blind_first,1,blind_first_precommit
R005,21,CASE003519,chest_xray_triage,blind_first,1,blind_first_precommit
R005,21,CASE003520,chest_xray_triage,blind_first,1,blind_first_precommit
R005,21,CASE003521,chest_xray_triage,blind_first,1,blind_first_precommit
R005,21,CASE003522,chest_xray_triage,blind_first,1,blind_first_precommit
R005,21,CASE003523,chest_xray_triage,blind_first,1,blind_first_precommit
R005,21,CASE003524,chest_xray_triage,blind_first,1,blind_first_precommit
R005,21,CASE003525,chest_xray_triage,blind_first,1,blind_first_precommit
R005,22,CASE003526,chest_xray_triage,blind_first,1,blind_first_precommit
R005,22,CASE003527,chest_xray_triage,blind_first,1,blind_first_precommit
R005,22,CASE003528,chest_xray_triage,blind_first,1,blind_first_precommit
R005,22,CASE003529,chest_xray_triage,blind_first,1,blind_first_precommit
R005,22,CASE003530,chest_xray_triage,blind_first,1,blind_first_precommit
R005,22,CASE003531,chest_xray_triage,blind_first,1,blind_first_precommit
R005,22,CASE003532,chest_xray_triage,blind_first,1,blind_first_precommit
R005,22,CASE003533,chest_xray_triage,blind_first,1,blind_first_precommit
R005,22,CASE003534,chest_xray_triage,blind_first,1,blind_first_precommit
R005,22,CASE003535,chest_xray_triage,blind_first,1,blind_first_precommit
R005,22,CASE003536,chest_xray_triage,blind_first,1,blind_first_precommit
R005,22,CASE003537,chest_xray_triage,blind_first,0,blind_first_precommit
R005,22,CASE003538,chest_xray_triage,blind_first,0,blind_first_precommit
R005,22,CASE003539,chest_xray_triage,blind_first,1,blind_first_precommit
R005,22,CASE003540,chest_xray_triage,blind_first,1,blind_first_precommit
R005,22,CASE003541,chest_xray_triage,blind_first,1,blind_first_precommit
R005,22,CASE003542,chest_xray_triage,blind_first,1,blind_first_precommit
R005,22,CASE003543,chest_xray_triage,blind_first,1,blind_first_precommit
R005,22,CASE003544,chest_xray_triage,blind_first,0,blind_first_precommit
R005,22,CASE003545,chest_xray_triage,blind_first,1,blind_first_precommit
R005,22,CASE003546,chest_xray_triage,blind_first,1,blind_first_precommit
R005,22,CASE003547,chest_xray_triage,blind_first,1,blind_first_precommit
R005,22,CASE003548,chest_xray_triage,blind_first,1,blind_first_precommit
R005,22,CASE003549,chest_xray_triage,blind_first,1,blind_first_precommit
R005,22,CASE003550,chest_xray_triage,blind_first,1,blind_first_precommit
R005,23,CASE003551,chest_xray_triage,blind_first,1,blind_first_precommit
R005,23,CASE003552,chest_xray_triage,blind_first,1,blind_first_precommit
R005,23,CASE003553,chest_xray_triage,blind_first,1,blind_first_precommit
R005,23,CASE003554,chest_xray_triage,blind_first,0,blind_first_precommit
R005,23,CASE003555,chest_xray_triage,blind_first,1,blind_first_precommit
R005,23,CASE003556,chest_xray_triage,blind_first,1,blind_first_precommit
R005,23,CASE003557,chest_xray_triage,blind_first,1,blind_first_precommit
R005,23,CASE003558,chest_xray_triage,blind_first,1,blind_first_precommit
R005,23,CASE003559,chest_xray_triage,blind_first,1,blind_first_precommit
R005,23,CASE003560,chest_xray_triage,blind_first,1,blind_first_precommit
R005,23,CASE003561,chest_xray_triage,blind_first,1,blind_first_precommit
R005,23,CASE003562,chest_xray_triage,blind_first,1,blind_first_precommit
R005,23,CASE003563,chest_xray_triage,blind_first,1,blind_first_precommit
R005,23,CASE003564,chest_xray_triage,blind_first,1,ai_not_shown
R005,23,CASE003565,chest_xray_triage,blind_first,1,blind_first_precommit
R005,23,CASE003566,chest_xray_triage,blind_first,1,blind_first_precommit
R005,23,CASE003567,chest_xray_triage,blind_first,1,blind_first_precommit
R005,23,CASE003568,chest_xray_triage,blind_first,1,blind_first_precommit
R005,23,CASE003569,chest_xray_triage,blind_first,1,blind_first_precommit
R005,23,CASE003570,chest_xray_triage,blind_first,1,blind_first_precommit
R005,23,CASE003571,chest_xray_triage,blind_first,1,blind_first_precommit
R005,23,CASE003572,chest_xray_triage,blind_first,1,blind_first_precommit
R005,23,CASE003573,chest_xray_triage,blind_first,1,blind_first_precommit
R005,23,CASE003574,chest_xray_triage,blind_first,1,blind_first_precommit
R005,23,CASE003575,chest_xray_triage,blind_first,1,blind_first_precommit
R005,24,CASE003576,chest_xray_triage,blind_first,1,blind_first_precommit
R005,24,CASE003577,chest_xray_triage,blind_first,1,blind_first_precommit
R005,24,CASE003578,chest_xray_triage,blind_first,1,blind_first_precommit
R005,24,CASE003579,chest_xray_triage,blind_first,1,blind_first_precommit
R005,24,CASE003580,chest_xray_triage,blind_first,1,blind_first_precommit
R005,24,CASE003581,chest_xray_triage,blind_first,1,blind_first_precommit
R005,24,CASE003582,chest_xray_triage,blind_first,0,blind_first_precommit
R005,24,CASE003583,chest_xray_triage,blind_first,1,blind_first_precommit
R005,24,CASE003584,chest_xray_triage,blind_first,1,blind_first_precommit
R005,24,CASE003585,chest_xray_triage,blind_first,1,blind_first_precommit
R005,24,CASE003586,chest_xray_triage,blind_first,0,blind_first_precommit
R005,24,CASE003587,chest_xray_triage,blind_first,1,blind_first_precommit
R005,24,CASE003588,chest_xray_triage,blind_first,1,blind_first_precommit
R005,24,CASE003589,chest_xray_triage,blind_first,1,blind_first_precommit
R005,24,CASE003590,chest_xray_triage,blind_first,1,blind_first_precommit
R005,24,CASE003591,chest_xray_triage,blind_first,1,blind_first_precommit
R005,24,CASE003592,chest_xray_triage,blind_first,1,blind_first_precommit
R005,24,CASE003593,chest_xray_triage,blind_first,1,blind_first_precommit
R005,24,CASE003594,chest_xray_triage,blind_first,1,blind_first_precommit
R005,24,CASE003595,chest_xray_triage,blind_first,1,blind_first_precommit
R005,24,CASE003596,chest_xray_triage,blind_first,0,blind_first_precommit
R005,24,CASE003597,chest_xray_triage,blind_first,1,blind_first_precommit
R005,24,CASE003598,chest_xray_triage,blind_first,1,ai_not_shown
R005,24,CASE003599,chest_xray_triage,blind_first,1,blind_first_precommit
R005,24,CASE003600,chest_xray_triage,blind_first,1,ai_not_shown
R006,1,CASE003606,chest_xray_triage,withheld_ai,0,ai_not_shown
R006,1,CASE003609,chest_xray_triage,withheld_ai,1,ai_not_shown
R006,1,CASE003611,chest_xray_triage,withheld_ai,1,ai_not_shown
R006,1,CASE003614,chest_xray_triage,withheld_ai,1,ai_not_shown
R006,2,CASE003637,chest_xray_triage,withheld_ai,1,ai_not_shown
R006,2,CASE003639,chest_xray_triage,withheld_ai,1,ai_not_shown
R006,2,CASE003640,chest_xray_triage,withheld_ai,1,ai_not_shown
R006,2,CASE003649,chest_xray_triage,withheld_ai,1,ai_not_shown
R006,3,CASE003652,chest_xray_triage,withheld_ai,0,ai_not_shown
R006,3,CASE003653,chest_xray_triage,withheld_ai,1,ai_not_shown
R006,3,CASE003664,chest_xray_triage,withheld_ai,1,ai_not_shown
R006,3,CASE003667,chest_xray_triage,withheld_ai,1,ai_not_shown
R006,4,CASE003693,chest_xray_triage,withheld_ai,1,ai_not_shown
R006,4,CASE003697,chest_xray_triage,withheld_ai,1,ai_not_shown
R006,5,CASE003703,chest_xray_triage,withheld_ai,0,ai_not_shown
R006,5,CASE003709,chest_xray_triage,withheld_ai,1,ai_not_shown
R006,5,CASE003716,chest_xray_triage,withheld_ai,0,ai_not_shown
R006,5,CASE003720,chest_xray_triage,withheld_ai,1,ai_not_shown
R006,5,CASE003721,chest_xray_triage,withheld_ai,1,ai_not_shown
R006,5,CASE003724,chest_xray_triage,withheld_ai,1,ai_not_shown
R006,6,CASE003726,chest_xray_triage,withheld_ai,1,ai_not_shown
R006,6,CASE003732,chest_xray_triage,withheld_ai,1,ai_not_shown
R006,6,CASE003740,chest_xray_triage,withheld_ai,1,ai_not_shown
R006,6,CASE003741,chest_xray_triage,withheld_ai,1,ai_not_shown
R006,6,CASE003748,chest_xray_triage,withheld_ai,1,ai_not_shown
R006,6,CASE003750,chest_xray_triage,withheld_ai,1,ai_not_shown
R006,7,CASE003762,chest_xray_triage,withheld_ai,0,ai_not_shown
R006,7,CASE003767,chest_xray_triage,withheld_ai,0,ai_not_shown
R006,7,CASE003772,chest_xray_triage,withheld_ai,1,ai_not_shown
R006,8,CASE003780,chest_xray_triage,withheld_ai,1,ai_not_shown
R006,9,CASE003820,chest_xray_triage,withheld_ai,1,ai_not_shown
R006,9,CASE003824,chest_xray_triage,withheld_ai,1,ai_not_shown
R006,10,CASE003827,chest_xray_triage,withheld_ai,0,ai_not_shown
R006,10,CASE003829,chest_xray_triage,withheld_ai,1,ai_not_shown
R006,10,CASE003834,chest_xray_triage,withheld_ai,1,ai_not_shown
R006,10,CASE003836,chest_xray_triage,withheld_ai,1,ai_not_shown
R006,10,CASE003841,chest_xray_triage,withheld_ai,0,ai_not_shown
R006,11,CASE003852,chest_xray_triage,withheld_ai,1,ai_not_shown
R006,11,CASE003855,chest_xray_triage,withheld_ai,0,ai_not_shown
R006,11,CASE003863,chest_xray_triage,withheld_ai,0,ai_not_shown
R006,11,CASE003875,chest_xray_triage,withheld_ai,1,ai_not_shown
R006,12,CASE003876,chest_xray_triage,withheld_ai,1,ai_not_shown
R006,12,CASE003878,chest_xray_triage,withheld_ai,1,ai_not_shown
R006,12,CASE003882,chest_xray_triage,withheld_ai,1,ai_not_shown
R006,12,CASE003886,chest_xray_triage,withheld_ai,0,ai_not_shown
R006,12,CASE003887,chest_xray_triage,withheld_ai,0,ai_not_shown
R006,13,CASE003901,chest_xray_triage,withheld_ai,0,ai_not_shown
R006,13,CASE003906,chest_xray_triage,withheld_ai,0,ai_not_shown
R006,13,CASE003908,chest_xray_triage,withheld_ai,0,ai_not_shown
R006,13,CASE003910,chest_xray_triage,withheld_ai,1,ai_not_shown
R006,13,CASE003916,chest_xray_triage,withheld_ai,1,ai_not_shown
R006,13,CASE003923,chest_xray_triage,withheld_ai,0,ai_not_shown
R006,14,CASE003933,chest_xray_triage,withheld_ai,1,ai_not_shown
R006,14,CASE003940,chest_xray_triage,withheld_ai,1,ai_not_shown
R006,14,CASE003942,chest_xray_triage,withheld_ai,0,ai_not_shown
R006,15,CASE003956,chest_xray_triage,withheld_ai,1,ai_not_shown
R006,15,CASE003963,chest_xray_triage,withheld_ai,1,ai_not_shown
R006,15,CASE003968,chest_xray_triage,withheld_ai,1,ai_not_shown
R006,16,CASE003989,chest_xray_triage,withheld_ai,1,ai_not_shown
R006,16,CASE003990,chest_xray_triage,withheld_ai,1,ai_not_shown
R006,16,CASE003992,chest_xray_triage,withheld_ai,1,ai_not_shown
R006,16,CASE003995,chest_xray_triage,withheld_ai,1,ai_not_shown
R006,16,CASE004000,chest_xray_triage,withheld_ai,1,ai_not_shown
R006,17,CASE004008,chest_xray_triage,withheld_ai,1,ai_not_shown
R006,17,CASE004024,chest_xray_triage,withheld_ai,0,ai_not_shown
R006,18,CASE004033,chest_xray_triage,withheld_ai,0,ai_not_shown
R006,18,CASE004036,chest_xray_triage,withheld_ai,0,ai_not_shown
R006,18,CASE004039,chest_xray_triage,withheld_ai,0,ai_not_shown
R006,18,CASE004043,chest_xray_triage,withheld_ai,1,ai_not_shown
R006,18,CASE004046,chest_xray_triage,withheld_ai,0,ai_not_shown
R006,19,CASE004055,chest_xray_triage,withheld_ai,1,ai_not_shown
R006,19,CASE004061,chest_xray_triage,withheld_ai,0,ai_not_shown
R006,19,CASE004065,chest_xray_triage,withheld_ai,1,ai_not_shown
R006,19,CASE004067,chest_xray_triage,withheld_ai,1,ai_not_shown
R006,19,CASE004073,chest_xray_triage,withheld_ai,1,ai_not_shown
R006,19,CASE004074,chest_xray_triage,withheld_ai,0,ai_not_shown
R006,20,CASE004076,chest_xray_triage,withheld_ai,0,ai_not_shown
R006,20,CASE004086,chest_xray_triage,withheld_ai,1,ai_not_shown
R006,20,CASE004090,chest_xray_triage,withheld_ai,1,ai_not_shown
R006,21,CASE004102,chest_xray_triage,withheld_ai,1,ai_not_shown
R006,21,CASE004106,chest_xray_triage,withheld_ai,1,ai_not_shown
R006,21,CASE004110,chest_xray_triage,withheld_ai,0,ai_not_shown
R006,21,CASE004114,chest_xray_triage,withheld_ai,0,ai_not_shown
R006,21,CASE004115,chest_xray_triage,withheld_ai,0,ai_not_shown
R006,21,CASE004119,chest_xray_triage,withheld_ai,0,ai_not_shown
R006,21,CASE004120,chest_xray_triage,withheld_ai,0,ai_not_shown
R006,22,CASE004135,chest_xray_triage,withheld_ai,1,ai_not_shown
R006,22,CASE004148,chest_xray_triage,withheld_ai,0,ai_not_shown
R006,23,CASE004152,chest_xray_triage,withheld_ai,0,ai_not_shown
R006,23,CASE004155,chest_xray_triage,withheld_ai,1,ai_not_shown
R006,23,CASE004166,chest_xray_triage,withheld_ai,1,ai_not_shown
R006,24,CASE004179,chest_xray_triage,withheld_ai,1,ai_not_shown
R006,24,CASE004182,chest_xray_triage,withheld_ai,1,ai_not_shown
R006,24,CASE004184,chest_xray_triage,withheld_ai,1,ai_not_shown
R006,24,CASE004187,chest_xray_triage,withheld_ai,1,ai_not_shown
R006,24,CASE004188,chest_xray_triage,withheld_ai,1,ai_not_shown
R006,24,CASE004195,chest_xray_triage,withheld_ai,0,ai_not_shown
R007,1,CASE004208,chest_xray_triage,disagreement_prompt,1,ai_not_shown
R007,2,CASE004236,chest_xray_triage,disagreement_prompt,1,ai_not_shown
R007,2,CASE004244,chest_xray_triage,disagreement_prompt,1,ai_not_shown
R007,2,CASE004248,chest_xray_triage,disagreement_prompt,1,ai_not_shown
R007,3,CASE004259,chest_xray_triage,disagreement_prompt,1,ai_not_shown
R007,3,CASE004269,chest_xray_triage,disagreement_prompt,1,ai_not_shown
R007,4,CASE004292,chest_xray_triage,disagreement_prompt,1,ai_not_shown
R007,5,CASE004317,chest_xray_triage,disagreement_prompt,1,ai_not_shown
R007,5,CASE004325,chest_xray_triage,disagreement_prompt,1,ai_not_shown
R007,7,CASE004353,chest_xray_triage,disagreement_prompt,1,ai_not_shown
R007,8,CASE004377,chest_xray_triage,disagreement_prompt,1,ai_not_shown
R007,9,CASE004415,chest_xray_triage,disagreement_prompt,1,ai_not_shown
R007,10,CASE004440,chest_xray_triage,disagreement_prompt,1,ai_not_shown
R007,12,CASE004481,chest_xray_triage,disagreement_prompt,1,ai_not_shown
R007,13,CASE004517,chest_xray_triage,disagreement_prompt,1,ai_not_shown
R007,14,CASE004530,chest_xray_triage,disagreement_prompt,1,ai_not_shown
R007,14,CASE004534,chest_xray_triage,disagreement_prompt,1,ai_not_shown
R007,14,CASE004546,chest_xray_triage,disagreement_prompt,1,ai_not_shown
R007,14,CASE004549,chest_xray_triage,disagreement_prompt,1,ai_not_shown
R007,15,CASE004552,chest_xray_triage,disagreement_prompt,1,ai_not_shown
R007,17,CASE004612,chest_xray_triage,disagreement_prompt,1,ai_not_shown
R007,18,CASE004640,chest_xray_triage,disagreement_prompt,1,ai_not_shown
R007,18,CASE004645,chest_xray_triage,disagreement_prompt,1,ai_not_shown
R007,19,CASE004659,chest_xray_triage,disagreement_prompt,1,ai_not_shown
R007,19,CASE004661,chest_xray_triage,disagreement_prompt,1,ai_not_shown
R007,20,CASE004679,chest_xray_triage,disagreement_prompt,1,ai_not_shown
R007,20,CASE004692,chest_xray_triage,disagreement_prompt,0,ai_not_shown
R007,20,CASE004693,chest_xray_triage,disagreement_prompt,1,ai_not_shown
R007,21,CASE004703,chest_xray_triage,disagreement_prompt,0,ai_not_shown
R007,22,CASE004742,chest_xray_triage,disagreement_prompt,1,ai_not_shown
R007,23,CASE004752,chest_xray_triage,disagreement_prompt,1,ai_not_shown
R007,24,CASE004788,chest_xray_triage,disagreement_prompt,1,ai_not_shown
R007,24,CASE004795,chest_xray_triage,disagreement_prompt,1,ai_not_shown
R008,1,CASE004814,chest_xray_triage,control_always_ai,1,ai_not_shown
R008,2,CASE004826,chest_xray_triage,control_always_ai,0,ai_not_shown
R008,3,CASE004867,chest_xray_triage,control_always_ai,1,ai_not_shown
R008,3,CASE004874,chest_xray_triage,control_always_ai,1,ai_not_shown
R008,4,CASE004884,chest_xray_triage,control_always_ai,1,ai_not_shown
R008,4,CASE004888,chest_xray_triage,control_always_ai,1,ai_not_shown
R008,5,CASE004904,chest_xray_triage,control_always_ai,1,ai_not_shown
R008,5,CASE004905,chest_xray_triage,control_always_ai,1,ai_not_shown
R008,5,CASE004917,chest_xray_triage,control_always_ai,1,ai_not_shown
R008,6,CASE004929,chest_xray_triage,control_always_ai,1,ai_not_shown
R008,6,CASE004944,chest_xray_triage,control_always_ai,1,ai_not_shown
R008,7,CASE004954,chest_xray_triage,control_always_ai,1,ai_not_shown
R008,7,CASE004970,chest_xray_triage,control_always_ai,1,ai_not_shown
R008,7,CASE004975,chest_xray_triage,control_always_ai,1,ai_not_shown
R008,8,CASE004984,chest_xray_triage,control_always_ai,1,ai_not_shown
R008,8,CASE004986,chest_xray_triage,control_always_ai,0,ai_not_shown
R008,9,CASE005002,chest_xray_triage,control_always_ai,1,ai_not_shown
R008,9,CASE005005,chest_xray_triage,control_always_ai,1,ai_not_shown
R008,9,CASE005010,chest_xray_triage,control_always_ai,1,ai_not_shown
R008,9,CASE005012,chest_xray_triage,control_always_ai,1,ai_not_shown
R008,9,CASE005022,chest_xray_triage,control_always_ai,1,ai_not_shown
R008,10,CASE005044,chest_xray_triage,control_always_ai,1,ai_not_shown
R008,11,CASE005068,chest_xray_triage,control_always_ai,1,ai_not_shown
R008,11,CASE005075,chest_xray_triage,control_always_ai,1,ai_not_shown
R008,14,CASE005141,chest_xray_triage,control_always_ai,1,ai_not_shown
R008,14,CASE005147,chest_xray_triage,control_always_ai,0,ai_not_shown
R008,15,CASE005152,chest_xray_triage,control_always_ai,1,ai_not_shown
R008,15,CASE005158,chest_xray_triage,control_always_ai,1,ai_not_shown
R008,15,CASE005171,chest_xray_triage,control_always_ai,0,ai_not_shown
R008,17,CASE005206,chest_xray_triage,control_always_ai,1,ai_not_shown
R008,18,CASE005243,chest_xray_triage,control_always_ai,1,ai_not_shown
R008,19,CASE005271,chest_xray_triage,control_always_ai,0,ai_not_shown
R008,20,CASE005280,chest_xray_triage,control_always_ai,1,ai_not_shown
R008,20,CASE005287,chest_xray_triage,control_always_ai,0,ai_not_shown
R008,21,CASE005321,chest_xray_triage,control_always_ai,1,ai_not_shown
R008,22,CASE005346,chest_xray_triage,control_always_ai,1,ai_not_shown
R008,23,CASE005356,chest_xray_triage,control_always_ai,0,ai_not_shown
R008,23,CASE005357,chest_xray_triage,control_always_ai,1,ai_not_shown
R008,24,CASE005386,chest_xray_triage,control_always_ai,0,ai_not_shown
R008,24,CASE005393,chest_xray_triage,control_always_ai,1,ai_not_shown
R009,1,CASE005401,chest_xray_triage,blind_first,1,blind_first_precommit
R009,1,CASE005402,chest_xray_triage,blind_first,1,blind_first_precommit
R009,1,CASE005403,chest_xray_triage,blind_first,1,blind_first_precommit
R009,1,CASE005404,chest_xray_triage,blind_first,1,blind_first_precommit
R009,1,CASE005405,chest_xray_triage,blind_first,1,blind_first_precommit
R009,1,CASE005406,chest_xray_triage,blind_first,0,blind_first_precommit
R009,1,CASE005407,chest_xray_triage,blind_first,1,blind_first_precommit
R009,1,CASE005408,chest_xray_triage,blind_first,1,blind_first_precommit
R009,1,CASE005409,chest_xray_triage,blind_first,1,blind_first_precommit
R009,1,CASE005410,chest_xray_triage,blind_first,1,blind_first_precommit
R009,1,CASE005411,chest_xray_triage,blind_first,1,blind_first_precommit
R009,1,CASE005412,chest_xray_triage,blind_first,1,blind_first_precommit
R009,1,CASE005413,chest_xray_triage,blind_first,1,blind_first_precommit
R009,1,CASE005414,chest_xray_triage,blind_first,1,blind_first_precommit
R009,1,CASE005415,chest_xray_triage,blind_first,1,blind_first_precommit
R009,1,CASE005416,chest_xray_triage,blind_first,1,blind_first_precommit
R009,1,CASE005417,chest_xray_triage,blind_first,1,blind_first_precommit
R009,1,CASE005418,chest_xray_triage,blind_first,1,blind_first_precommit
R009,1,CASE005419,chest_xray_triage,blind_first,1,blind_first_precommit
R009,1,CASE005420,chest_xray_triage,blind_first,1,blind_first_precommit
R009,1,CASE005421,chest_xray_triage,blind_first,1,blind_first_precommit
R009,1,CASE005422,chest_xray_triage,blind_first,1,blind_first_precommit
R009,1,CASE005423,chest_xray_triage,blind_first,1,blind_first_precommit
R009,1,CASE005424,chest_xray_triage,blind_first,1,blind_first_precommit
R009,1,CASE005425,chest_xray_triage,blind_first,1,blind_first_precommit
R009,2,CASE005426,chest_xray_triage,blind_first,1,blind_first_precommit
R009,2,CASE005427,chest_xray_triage,blind_first,1,blind_first_precommit
R009,2,CASE005428,chest_xray_triage,blind_first,1,blind_first_precommit
R009,2,CASE005429,chest_xray_triage,blind_first,1,blind_first_precommit
R009,2,CASE005430,chest_xray_triage,blind_first,1,blind_first_precommit
R009,2,CASE005431,chest_xray_triage,blind_first,1,blind_first_precommit
R009,2,CASE005432,chest_xray_triage,blind_first,1,blind_first_precommit
R009,2,CASE005433,chest_xray_triage,blind_first,1,blind_first_precommit
R009,2,CASE005434,chest_xray_triage,blind_first,1,blind_first_precommit
R009,2,CASE005435,chest_xray_triage,blind_first,1,blind_first_precommit
R009,2,CASE005436,chest_xray_triage,blind_first,1,blind_first_precommit
R009,2,CASE005437,chest_xray_triage,blind_first,1,ai_not_shown
R009,2,CASE005438,chest_xray_triage,blind_first,0,blind_first_precommit
R009,2,CASE005439,chest_xray_triage,blind_first,1,blind_first_precommit
R009,2,CASE005440,chest_xray_triage,blind_first,1,blind_first_precommit
R009,2,CASE005441,chest_xray_triage,blind_first,1,blind_first_precommit
R009,2,CASE005442,chest_xray_triage,blind_first,1,blind_first_precommit
R009,2,CASE005443,chest_xray_triage,blind_first,1,blind_first_precommit
R009,2,CASE005444,chest_xray_triage,blind_first,1,blind_first_precommit
R009,2,CASE005445,chest_xray_triage,blind_first,1,blind_first_precommit
R009,2,CASE005446,chest_xray_triage,blind_first,1,blind_first_precommit
R009,2,CASE005447,chest_xray_triage,blind_first,1,ai_not_shown
R009,2,CASE005448,chest_xray_triage,blind_first,1,blind_first_precommit
R009,2,CASE005449,chest_xray_triage,blind_first,1,blind_first_precommit
R009,2,CASE005450,chest_xray_triage,blind_first,1,blind_first_precommit
R009,3,CASE005451,chest_xray_triage,blind_first,1,blind_first_precommit
R009,3,CASE005452,chest_xray_triage,blind_first,0,blind_first_precommit
R009,3,CASE005453,chest_xray_triage,blind_first,1,blind_first_precommit
R009,3,CASE005454,chest_xray_triage,blind_first,1,blind_first_precommit
R009,3,CASE005455,chest_xray_triage,blind_first,1,blind_first_precommit
R009,3,CASE005456,chest_xray_triage,blind_first,1,blind_first_precommit
R009,3,CASE005457,chest_xray_triage,blind_first,1,blind_first_precommit
R009,3,CASE005458,chest_xray_triage,blind_first,0,blind_first_precommit
R009,3,CASE005459,chest_xray_triage,blind_first,1,blind_first_precommit
R009,3,CASE005460,chest_xray_triage,blind_first,1,blind_first_precommit
R009,3,CASE005461,chest_xray_triage,blind_first,1,blind_first_precommit
R009,3,CASE005462,chest_xray_triage,blind_first,0,blind_first_precommit
R009,3,CASE005463,chest_xray_triage,blind_first,0,blind_first_precommit
R009,3,CASE005464,chest_xray_triage,blind_first,1,blind_first_precommit
R009,3,CASE005465,chest_xray_triage,blind_first,1,blind_first_precommit
R009,3,CASE005466,chest_xray_triage,blind_first,1,blind_first_precommit
R009,3,CASE005467,chest_xray_triage,blind_first,1,blind_first_precommit
R009,3,CASE005468,chest_xray_triage,blind_first,1,blind_first_precommit
R009,3,CASE005469,chest_xray_triage,blind_first,1,blind_first_precommit
R009,3,CASE005470,chest_xray_triage,blind_first,1,blind_first_precommit
R009,3,CASE005471,chest_xray_triage,blind_first,1,blind_first_precommit
R009,3,CASE005472,chest_xray_triage,blind_first,1,blind_first_precommit
R009,3,CASE005473,chest_xray_triage,blind_first,1,blind_first_precommit
R009,3,CASE005474,chest_xray_triage,blind_first,1,blind_first_precommit
R009,3,CASE005475,chest_xray_triage,blind_first,0,blind_first_precommit
R009,4,CASE005476,chest_xray_triage,blind_first,1,blind_first_precommit
R009,4,CASE005477,chest_xray_triage,blind_first,1,blind_first_precommit
R009,4,CASE005478,chest_xray_triage,blind_first,0,blind_first_precommit
R009,4,CASE005479,chest_xray_triage,blind_first,1,blind_first_precommit
R009,4,CASE005480,chest_xray_triage,blind_first,1,blind_first_precommit
R009,4,CASE005481,chest_xray_triage,blind_first,1,blind_first_precommit
R009,4,CASE005482,chest_xray_triage,blind_first,1,blind_first_precommit
R009,4,CASE005483,chest_xray_triage,blind_first,1,blind_first_precommit
R009,4,CASE005484,chest_xray_triage,blind_first,1,blind_first_precommit
R009,4,CASE005485,chest_xray_triage,blind_first,1,blind_first_precommit
R009,4,CASE005486,chest_xray_triage,blind_first,1,blind_first_precommit
R009,4,CASE005487,chest_xray_triage,blind_first,1,blind_first_precommit
R009,4,CASE005488,chest_xray_triage,blind_first,1,blind_first_precommit
R009,4,CASE005489,chest_xray_triage,blind_first,1,blind_first_precommit
R009,4,CASE005490,chest_xray_triage,blind_first,0,blind_first_precommit
R009,4,CASE005491,chest_xray_triage,blind_first,1,blind_first_precommit
R009,4,CASE005492,chest_xray_triage,blind_first,1,ai_not_shown
R009,4,CASE005493,chest_xray_triage,blind_first,1,blind_first_precommit
R009,4,CASE005494,chest_xray_triage,blind_first,1,blind_first_precommit
R009,4,CASE005495,chest_xray_triage,blind_first,1,blind_first_precommit
R009,4,CASE005496,chest_xray_triage,blind_first,1,blind_first_precommit
R009,4,CASE005497,chest_xray_triage,blind_first,1,ai_not_shown
R009,4,CASE005498,chest_xray_triage,blind_first,1,blind_first_precommit
R009,4,CASE005499,chest_xray_triage,blind_first,1,blind_first_precommit
R009,4,CASE005500,chest_xray_triage,blind_first,0,blind_first_precommit
R009,5,CASE005501,chest_xray_triage,blind_first,1,blind_first_precommit
R009,5,CASE005502,chest_xray_triage,blind_first,0,blind_first_precommit
R009,5,CASE005503,chest_xray_triage,blind_first,1,blind_first_precommit
R009,5,CASE005504,chest_xray_triage,blind_first,1,blind_first_precommit
R009,5,CASE005505,chest_xray_triage,blind_first,1,blind_first_precommit
R009,5,CASE005506,chest_xray_triage,blind_first,1,blind_first_precommit
R009,5,CASE005507,chest_xray_triage,blind_first,1,blind_first_precommit
R009,5,CASE005508,chest_xray_triage,blind_first,1,blind_first_precommit
R009,5,CASE005509,chest_xray_triage,blind_first,1,blind_first_precommit
R009,5,CASE005510,chest_xray_triage,blind_first,1,ai_not_shown
R009,5,CASE005511,chest_xray_triage,blind_first,1,blind_first_precommit
R009,5,CASE005512,chest_xray_triage,blind_first,1,blind_first_precommit
R009,5,CASE005513,chest_xray_triage,blind_first,1,blind_first_precommit
R009,5,CASE005514,chest_xray_triage,blind_first,1,blind_first_precommit
R009,5,CASE005515,chest_xray_triage,blind_first,1,blind_first_precommit
R009,5,CASE005516,chest_xray_triage,blind_first,1,blind_first_precommit
R009,5,CASE005517,chest_xray_triage,blind_first,1,ai_not_shown
R009,5,CASE005518,chest_xray_triage,blind_first,1,blind_first_precommit
R009,5,CASE005519,chest_xray_triage,blind_first,1,blind_first_precommit
R009,5,CASE005520,chest_xray_triage,blind_first,0,blind_first_precommit
R009,5,CASE005521,chest_xray_triage,blind_first,1,blind_first_precommit
R009,5,CASE005522,chest_xray_triage,blind_first,1,blind_first_precommit
R009,5,CASE005523,chest_xray_triage,blind_first,1,blind_first_precommit
R009,5,CASE005524,chest_xray_triage,blind_first,1,blind_first_precommit
R009,5,CASE005525,chest_xray_triage,blind_first,0,blind_first_precommit
R009,6,CASE005526,chest_xray_triage,blind_first,1,blind_first_precommit
R009,6,CASE005527,chest_xray_triage,blind_first,1,blind_first_precommit
R009,6,CASE005528,chest_xray_triage,blind_first,1,blind_first_precommit
R009,6,CASE005529,chest_xray_triage,blind_first,1,blind_first_precommit
R009,6,CASE005530,chest_xray_triage,blind_first,1,blind_first_precommit
R009,6,CASE005531,chest_xray_triage,blind_first,1,blind_first_precommit
R009,6,CASE005532,chest_xray_triage,blind_first,1,ai_not_shown
R009,6,CASE005533,chest_xray_triage,blind_first,1,blind_first_precommit
R009,6,CASE005534,chest_xray_triage,blind_first,1,blind_first_precommit
R009,6,CASE005535,chest_xray_triage,blind_first,1,blind_first_precommit
R009,6,CASE005536,chest_xray_triage,blind_first,1,blind_first_precommit
R009,6,CASE005537,chest_xray_triage,blind_first,1,blind_first_precommit
R009,6,CASE005538,chest_xray_triage,blind_first,1,blind_first_precommit
R009,6,CASE005539,chest_xray_triage,blind_first,1,blind_first_precommit
R009,6,CASE005540,chest_xray_triage,blind_first,1,blind_first_precommit
R009,6,CASE005541,chest_xray_triage,blind_first,1,blind_first_precommit
R009,6,CASE005542,chest_xray_triage,blind_first,1,blind_first_precommit
R009,6,CASE005543,chest_xray_triage,blind_first,0,blind_first_precommit
R009,6,CASE005544,chest_xray_triage,blind_first,1,blind_first_precommit
R009,6,CASE005545,chest_xray_triage,blind_first,1,blind_first_precommit
R009,6,CASE005546,chest_xray_triage,blind_first,1,blind_first_precommit
R009,6,CASE005547,chest_xray_triage,blind_first,1,blind_first_precommit
R009,6,CASE005548,chest_xray_triage,blind_first,1,blind_first_precommit
R009,6,CASE005549,chest_xray_triage,blind_first,1,blind_first_precommit
R009,6,CASE005550,chest_xray_triage,blind_first,1,blind_first_precommit
R009,7,CASE005551,chest_xray_triage,blind_first,1,blind_first_precommit
R009,7,CASE005552,chest_xray_triage,blind_first,1,blind_first_precommit
R009,7,CASE005553,chest_xray_triage,blind_first,1,blind_first_precommit
R009,7,CASE005554,chest_xray_triage,blind_first,1,blind_first_precommit
R009,7,CASE005555,chest_xray_triage,blind_first,1,blind_first_precommit
R009,7,CASE005556,chest_xray_triage,blind_first,0,blind_first_precommit
R009,7,CASE005557,chest_xray_triage,blind_first,1,blind_first_precommit
R009,7,CASE005558,chest_xray_triage,blind_first,1,blind_first_precommit
R009,7,CASE005559,chest_xray_triage,blind_first,1,blind_first_precommit
R009,7,CASE005560,chest_xray_triage,blind_first,1,blind_first_precommit
R009,7,CASE005561,chest_xray_triage,blind_first,1,blind_first_precommit
R009,7,CASE005562,chest_xray_triage,blind_first,1,blind_first_precommit
R009,7,CASE005563,chest_xray_triage,blind_first,0,blind_first_precommit
R009,7,CASE005564,chest_xray_triage,blind_first,1,blind_first_precommit
R009,7,CASE005565,chest_xray_triage,blind_first,0,blind_first_precommit
R009,7,CASE005566,chest_xray_triage,blind_first,1,blind_first_precommit
R009,7,CASE005567,chest_xray_triage,blind_first,1,blind_first_precommit
R009,7,CASE005568,chest_xray_triage,blind_first,1,blind_first_precommit
R009,7,CASE005569,chest_xray_triage,blind_first,1,blind_first_precommit
R009,7,CASE005570,chest_xray_triage,blind_first,1,blind_first_precommit
R009,7,CASE005571,chest_xray_triage,blind_first,1,ai_not_shown
R009,7,CASE005572,chest_xray_triage,blind_first,1,blind_first_precommit
R009,7,CASE005573,chest_xray_triage,blind_first,0,blind_first_precommit
R009,7,CASE005574,chest_xray_triage,blind_first,1,blind_first_precommit
R009,7,CASE005575,chest_xray_triage,blind_first,1,blind_first_precommit
R009,8,CASE005576,chest_xray_triage,blind_first,0,blind_first_precommit
R009,8,CASE005577,chest_xray_triage,blind_first,1,blind_first_precommit
R009,8,CASE005578,chest_xray_triage,blind_first,0,ai_not_shown
R009,8,CASE005579,chest_xray_triage,blind_first,1,blind_first_precommit
R009,8,CASE005580,chest_xray_triage,blind_first,1,blind_first_precommit
R009,8,CASE005581,chest_xray_triage,blind_first,1,blind_first_precommit
R009,8,CASE005582,chest_xray_triage,blind_first,1,blind_first_precommit
R009,8,CASE005583,chest_xray_triage,blind_first,1,blind_first_precommit
R009,8,CASE005584,chest_xray_triage,blind_first,1,blind_first_precommit
R009,8,CASE005585,chest_xray_triage,blind_first,1,blind_first_precommit
R009,8,CASE005586,chest_xray_triage,blind_first,1,blind_first_precommit
R009,8,CASE005587,chest_xray_triage,blind_first,0,blind_first_precommit
R009,8,CASE005588,chest_xray_triage,blind_first,1,blind_first_precommit
R009,8,CASE005589,chest_xray_triage,blind_first,1,blind_first_precommit
R009,8,CASE005590,chest_xray_triage,blind_first,1,blind_first_precommit
R009,8,CASE005591,chest_xray_triage,blind_first,1,blind_first_precommit
R009,8,CASE005592,chest_xray_triage,blind_first,1,blind_first_precommit
R009,8,CASE005593,chest_xray_triage,blind_first,1,ai_not_shown
R009,8,CASE005594,chest_xray_triage,blind_first,1,blind_first_precommit
R009,8,CASE005595,chest_xray_triage,blind_first,1,blind_first_precommit
R009,8,CASE005596,chest_xray_triage,blind_first,1,blind_first_precommit
R009,8,CASE005597,chest_xray_triage,blind_first,1,blind_first_precommit
R009,8,CASE005598,chest_xray_triage,blind_first,0,blind_first_precommit
R009,8,CASE005599,chest_xray_triage,blind_first,1,blind_first_precommit
R009,8,CASE005600,chest_xray_triage,blind_first,1,blind_first_precommit
R009,9,CASE005601,chest_xray_triage,blind_first,1,blind_first_precommit
R009,9,CASE005602,chest_xray_triage,blind_first,1,blind_first_precommit
R009,9,CASE005603,chest_xray_triage,blind_first,1,ai_not_shown
R009,9,CASE005604,chest_xray_triage,blind_first,1,blind_first_precommit
R009,9,CASE005605,chest_xray_triage,blind_first,1,blind_first_precommit
R009,9,CASE005606,chest_xray_triage,blind_first,1,blind_first_precommit
R009,9,CASE005607,chest_xray_triage,blind_first,1,blind_first_precommit
R009,9,CASE005608,chest_xray_triage,blind_first,1,blind_first_precommit
R009,9,CASE005609,chest_xray_triage,blind_first,1,blind_first_precommit
R009,9,CASE005610,chest_xray_triage,blind_first,1,blind_first_precommit
R009,9,CASE005611,chest_xray_triage,blind_first,0,blind_first_precommit
R009,9,CASE005612,chest_xray_triage,blind_first,1,blind_first_precommit
R009,9,CASE005613,chest_xray_triage,blind_first,1,blind_first_precommit
R009,9,CASE005614,chest_xray_triage,blind_first,1,ai_not_shown
R009,9,CASE005615,chest_xray_triage,blind_first,1,blind_first_precommit
R009,9,CASE005616,chest_xray_triage,blind_first,1,blind_first_precommit
R009,9,CASE005617,chest_xray_triage,blind_first,1,blind_first_precommit
R009,9,CASE005618,chest_xray_triage,blind_first,0,blind_first_precommit
R009,9,CASE005619,chest_xray_triage,blind_first,1,blind_first_precommit
R009,9,CASE005620,chest_xray_triage,blind_first,1,blind_first_precommit
R009,9,CASE005621,chest_xray_triage,blind_first,1,blind_first_precommit
R009,9,CASE005622,chest_xray_triage,blind_first,1,blind_first_precommit
R009,9,CASE005623,chest_xray_triage,blind_first,1,blind_first_precommit
R009,9,CASE005624,chest_xray_triage,blind_first,1,blind_first_precommit
R009,9,CASE005625,chest_xray_triage,blind_first,1,blind_first_precommit
R009,10,CASE005626,chest_xray_triage,blind_first,1,blind_first_precommit
R009,10,CASE005627,chest_xray_triage,blind_first,1,blind_first_precommit
R009,10,CASE005628,chest_xray_triage,blind_first,1,blind_first_precommit
R009,10,CASE005629,chest_xray_triage,blind_first,1,blind_first_precommit
R009,10,CASE005630,chest_xray_triage,blind_first,1,blind_first_precommit
R009,10,CASE005631,chest_xray_triage,blind_first,1,blind_first_precommit
R009,10,CASE005632,chest_xray_triage,blind_first,1,blind_first_precommit
R009,10,CASE005633,chest_xray_triage,blind_first,1,blind_first_precommit
R009,10,CASE005634,chest_xray_triage,blind_first,1,blind_first_precommit
R009,10,CASE005635,chest_xray_triage,blind_first,1,blind_first_precommit
R009,10,CASE005636,chest_xray_triage,blind_first,1,blind_first_precommit
R009,10,CASE005637,chest_xray_triage,blind_first,1,blind_first_precommit
R009,10,CASE005638,chest_xray_triage,blind_first,1,blind_first_precommit
R009,10,CASE005639,chest_xray_triage,blind_first,1,blind_first_precommit
R009,10,CASE005640,chest_xray_triage,blind_first,1,blind_first_precommit
R009,10,CASE005641,chest_xray_triage,blind_first,1,blind_first_precommit
R009,10,CASE005642,chest_xray_triage,blind_first,1,blind_first_precommit
R009,10,CASE005643,chest_xray_triage,blind_first,1,blind_first_precommit
R009,10,CASE005644,chest_xray_triage,blind_first,0,blind_first_precommit
R009,10,CASE005645,chest_xray_triage,blind_first,1,blind_first_precommit
R009,10,CASE005646,chest_xray_triage,blind_first,1,ai_not_shown
R009,10,CASE005647,chest_xray_triage,blind_first,1,blind_first_precommit
R009,10,CASE005648,chest_xray_triage,blind_first,1,blind_first_precommit
R009,10,CASE005649,chest_xray_triage,blind_first,1,blind_first_precommit
R009,10,CASE005650,chest_xray_triage,blind_first,1,blind_first_precommit
R009,11,CASE005651,chest_xray_triage,blind_first,1,blind_first_precommit
R009,11,CASE005652,chest_xray_triage,blind_first,1,blind_first_precommit
R009,11,CASE005653,chest_xray_triage,blind_first,1,blind_first_precommit
R009,11,CASE005654,chest_xray_triage,blind_first,1,blind_first_precommit
R009,11,CASE005655,chest_xray_triage,blind_first,1,blind_first_precommit
R009,11,CASE005656,chest_xray_triage,blind_first,1,blind_first_precommit
R009,11,CASE005657,chest_xray_triage,blind_first,1,blind_first_precommit
R009,11,CASE005658,chest_xray_triage,blind_first,1,ai_not_shown
R009,11,CASE005659,chest_xray_triage,blind_first,0,blind_first_precommit
R009,11,CASE005660,chest_xray_triage,blind_first,1,blind_first_precommit
R009,11,CASE005661,chest_xray_triage,blind_first,0,blind_first_precommit
R009,11,CASE005662,chest_xray_triage,blind_first,1,blind_first_precommit
R009,11,CASE005663,chest_xray_triage,blind_first,0,blind_first_precommit
R009,11,CASE005664,chest_xray_triage,blind_first,1,blind_first_precommit
R009,11,CASE005665,chest_xray_triage,blind_first,1,blind_first_precommit
R009,11,CASE005666,chest_xray_triage,blind_first,1,blind_first_precommit
R009,11,CASE005667,chest_xray_triage,blind_first,1,ai_not_shown
R009,11,CASE005668,chest_xray_triage,blind_first,1,blind_first_precommit
R009,11,CASE005669,chest_xray_triage,blind_first,1,blind_first_precommit
R009,11,CASE005670,chest_xray_triage,blind_first,1,blind_first_precommit
R009,11,CASE005671,chest_xray_triage,blind_first,1,blind_first_precommit
R009,11,CASE005672,chest_xray_triage,blind_first,1,blind_first_precommit
R009,11,CASE005673,chest_xray_triage,blind_first,1,blind_first_precommit
R009,11,CASE005674,chest_xray_triage,blind_first,1,blind_first_precommit
R009,11,CASE005675,chest_xray_triage,blind_first,1,blind_first_precommit
R009,12,CASE005676,chest_xray_triage,blind_first,0,blind_first_precommit
R009,12,CASE005677,chest_xray_triage,blind_first,1,blind_first_precommit
R009,12,CASE005678,chest_xray_triage,blind_first,1,blind_first_precommit
R009,12,CASE005679,chest_xray_triage,blind_first,0,blind_first_precommit
R009,12,CASE005680,chest_xray_triage,blind_first,1,blind_first_precommit
R009,12,CASE005681,chest_xray_triage,blind_first,1,blind_first_precommit
R009,12,CASE005682,chest_xray_triage,blind_first,1,blind_first_precommit
R009,12,CASE005683,chest_xray_triage,blind_first,1,blind_first_precommit
R009,12,CASE005684,chest_xray_triage,blind_first,0,blind_first_precommit
R009,12,CASE005685,chest_xray_triage,blind_first,1,blind_first_precommit
R009,12,CASE005686,chest_xray_triage,blind_first,1,blind_first_precommit
R009,12,CASE005687,chest_xray_triage,blind_first,1,blind_first_precommit
R009,12,CASE005688,chest_xray_triage,blind_first,1,blind_first_precommit
R009,12,CASE005689,chest_xray_triage,blind_first,1,blind_first_precommit
R009,12,CASE005690,chest_xray_triage,blind_first,0,blind_first_precommit
R009,12,CASE005691,chest_xray_triage,blind_first,1,blind_first_precommit
R009,12,CASE005692,chest_xray_triage,blind_first,1,blind_first_precommit
R009,12,CASE005693,chest_xray_triage,blind_first,1,blind_first_precommit
R009,12,CASE005694,chest_xray_triage,blind_first,0,blind_first_precommit
R009,12,CASE005695,chest_xray_triage,blind_first,0,blind_first_precommit
R009,12,CASE005696,chest_xray_triage,blind_first,1,blind_first_precommit
R009,12,CASE005697,chest_xray_triage,blind_first,1,blind_first_precommit
R009,12,CASE005698,chest_xray_triage,blind_first,0,blind_first_precommit
R009,12,CASE005699,chest_xray_triage,blind_first,1,blind_first_precommit
R009,12,CASE005700,chest_xray_triage,blind_first,1,blind_first_precommit
R009,13,CASE005701,chest_xray_triage,blind_first,1,blind_first_precommit
R009,13,CASE005702,chest_xray_triage,blind_first,1,blind_first_precommit
R009,13,CASE005703,chest_xray_triage,blind_first,1,blind_first_precommit
R009,13,CASE005704,chest_xray_triage,blind_first,1,ai_not_shown
R009,13,CASE005705,chest_xray_triage,blind_first,1,blind_first_precommit
R009,13,CASE005706,chest_xray_triage,blind_first,0,blind_first_precommit
R009,13,CASE005707,chest_xray_triage,blind_first,1,blind_first_precommit
R009,13,CASE005708,chest_xray_triage,blind_first,0,blind_first_precommit
R009,13,CASE005709,chest_xray_triage,blind_first,1,blind_first_precommit
R009,13,CASE005710,chest_xray_triage,blind_first,1,blind_first_precommit
R009,13,CASE005711,chest_xray_triage,blind_first,1,blind_first_precommit
R009,13,CASE005712,chest_xray_triage,blind_first,1,blind_first_precommit
R009,13,CASE005713,chest_xray_triage,blind_first,1,blind_first_precommit
R009,13,CASE005714,chest_xray_triage,blind_first,1,blind_first_precommit
R009,13,CASE005715,chest_xray_triage,blind_first,1,blind_first_precommit
R009,13,CASE005716,chest_xray_triage,blind_first,1,blind_first_precommit
R009,13,CASE005717,chest_xray_triage,blind_first,1,blind_first_precommit
R009,13,CASE005718,chest_xray_triage,blind_first,1,blind_first_precommit
R009,13,CASE005719,chest_xray_triage,blind_first,1,ai_not_shown
R009,13,CASE005720,chest_xray_triage,blind_first,1,blind_first_precommit
R009,13,CASE005721,chest_xray_triage,blind_first,0,blind_first_precommit
R009,13,CASE005722,chest_xray_triage,blind_first,1,blind_first_precommit
R009,13,CASE005723,chest_xray_triage,blind_first,1,blind_first_precommit
R009,13,CASE005724,chest_xray_triage,blind_first,1,blind_first_precommit
R009,13,CASE005725,chest_xray_triage,blind_first,0,ai_not_shown
R009,14,CASE005726,chest_xray_triage,blind_first,1,blind_first_precommit
R009,14,CASE005727,chest_xray_triage,blind_first,1,blind_first_precommit
R009,14,CASE005728,chest_xray_triage,blind_first,1,blind_first_precommit
R009,14,CASE005729,chest_xray_triage,blind_first,1,blind_first_precommit
R009,14,CASE005730,chest_xray_triage,blind_first,1,blind_first_precommit
R009,14,CASE005731,chest_xray_triage,blind_first,0,blind_first_precommit
R009,14,CASE005732,chest_xray_triage,blind_first,1,blind_first_precommit
R009,14,CASE005733,chest_xray_triage,blind_first,1,blind_first_precommit
R009,14,CASE005734,chest_xray_triage,blind_first,1,blind_first_precommit
R009,14,CASE005735,chest_xray_triage,blind_first,1,ai_not_shown
R009,14,CASE005736,chest_xray_triage,blind_first,0,blind_first_precommit
R009,14,CASE005737,chest_xray_triage,blind_first,1,blind_first_precommit
R009,14,CASE005738,chest_xray_triage,blind_first,0,blind_first_precommit
R009,14,CASE005739,chest_xray_triage,blind_first,1,blind_first_precommit
R009,14,CASE005740,chest_xray_triage,blind_first,0,blind_first_precommit
R009,14,CASE005741,chest_xray_triage,blind_first,1,blind_first_precommit
R009,14,CASE005742,chest_xray_triage,blind_first,0,blind_first_precommit
R009,14,CASE005743,chest_xray_triage,blind_first,1,ai_not_shown
R009,14,CASE005744,chest_xray_triage,blind_first,1,blind_first_precommit
R009,14,CASE005745,chest_xray_triage,blind_first,1,blind_first_precommit
R009,14,CASE005746,chest_xray_triage,blind_first,1,blind_first_precommit
R009,14,CASE005747,chest_xray_triage,blind_first,1,blind_first_precommit
R009,14,CASE005748,chest_xray_triage,blind_first,1,blind_first_precommit
R009,14,CASE005749,chest_xray_triage,blind_first,1,blind_first_precommit
R009,14,CASE005750,chest_xray_triage,blind_first,1,blind_first_precommit
R009,15,CASE005751,chest_xray_triage,blind_first,1,blind_first_precommit
R009,15,CASE005752,chest_xray_triage,blind_first,1,blind_first_precommit
R009,15,CASE005753,chest_xray_triage,blind_first,1,blind_first_precommit
R009,15,CASE005754,chest_xray_triage,blind_first,1,blind_first_precommit
R009,15,CASE005755,chest_xray_triage,blind_first,1,blind_first_precommit
R009,15,CASE005756,chest_xray_triage,blind_first,1,blind_first_precommit
R009,15,CASE005757,chest_xray_triage,blind_first,1,blind_first_precommit
R009,15,CASE005758,chest_xray_triage,blind_first,1,blind_first_precommit
R009,15,CASE005759,chest_xray_triage,blind_first,1,blind_first_precommit
R009,15,CASE005760,chest_xray_triage,blind_first,1,blind_first_precommit
R009,15,CASE005761,chest_xray_triage,blind_first,1,blind_first_precommit
R009,15,CASE005762,chest_xray_triage,blind_first,1,blind_first_precommit
R009,15,CASE005763,chest_xray_triage,blind_first,1,blind_first_precommit
R009,15,CASE005764,chest_xray_triage,blind_first,1,blind_first_precommit
R009,15,CASE005765,chest_xray_triage,blind_first,1,blind_first_precommit
R009,15,CASE005766,chest_xray_triage,blind_first,1,blind_first_precommit
R009,15,CASE005767,chest_xray_triage,blind_first,1,ai_not_shown
R009,15,CASE005768,chest_xray_triage,blind_first,1,blind_first_precommit
R009,15,CASE005769,chest_xray_triage,blind_first,1,blind_first_precommit
R009,15,CASE005770,chest_xray_triage,blind_first,1,blind_first_precommit
R009,15,CASE005771,chest_xray_triage,blind_first,1,blind_first_precommit
R009,15,CASE005772,chest_xray_triage,blind_first,1,blind_first_precommit
R009,15,CASE005773,chest_xray_triage,blind_first,0,blind_first_precommit
R009,15,CASE005774,chest_xray_triage,blind_first,1,blind_first_precommit
R009,15,CASE005775,chest_xray_triage,blind_first,0,blind_first_precommit
R009,16,CASE005776,chest_xray_triage,blind_first,1,blind_first_precommit
R009,16,CASE005777,chest_xray_triage,blind_first,1,blind_first_precommit
R009,16,CASE005778,chest_xray_triage,blind_first,1,ai_not_shown
R009,16,CASE005779,chest_xray_triage,blind_first,1,blind_first_precommit
R009,16,CASE005780,chest_xray_triage,blind_first,1,blind_first_precommit
R009,16,CASE005781,chest_xray_triage,blind_first,0,blind_first_precommit
R009,16,CASE005782,chest_xray_triage,blind_first,1,blind_first_precommit
R009,16,CASE005783,chest_xray_triage,blind_first,0,blind_first_precommit
R009,16,CASE005784,chest_xray_triage,blind_first,1,blind_first_precommit
R009,16,CASE005785,chest_xray_triage,blind_first,1,blind_first_precommit
R009,16,CASE005786,chest_xray_triage,blind_first,0,blind_first_precommit
R009,16,CASE005787,chest_xray_triage,blind_first,1,ai_not_shown
R009,16,CASE005788,chest_xray_triage,blind_first,1,blind_first_precommit
R009,16,CASE005789,chest_xray_triage,blind_first,1,blind_first_precommit
R009,16,CASE005790,chest_xray_triage,blind_first,1,blind_first_precommit
R009,16,CASE005791,chest_xray_triage,blind_first,1,blind_first_precommit
R009,16,CASE005792,chest_xray_triage,blind_first,1,ai_not_shown
R009,16,CASE005793,chest_xray_triage,blind_first,1,blind_first_precommit
R009,16,CASE005794,chest_xray_triage,blind_first,1,blind_first_precommit
R009,16,CASE005795,chest_xray_triage,blind_first,1,ai_not_shown
R009,16,CASE005796,chest_xray_triage,blind_first,1,blind_first_precommit
R009,16,CASE005797,chest_xray_triage,blind_first,1,blind_first_precommit
R009,16,CASE005798,chest_xray_triage,blind_first,0,blind_first_precommit
R009,16,CASE005799,chest_xray_triage,blind_first,1,blind_first_precommit
R009,16,CASE005800,chest_xray_triage,blind_first,1,blind_first_precommit
R009,17,CASE005801,chest_xray_triage,blind_first,1,blind_first_precommit
R009,17,CASE005802,chest_xray_triage,blind_first,1,blind_first_precommit
R009,17,CASE005803,chest_xray_triage,blind_first,0,ai_not_shown
R009,17,CASE005804,chest_xray_triage,blind_first,1,blind_first_precommit
R009,17,CASE005805,chest_xray_triage,blind_first,0,blind_first_precommit
R009,17,CASE005806,chest_xray_triage,blind_first,1,blind_first_precommit
R009,17,CASE005807,chest_xray_triage,blind_first,1,blind_first_precommit
R009,17,CASE005808,chest_xray_triage,blind_first,1,blind_first_precommit
R009,17,CASE005809,chest_xray_triage,blind_first,1,blind_first_precommit
R009,17,CASE005810,chest_xray_triage,blind_first,0,blind_first_precommit
R009,17,CASE005811,chest_xray_triage,blind_first,1,blind_first_precommit
R009,17,CASE005812,chest_xray_triage,blind_first,1,ai_not_shown
R009,17,CASE005813,chest_xray_triage,blind_first,1,blind_first_precommit
R009,17,CASE005814,chest_xray_triage,blind_first,1,blind_first_precommit
R009,17,CASE005815,chest_xray_triage,blind_first,1,blind_first_precommit
R009,17,CASE005816,chest_xray_triage,blind_first,1,blind_first_precommit
R009,17,CASE005817,chest_xray_triage,blind_first,0,blind_first_precommit
R009,17,CASE005818,chest_xray_triage,blind_first,1,blind_first_precommit
R009,17,CASE005819,chest_xray_triage,blind_first,1,blind_first_precommit
R009,17,CASE005820,chest_xray_triage,blind_first,1,blind_first_precommit
R009,17,CASE005821,chest_xray_triage,blind_first,1,blind_first_precommit
R009,17,CASE005822,chest_xray_triage,blind_first,1,blind_first_precommit
R009,17,CASE005823,chest_xray_triage,blind_first,1,blind_first_precommit
R009,17,CASE005824,chest_xray_triage,blind_first,1,blind_first_precommit
R009,17,CASE005825,chest_xray_triage,blind_first,1,blind_first_precommit
R009,18,CASE005826,chest_xray_triage,blind_first,1,blind_first_precommit
R009,18,CASE005827,chest_xray_triage,blind_first,0,ai_not_shown
R009,18,CASE005828,chest_xray_triage,blind_first,1,blind_first_precommit
R009,18,CASE005829,chest_xray_triage,blind_first,1,blind_first_precommit
R009,18,CASE005830,chest_xray_triage,blind_first,1,blind_first_precommit
R009,18,CASE005831,chest_xray_triage,blind_first,1,blind_first_precommit
R009,18,CASE005832,chest_xray_triage,blind_first,1,ai_not_shown
R009,18,CASE005833,chest_xray_triage,blind_first,1,blind_first_precommit
R009,18,CASE005834,chest_xray_triage,blind_first,1,blind_first_precommit
R009,18,CASE005835,chest_xray_triage,blind_first,1,blind_first_precommit
R009,18,CASE005836,chest_xray_triage,blind_first,1,blind_first_precommit
R009,18,CASE005837,chest_xray_triage,blind_first,1,blind_first_precommit
R009,18,CASE005838,chest_xray_triage,blind_first,1,blind_first_precommit
R009,18,CASE005839,chest_xray_triage,blind_first,1,blind_first_precommit
R009,18,CASE005840,chest_xray_triage,blind_first,1,blind_first_precommit
R009,18,CASE005841,chest_xray_triage,blind_first,0,blind_first_precommit
R009,18,CASE005842,chest_xray_triage,blind_first,1,blind_first_precommit
R009,18,CASE005843,chest_xray_triage,blind_first,1,blind_first_precommit
R009,18,CASE005844,chest_xray_triage,blind_first,1,blind_first_precommit
R009,18,CASE005845,chest_xray_triage,blind_first,0,blind_first_precommit
R009,18,CASE005846,chest_xray_triage,blind_first,1,blind_first_precommit
R009,18,CASE005847,chest_xray_triage,blind_first,1,ai_not_shown
R009,18,CASE005848,chest_xray_triage,blind_first,1,blind_first_precommit
R009,18,CASE005849,chest_xray_triage,blind_first,1,blind_first_precommit
R009,18,CASE005850,chest_xray_triage,blind_first,0,blind_first_precommit
R009,19,CASE005851,chest_xray_triage,blind_first,1,blind_first_precommit
R009,19,CASE005852,chest_xray_triage,blind_first,1,blind_first_precommit
R009,19,CASE005853,chest_xray_triage,blind_first,1,blind_first_precommit
R009,19,CASE005854,chest_xray_triage,blind_first,0,ai_not_shown
R009,19,CASE005855,chest_xray_triage,blind_first,0,blind_first_precommit
R009,19,CASE005856,chest_xray_triage,blind_first,1,blind_first_precommit
R009,19,CASE005857,chest_xray_triage,blind_first,1,blind_first_precommit
R009,19,CASE005858,chest_xray_triage,blind_first,0,blind_first_precommit
R009,19,CASE005859,chest_xray_triage,blind_first,1,blind_first_precommit
R009,19,CASE005860,chest_xray_triage,blind_first,1,blind_first_precommit
R009,19,CASE005861,chest_xray_triage,blind_first,0,blind_first_precommit
R009,19,CASE005862,chest_xray_triage,blind_first,1,blind_first_precommit
R009,19,CASE005863,chest_xray_triage,blind_first,1,blind_first_precommit
R009,19,CASE005864,chest_xray_triage,blind_first,1,blind_first_precommit
R009,19,CASE005865,chest_xray_triage,blind_first,1,blind_first_precommit
R009,19,CASE005866,chest_xray_triage,blind_first,0,blind_first_precommit
R009,19,CASE005867,chest_xray_triage,blind_first,1,blind_first_precommit
R009,19,CASE005868,chest_xray_triage,blind_first,1,blind_first_precommit
R009,19,CASE005869,chest_xray_triage,blind_first,1,blind_first_precommit
R009,19,CASE005870,chest_xray_triage,blind_first,1,blind_first_precommit
R009,19,CASE005871,chest_xray_triage,blind_first,0,blind_first_precommit
R009,19,CASE005872,chest_xray_triage,blind_first,0,blind_first_precommit
R009,19,CASE005873,chest_xray_triage,blind_first,1,ai_not_shown
R009,19,CASE005874,chest_xray_triage,blind_first,1,blind_first_precommit
R009,19,CASE005875,chest_xray_triage,blind_first,0,blind_first_precommit
R009,20,CASE005876,chest_xray_triage,blind_first,0,blind_first_precommit
R009,20,CASE005877,chest_xray_triage,blind_first,1,blind_first_precommit
R009,20,CASE005878,chest_xray_triage,blind_first,1,blind_first_precommit
R009,20,CASE005879,chest_xray_triage,blind_first,1,blind_first_precommit
R009,20,CASE005880,chest_xray_triage,blind_first,1,blind_first_precommit
R009,20,CASE005881,chest_xray_triage,blind_first,1,blind_first_precommit
R009,20,CASE005882,chest_xray_triage,blind_first,1,blind_first_precommit
R009,20,CASE005883,chest_xray_triage,blind_first,1,blind_first_precommit
R009,20,CASE005884,chest_xray_triage,blind_first,1,blind_first_precommit
R009,20,CASE005885,chest_xray_triage,blind_first,0,blind_first_precommit
R009,20,CASE005886,chest_xray_triage,blind_first,1,blind_first_precommit
R009,20,CASE005887,chest_xray_triage,blind_first,1,blind_first_precommit
R009,20,CASE005888,chest_xray_triage,blind_first,1,blind_first_precommit
R009,20,CASE005889,chest_xray_triage,blind_first,1,blind_first_precommit
R009,20,CASE005890,chest_xray_triage,blind_first,1,blind_first_precommit
R009,20,CASE005891,chest_xray_triage,blind_first,1,blind_first_precommit
R009,20,CASE005892,chest_xray_triage,blind_first,1,blind_first_precommit
R009,20,CASE005893,chest_xray_triage,blind_first,1,blind_first_precommit
R009,20,CASE005894,chest_xray_triage,blind_first,1,blind_first_precommit
R009,20,CASE005895,chest_xray_triage,blind_first,0,blind_first_precommit
R009,20,CASE005896,chest_xray_triage,blind_first,1,blind_first_precommit
R009,20,CASE005897,chest_xray_triage,blind_first,1,blind_first_precommit
R009,20,CASE005898,chest_xray_triage,blind_first,1,blind_first_precommit
R009,20,CASE005899,chest_xray_triage,blind_first,1,blind_first_precommit
R009,20,CASE005900,chest_xray_triage,blind_first,1,blind_first_precommit
R009,21,CASE005901,chest_xray_triage,blind_first,1,blind_first_precommit
R009,21,CASE005902,chest_xray_triage,blind_first,1,blind_first_precommit
R009,21,CASE005903,chest_xray_triage,blind_first,1,blind_first_precommit
R009,21,CASE005904,chest_xray_triage,blind_first,1,blind_first_precommit
R009,21,CASE005905,chest_xray_triage,blind_first,1,blind_first_precommit
R009,21,CASE005906,chest_xray_triage,blind_first,0,blind_first_precommit
R009,21,CASE005907,chest_xray_triage,blind_first,1,blind_first_precommit
R009,21,CASE005908,chest_xray_triage,blind_first,1,blind_first_precommit
R009,21,CASE005909,chest_xray_triage,blind_first,1,blind_first_precommit
R009,21,CASE005910,chest_xray_triage,blind_first,1,blind_first_precommit
R009,21,CASE005911,chest_xray_triage,blind_first,1,blind_first_precommit
R009,21,CASE005912,chest_xray_triage,blind_first,1,blind_first_precommit
R009,21,CASE005913,chest_xray_triage,blind_first,1,ai_not_shown
R009,21,CASE005914,chest_xray_triage,blind_first,1,blind_first_precommit
R009,21,CASE005915,chest_xray_triage,blind_first,1,blind_first_precommit
R009,21,CASE005916,chest_xray_triage,blind_first,1,blind_first_precommit
R009,21,CASE005917,chest_xray_triage,blind_first,1,blind_first_precommit
R009,21,CASE005918,chest_xray_triage,blind_first,1,ai_not_shown
R009,21,CASE005919,chest_xray_triage,blind_first,1,blind_first_precommit
R009,21,CASE005920,chest_xray_triage,blind_first,1,blind_first_precommit
R009,21,CASE005921,chest_xray_triage,blind_first,1,blind_first_precommit
R009,21,CASE005922,chest_xray_triage,blind_first,1,blind_first_precommit
R009,21,CASE005923,chest_xray_triage,blind_first,1,blind_first_precommit
R009,21,CASE005924,chest_xray_triage,blind_first,1,blind_first_precommit
R009,21,CASE005925,chest_xray_triage,blind_first,1,blind_first_precommit
R009,22,CASE005926,chest_xray_triage,blind_first,1,blind_first_precommit
R009,22,CASE005927,chest_xray_triage,blind_first,1,ai_not_shown
R009,22,CASE005928,chest_xray_triage,blind_first,1,blind_first_precommit
R009,22,CASE005929,chest_xray_triage,blind_first,1,blind_first_precommit
R009,22,CASE005930,chest_xray_triage,blind_first,1,blind_first_precommit
R009,22,CASE005931,chest_xray_triage,blind_first,0,blind_first_precommit
R009,22,CASE005932,chest_xray_triage,blind_first,1,blind_first_precommit
R009,22,CASE005933,chest_xray_triage,blind_first,1,blind_first_precommit
R009,22,CASE005934,chest_xray_triage,blind_first,1,ai_not_shown
R009,22,CASE005935,chest_xray_triage,blind_first,1,blind_first_precommit
R009,22,CASE005936,chest_xray_triage,blind_first,1,blind_first_precommit
R009,22,CASE005937,chest_xray_triage,blind_first,0,blind_first_precommit
R009,22,CASE005938,chest_xray_triage,blind_first,0,blind_first_precommit
R009,22,CASE005939,chest_xray_triage,blind_first,1,blind_first_precommit
R009,22,CASE005940,chest_xray_triage,blind_first,1,blind_first_precommit
R009,22,CASE005941,chest_xray_triage,blind_first,1,blind_first_precommit
R009,22,CASE005942,chest_xray_triage,blind_first,1,blind_first_precommit
R009,22,CASE005943,chest_xray_triage,blind_first,1,blind_first_precommit
R009,22,CASE005944,chest_xray_triage,blind_first,1,blind_first_precommit
R009,22,CASE005945,chest_xray_triage,blind_first,1,blind_first_precommit
R009,22,CASE005946,chest_xray_triage,blind_first,1,blind_first_precommit
R009,22,CASE005947,chest_xray_triage,blind_first,1,blind_first_precommit
R009,22,CASE005948,chest_xray_triage,blind_first,0,blind_first_precommit
R009,22,CASE005949,chest_xray_triage,blind_first,1,blind_first_precommit
R009,22,CASE005950,chest_xray_triage,blind_first,0,blind_first_precommit
R009,23,CASE005951,chest_xray_triage,blind_first,0,blind_first_precommit
R009,23,CASE005952,chest_xray_triage,blind_first,1,blind_first_precommit
R009,23,CASE005953,chest_xray_triage,blind_first,1,blind_first_precommit
R009,23,CASE005954,chest_xray_triage,blind_first,1,blind_first_precommit
R009,23,CASE005955,chest_xray_triage,blind_first,1,blind_first_precommit
R009,23,CASE005956,chest_xray_triage,blind_first,1,blind_first_precommit
R009,23,CASE005957,chest_xray_triage,blind_first,1,blind_first_precommit
R009,23,CASE005958,chest_xray_triage,blind_first,1,blind_first_precommit
R009,23,CASE005959,chest_xray_triage,blind_first,1,blind_first_precommit
R009,23,CASE005960,chest_xray_triage,blind_first,1,blind_first_precommit
R009,23,CASE005961,chest_xray_triage,blind_first,1,blind_first_precommit
R009,23,CASE005962,chest_xray_triage,blind_first,1,blind_first_precommit
R009,23,CASE005963,chest_xray_triage,blind_first,1,blind_first_precommit
R009,23,CASE005964,chest_xray_triage,blind_first,1,blind_first_precommit
R009,23,CASE005965,chest_xray_triage,blind_first,1,blind_first_precommit
R009,23,CASE005966,chest_xray_triage,blind_first,1,blind_first_precommit
R009,23,CASE005967,chest_xray_triage,blind_first,1,blind_first_precommit
R009,23,CASE005968,chest_xray_triage,blind_first,1,blind_first_precommit
R009,23,CASE005969,chest_xray_triage,blind_first,1,blind_first_precommit
R009,23,CASE005970,chest_xray_triage,blind_first,1,blind_first_precommit
R009,23,CASE005971,chest_xray_triage,blind_first,1,blind_first_precommit
R009,23,CASE005972,chest_xray_triage,blind_first,1,blind_first_precommit
R009,23,CASE005973,chest_xray_triage,blind_first,1,blind_first_precommit
R009,23,CASE005974,chest_xray_triage,blind_first,1,blind_first_precommit
R009,23,CASE005975,chest_xray_triage,blind_first,0,blind_first_precommit
R009,24,CASE005976,chest_xray_triage,blind_first,1,blind_first_precommit
R009,24,CASE005977,chest_xray_triage,blind_first,1,blind_first_precommit
R009,24,CASE005978,chest_xray_triage,blind_first,1,blind_first_precommit
R009,24,CASE005979,chest_xray_triage,blind_first,1,blind_first_precommit
R009,24,CASE005980,chest_xray_triage,blind_first,1,blind_first_precommit
R009,24,CASE005981,chest_xray_triage,blind_first,0,blind_first_precommit
R009,24,CASE005982,chest_xray_triage,blind_first,1,blind_first_precommit
R009,24,CASE005983,chest_xray_triage,blind_first,0,blind_first_precommit
R009,24,CASE005984,chest_xray_triage,blind_first,1,blind_first_precommit
R009,24,CASE005985,chest_xray_triage,blind_first,1,blind_first_precommit
R009,24,CASE005986,chest_xray_triage,blind_first,1,blind_first_precommit
R009,24,CASE005987,chest_xray_triage,blind_first,1,blind_first_precommit
R009,24,CASE005988,chest_xray_triage,blind_first,1,blind_first_precommit
R009,24,CASE005989,chest_xray_triage,blind_first,1,blind_first_precommit
R009,24,CASE005990,chest_xray_triage,blind_first,1,blind_first_precommit
R009,24,CASE005991,chest_xray_triage,blind_first,1,blind_first_precommit
R009,24,CASE005992,chest_xray_triage,blind_first,1,blind_first_precommit
R009,24,CASE005993,chest_xray_triage,blind_first,0,blind_first_precommit
R009,24,CASE005994,chest_xray_triage,blind_first,1,blind_first_precommit
R009,24,CASE005995,chest_xray_triage,blind_first,1,blind_first_precommit
R009,24,CASE005996,chest_xray_triage,blind_first,1,blind_first_precommit
R009,24,CASE005997,chest_xray_triage,blind_first,1,blind_first_precommit
R009,24,CASE005998,chest_xray_triage,blind_first,1,blind_first_precommit
R009,24,CASE005999,chest_xray_triage,blind_first,1,blind_first_precommit
R009,24,CASE006000,chest_xray_triage,blind_first,1,blind_first_precommit
R010,1,CASE006023,chest_xray_triage,withheld_ai,1,ai_not_shown
R010,2,CASE006031,chest_xray_triage,withheld_ai,1,ai_not_shown
R010,2,CASE006034,chest_xray_triage,withheld_ai,1,ai_not_shown
R010,2,CASE006039,chest_xray_triage,withheld_ai,0,ai_not_shown
R010,2,CASE006046,chest_xray_triage,withheld_ai,0,ai_not_shown
R010,2,CASE006048,chest_xray_triage,withheld_ai,0,ai_not_shown
R010,4,CASE006077,chest_xray_triage,withheld_ai,1,ai_not_shown
R010,4,CASE006080,chest_xray_triage,withheld_ai,0,ai_not_shown
R010,4,CASE006088,chest_xray_triage,withheld_ai,1,ai_not_shown
R010,4,CASE006094,chest_xray_triage,withheld_ai,1,ai_not_shown
R010,4,CASE006096,chest_xray_triage,withheld_ai,1,ai_not_shown
R010,5,CASE006102,chest_xray_triage,withheld_ai,1,ai_not_shown
R010,5,CASE006108,chest_xray_triage,withheld_ai,0,ai_not_shown
R010,5,CASE006109,chest_xray_triage,withheld_ai,1,ai_not_shown
R010,5,CASE006111,chest_xray_triage,withheld_ai,0,ai_not_shown
R010,5,CASE006112,chest_xray_triage,withheld_ai,0,ai_not_shown
R010,5,CASE006113,chest_xray_triage,withheld_ai,1,ai_not_shown
R010,5,CASE006122,chest_xray_triage,withheld_ai,1,ai_not_shown
R010,6,CASE006128,chest_xray_triage,withheld_ai,1,ai_not_shown
R010,6,CASE006133,chest_xray_triage,withheld_ai,1,ai_not_shown
R010,6,CASE006145,chest_xray_triage,withheld_ai,1,ai_not_shown
R010,6,CASE006150,chest_xray_triage,withheld_ai,1,ai_not_shown
R010,7,CASE006154,chest_xray_triage,withheld_ai,0,ai_not_shown
R010,7,CASE006168,chest_xray_triage,withheld_ai,1,ai_not_shown
R010,7,CASE006174,chest_xray_triage,withheld_ai,1,ai_not_shown
R010,8,CASE006186,chest_xray_triage,withheld_ai,1,ai_not_shown
R010,8,CASE006196,chest_xray_triage,withheld_ai,0,ai_not_shown
R010,8,CASE006198,chest_xray_triage,withheld_ai,0,ai_not_shown
R010,9,CASE006201,chest_xray_triage,withheld_ai,1,ai_not_shown
R010,9,CASE006202,chest_xray_triage,withheld_ai,1,ai_not_shown
R010,9,CASE006208,chest_xray_triage,withheld_ai,1,ai_not_shown
R010,9,CASE006220,chest_xray_triage,withheld_ai,1,ai_not_shown
R010,9,CASE006223,chest_xray_triage,withheld_ai,0,ai_not_shown
R010,10,CASE006229,chest_xray_triage,withheld_ai,1,ai_not_shown
R010,10,CASE006234,chest_xray_triage,withheld_ai,1,ai_not_shown
R010,10,CASE006235,chest_xray_triage,withheld_ai,0,ai_not_shown
R010,10,CASE006239,chest_xray_triage,withheld_ai,0,ai_not_shown
R010,10,CASE006246,chest_xray_triage,withheld_ai,1,ai_not_shown
R010,10,CASE006250,chest_xray_triage,withheld_ai,1,ai_not_shown
R010,11,CASE006261,chest_xray_triage,withheld_ai,1,ai_not_shown
R010,11,CASE006262,chest_xray_triage,withheld_ai,1,ai_not_shown
R010,11,CASE006266,chest_xray_triage,withheld_ai,1,ai_not_shown
R010,11,CASE006272,chest_xray_triage,withheld_ai,0,ai_not_shown
R010,12,CASE006277,chest_xray_triage,withheld_ai,1,ai_not_shown
R010,12,CASE006278,chest_xray_triage,withheld_ai,0,ai_not_shown
R010,12,CASE006281,chest_xray_triage,withheld_ai,1,ai_not_shown
R010,12,CASE006289,chest_xray_triage,withheld_ai,1,ai_not_shown
R010,12,CASE006293,chest_xray_triage,withheld_ai,1,ai_not_shown
R010,12,CASE006294,chest_xray_triage,withheld_ai,0,ai_not_shown
R010,12,CASE006296,chest_xray_triage,withheld_ai,0,ai_not_shown
R010,12,CASE006300,chest_xray_triage,withheld_ai,1,ai_not_shown
R010,13,CASE006306,chest_xray_triage,withheld_ai,0,ai_not_shown
R010,13,CASE006310,chest_xray_triage,withheld_ai,1,ai_not_shown
R010,13,CASE006316,chest_xray_triage,withheld_ai,1,ai_not_shown
R010,13,CASE006317,chest_xray_triage,withheld_ai,0,ai_not_shown
R010,13,CASE006319,chest_xray_triage,withheld_ai,1,ai_not_shown
R010,13,CASE006321,chest_xray_triage,withheld_ai,0,ai_not_shown
R010,14,CASE006327,chest_xray_triage,withheld_ai,1,ai_not_shown
R010,14,CASE006337,chest_xray_triage,withheld_ai,1,ai_not_shown
R010,14,CASE006346,chest_xray_triage,withheld_ai,0,ai_not_shown
R010,15,CASE006352,chest_xray_triage,withheld_ai,1,ai_not_shown
R010,15,CASE006358,chest_xray_triage,withheld_ai,0,ai_not_shown
R010,15,CASE006361,chest_xray_triage,withheld_ai,1,ai_not_shown
R010,15,CASE006363,chest_xray_triage,withheld_ai,0,ai_not_shown
R010,15,CASE006367,chest_xray_triage,withheld_ai,1,ai_not_shown
R010,15,CASE006370,chest_xray_triage,withheld_ai,0,ai_not_shown
R010,16,CASE006380,chest_xray_triage,withheld_ai,1,ai_not_shown
R010,16,CASE006385,chest_xray_triage,withheld_ai,1,ai_not_shown
R010,16,CASE006388,chest_xray_triage,withheld_ai,0,ai_not_shown
R010,16,CASE006390,chest_xray_triage,withheld_ai,0,ai_not_shown
R010,16,CASE006393,chest_xray_triage,withheld_ai,1,ai_not_shown
R010,16,CASE006396,chest_xray_triage,withheld_ai,0,ai_not_shown
R010,16,CASE006399,chest_xray_triage,withheld_ai,1,ai_not_shown
R010,17,CASE006403,chest_xray_triage,withheld_ai,1,ai_not_shown
R010,17,CASE006405,chest_xray_triage,withheld_ai,1,ai_not_shown
R010,17,CASE006408,chest_xray_triage,withheld_ai,0,ai_not_shown
R010,17,CASE006412,chest_xray_triage,withheld_ai,0,ai_not_shown
R010,17,CASE006419,chest_xray_triage,withheld_ai,1,ai_not_shown
R010,17,CASE006420,chest_xray_triage,withheld_ai,0,ai_not_shown
R010,17,CASE006421,chest_xray_triage,withheld_ai,1,ai_not_shown
R010,18,CASE006426,chest_xray_triage,withheld_ai,1,ai_not_shown
R010,18,CASE006431,chest_xray_triage,withheld_ai,0,ai_not_shown
R010,18,CASE006432,chest_xray_triage,withheld_ai,1,ai_not_shown
R010,18,CASE006443,chest_xray_triage,withheld_ai,1,ai_not_shown
R010,18,CASE006445,chest_xray_triage,withheld_ai,0,ai_not_shown
R010,18,CASE006448,chest_xray_triage,withheld_ai,0,ai_not_shown
R010,19,CASE006474,chest_xray_triage,withheld_ai,0,ai_not_shown
R010,20,CASE006481,chest_xray_triage,withheld_ai,1,ai_not_shown
R010,20,CASE006484,chest_xray_triage,withheld_ai,1,ai_not_shown
R010,20,CASE006491,chest_xray_triage,withheld_ai,0,ai_not_shown
R010,20,CASE006494,chest_xray_triage,withheld_ai,0,ai_not_shown
R010,20,CASE006496,chest_xray_triage,withheld_ai,1,ai_not_shown
R010,20,CASE006497,chest_xray_triage,withheld_ai,1,ai_not_shown
R010,21,CASE006501,chest_xray_triage,withheld_ai,1,ai_not_shown
R010,21,CASE006508,chest_xray_triage,withheld_ai,1,ai_not_shown
R010,21,CASE006515,chest_xray_triage,withheld_ai,1,ai_not_shown
R010,21,CASE006517,chest_xray_triage,withheld_ai,1,ai_not_shown
R010,21,CASE006523,chest_xray_triage,withheld_ai,1,ai_not_shown
R010,22,CASE006526,chest_xray_triage,withheld_ai,1,ai_not_shown
R010,22,CASE006528,chest_xray_triage,withheld_ai,1,ai_not_shown
R010,22,CASE006531,chest_xray_triage,withheld_ai,0,ai_not_shown
R010,22,CASE006538,chest_xray_triage,withheld_ai,0,ai_not_shown
R010,22,CASE006542,chest_xray_triage,withheld_ai,1,ai_not_shown
R010,22,CASE006543,chest_xray_triage,withheld_ai,1,ai_not_shown
R010,22,CASE006549,chest_xray_triage,withheld_ai,0,ai_not_shown
R010,23,CASE006552,chest_xray_triage,withheld_ai,0,ai_not_shown
R010,23,CASE006562,chest_xray_triage,withheld_ai,0,ai_not_shown
R010,23,CASE006571,chest_xray_triage,withheld_ai,0,ai_not_shown
R010,23,CASE006573,chest_xray_triage,withheld_ai,0,ai_not_shown
R010,23,CASE006575,chest_xray_triage,withheld_ai,0,ai_not_shown
R010,24,CASE006577,chest_xray_triage,withheld_ai,0,ai_not_shown
R010,24,CASE006592,chest_xray_triage,withheld_ai,0,ai_not_shown
R010,24,CASE006593,chest_xray_triage,withheld_ai,1,ai_not_shown
R010,24,CASE006596,chest_xray_triage,withheld_ai,1,ai_not_shown
R010,24,CASE006598,chest_xray_triage,withheld_ai,1,ai_not_shown
R011,1,CASE006605,chest_xray_triage,disagreement_prompt,1,ai_not_shown
R011,1,CASE006613,chest_xray_triage,disagreement_prompt,1,ai_not_shown
R011,1,CASE006618,chest_xray_triage,disagreement_prompt,0,ai_not_shown
R011,2,CASE006645,chest_xray_triage,disagreement_prompt,1,ai_not_shown
R011,3,CASE006652,chest_xray_triage,disagreement_prompt,1,ai_not_shown
R011,4,CASE006697,chest_xray_triage,disagreement_prompt,1,ai_not_shown
R011,4,CASE006699,chest_xray_triage,disagreement_prompt,1,ai_not_shown
R011,6,CASE006743,chest_xray_triage,disagreement_prompt,1,ai_not_shown
R011,8,CASE006794,chest_xray_triage,disagreement_prompt,1,ai_not_shown
R011,9,CASE006810,chest_xray_triage,disagreement_prompt,0,ai_not_shown
R011,9,CASE006815,chest_xray_triage,disagreement_prompt,0,ai_not_shown
R011,9,CASE006822,chest_xray_triage,disagreement_prompt,1,ai_not_shown
R011,10,CASE006828,chest_xray_triage,disagreement_prompt,1,ai_not_shown
R011,10,CASE006843,chest_xray_triage,disagreement_prompt,1,ai_not_shown
R011,10,CASE006846,chest_xray_triage,disagreement_prompt,1,ai_not_shown
R011,12,CASE006881,chest_xray_triage,disagreement_prompt,1,ai_not_shown
R011,13,CASE006902,chest_xray_triage,disagreement_prompt,1,ai_not_shown
R011,13,CASE006911,chest_xray_triage,disagreement_prompt,1,ai_not_shown
R011,13,CASE006912,chest_xray_triage,disagreement_prompt,1,ai_not_shown
R011,13,CASE006919,chest_xray_triage,disagreement_prompt,1,ai_not_shown
R011,14,CASE006934,chest_xray_triage,disagreement_prompt,1,ai_not_shown
R011,15,CASE006951,chest_xray_triage,disagreement_prompt,1,ai_not_shown
R011,15,CASE006954,chest_xray_triage,disagreement_prompt,1,ai_not_shown
R011,15,CASE006956,chest_xray_triage,disagreement_prompt,1,ai_not_shown
R011,15,CASE006957,chest_xray_triage,disagreement_prompt,1,ai_not_shown
R011,15,CASE006961,chest_xray_triage,disagreement_prompt,1,ai_not_shown
R011,17,CASE007011,chest_xray_triage,disagreement_prompt,1,ai_not_shown
R011,17,CASE007016,chest_xray_triage,disagreement_prompt,1,ai_not_shown
R011,18,CASE007027,chest_xray_triage,disagreement_prompt,1,ai_not_shown
R011,18,CASE007039,chest_xray_triage,disagreement_prompt,1,ai_not_shown
R011,19,CASE007057,chest_xray_triage,disagreement_prompt,1,ai_not_shown
R011,19,CASE007060,chest_xray_triage,disagreement_prompt,1,ai_not_shown
R011,20,CASE007094,chest_xray_triage,disagreement_prompt,1,ai_not_shown
R011,21,CASE007104,chest_xray_triage,disagreement_prompt,1,ai_not_shown
R011,21,CASE007123,chest_xray_triage,disagreement_prompt,1,ai_not_shown
R011,23,CASE007153,chest_xray_triage,disagreement_prompt,1,ai_not_shown
R011,23,CASE007166,chest_xray_triage,disagreement_prompt,1,ai_not_shown
R011,24,CASE007194,chest_xray_triage,disagreement_prompt,1,ai_not_shown
R011,24,CASE007199,chest_xray_triage,disagreement_prompt,0,ai_not_shown
R012,2,CASE007234,chest_xray_triage,control_always_ai,1,ai_not_shown
R012,3,CASE007267,chest_xray_triage,control_always_ai,1,ai_not_shown
R012,3,CASE007272,chest_xray_triage,control_always_ai,1,ai_not_shown
R012,4,CASE007276,chest_xray_triage,control_always_ai,1,ai_not_shown
R012,5,CASE007308,chest_xray_triage,control_always_ai,1,ai_not_shown
R012,5,CASE007314,chest_xray_triage,control_always_ai,1,ai_not_shown
R012,5,CASE007323,chest_xray_triage,control_always_ai,1,ai_not_shown
R012,6,CASE007332,chest_xray_triage,control_always_ai,1,ai_not_shown
R012,7,CASE007353,chest_xray_triage,control_always_ai,1,ai_not_shown
R012,8,CASE007392,chest_xray_triage,control_always_ai,1,ai_not_shown
R012,9,CASE007404,chest_xray_triage,control_always_ai,0,ai_not_shown
R012,9,CASE007407,chest_xray_triage,control_always_ai,1,ai_not_shown
R012,9,CASE007418,chest_xray_triage,control_always_ai,1,ai_not_shown
R012,9,CASE007423,chest_xray_triage,control_always_ai,1,ai_not_shown
R012,9,CASE007424,chest_xray_triage,control_always_ai,1,ai_not_shown
R012,10,CASE007426,chest_xray_triage,control_always_ai,1,ai_not_shown
R012,10,CASE007440,chest_xray_triage,control_always_ai,1,ai_not_shown
R012,10,CASE007442,chest_xray_triage,control_always_ai,1,ai_not_shown
R012,10,CASE007443,chest_xray_triage,control_always_ai,1,ai_not_shown
R012,11,CASE007454,chest_xray_triage,control_always_ai,1,ai_not_shown
R012,11,CASE007468,chest_xray_triage,control_always_ai,0,ai_not_shown
R012,12,CASE007489,chest_xray_triage,control_always_ai,1,ai_not_shown
R012,13,CASE007504,chest_xray_triage,control_always_ai,0,ai_not_shown
R012,13,CASE007515,chest_xray_triage,control_always_ai,1,ai_not_shown
R012,14,CASE007533,chest_xray_triage,control_always_ai,0,ai_not_shown
R012,15,CASE007556,chest_xray_triage,control_always_ai,1,ai_not_shown
R012,15,CASE007557,chest_xray_triage,control_always_ai,0,ai_not_shown
R012,15,CASE007569,chest_xray_triage,control_always_ai,0,ai_not_shown
R012,15,CASE007571,chest_xray_triage,control_always_ai,0,ai_not_shown
R012,15,CASE007573,chest_xray_triage,control_always_ai,1,ai_not_shown
R012,15,CASE007575,chest_xray_triage,control_always_ai,1,ai_not_shown
R012,16,CASE007578,chest_xray_triage,control_always_ai,1,ai_not_shown
R012,16,CASE007600,chest_xray_triage,control_always_ai,1,ai_not_shown
R012,17,CASE007611,chest_xray_triage,control_always_ai,0,ai_not_shown
R012,18,CASE007641,chest_xray_triage,control_always_ai,1,ai_not_shown
R012,18,CASE007644,chest_xray_triage,control_always_ai,1,ai_not_shown
R012,19,CASE007670,chest_xray_triage,control_always_ai,1,ai_not_shown
R012,21,CASE007713,chest_xray_triage,control_always_ai,1,ai_not_shown
R012,22,CASE007730,chest_xray_triage,control_always_ai,0,ai_not_shown
R012,22,CASE007748,chest_xray_triage,control_always_ai,1,ai_not_shown
R012,23,CASE007753,chest_xray_triage,control_always_ai,1,ai_not_shown
R012,23,CASE007761,chest_xray_triage,control_always_ai,0,ai_not_shown
R012,23,CASE007773,chest_xray_triage,control_always_ai,1,ai_not_shown
R013,1,CASE007801,chest_xray_triage,blind_first,1,blind_first_precommit
R013,1,CASE007802,chest_xray_triage,blind_first,0,ai_not_shown
R013,1,CASE007803,chest_xray_triage,blind_first,1,blind_first_precommit
R013,1,CASE007804,chest_xray_triage,blind_first,1,blind_first_precommit
R013,1,CASE007805,chest_xray_triage,blind_first,0,blind_first_precommit
R013,1,CASE007806,chest_xray_triage,blind_first,1,blind_first_precommit
R013,1,CASE007807,chest_xray_triage,blind_first,1,blind_first_precommit
R013,1,CASE007808,chest_xray_triage,blind_first,0,blind_first_precommit
R013,1,CASE007809,chest_xray_triage,blind_first,1,blind_first_precommit
R013,1,CASE007810,chest_xray_triage,blind_first,1,blind_first_precommit
R013,1,CASE007811,chest_xray_triage,blind_first,1,blind_first_precommit
R013,1,CASE007812,chest_xray_triage,blind_first,0,blind_first_precommit
R013,1,CASE007813,chest_xray_triage,blind_first,0,ai_not_shown
R013,1,CASE007814,chest_xray_triage,blind_first,0,blind_first_precommit
R013,1,CASE007815,chest_xray_triage,blind_first,1,blind_first_precommit
R013,1,CASE007816,chest_xray_triage,blind_first,1,blind_first_precommit
R013,1,CASE007817,chest_xray_triage,blind_first,1,ai_not_shown
R013,1,CASE007818,chest_xray_triage,blind_first,0,blind_first_precommit
R013,1,CASE007819,chest_xray_triage,blind_first,1,blind_first_precommit
R013,1,CASE007820,chest_xray_triage,blind_first,1,blind_first_precommit
R013,1,CASE007821,chest_xray_triage,blind_first,1,blind_first_precommit
R013,1,CASE007822,chest_xray_triage,blind_first,1,blind_first_precommit
R013,1,CASE007823,chest_xray_triage,blind_first,1,blind_first_precommit
R013,1,CASE007824,chest_xray_triage,blind_first,1,blind_first_precommit
R013,1,CASE007825,chest_xray_triage,blind_first,1,ai_not_shown
R013,2,CASE007826,chest_xray_triage,blind_first,1,blind_first_precommit
R013,2,CASE007827,chest_xray_triage,blind_first,0,blind_first_precommit
R013,2,CASE007828,chest_xray_triage,blind_first,0,blind_first_precommit
R013,2,CASE007829,chest_xray_triage,blind_first,1,blind_first_precommit
R013,2,CASE007830,chest_xray_triage,blind_first,1,blind_first_precommit
R013,2,CASE007831,chest_xray_triage,blind_first,1,blind_first_precommit
R013,2,CASE007832,chest_xray_triage,blind_first,1,blind_first_precommit
R013,2,CASE007833,chest_xray_triage,blind_first,1,blind_first_precommit
R013,2,CASE007834,chest_xray_triage,blind_first,1,blind_first_precommit
R013,2,CASE007835,chest_xray_triage,blind_first,1,blind_first_precommit
R013,2,CASE007836,chest_xray_triage,blind_first,1,blind_first_precommit
R013,2,CASE007837,chest_xray_triage,blind_first,1,blind_first_precommit
R013,2,CASE007838,chest_xray_triage,blind_first,1,blind_first_precommit
R013,2,CASE007839,chest_xray_triage,blind_first,0,blind_first_precommit
R013,2,CASE007840,chest_xray_triage,blind_first,1,blind_first_precommit
R013,2,CASE007841,chest_xray_triage,blind_first,0,blind_first_precommit
R013,2,CASE007842,chest_xray_triage,blind_first,1,blind_first_precommit
R013,2,CASE007843,chest_xray_triage,blind_first,1,ai_not_shown
R013,2,CASE007844,chest_xray_triage,blind_first,0,blind_first_precommit
R013,2,CASE007845,chest_xray_triage,blind_first,1,blind_first_precommit
R013,2,CASE007846,chest_xray_triage,blind_first,1,blind_first_precommit
R013,2,CASE007847,chest_xray_triage,blind_first,1,blind_first_precommit
R013,2,CASE007848,chest_xray_triage,blind_first,1,blind_first_precommit
R013,2,CASE007849,chest_xray_triage,blind_first,1,blind_first_precommit
R013,2,CASE007850,chest_xray_triage,blind_first,1,blind_first_precommit
R013,3,CASE007851,chest_xray_triage,blind_first,1,blind_first_precommit
R013,3,CASE007852,chest_xray_triage,blind_first,1,blind_first_precommit
R013,3,CASE007853,chest_xray_triage,blind_first,1,blind_first_precommit
R013,3,CASE007854,chest_xray_triage,blind_first,1,blind_first_precommit
R013,3,CASE007855,chest_xray_triage,blind_first,1,blind_first_precommit
R013,3,CASE007856,chest_xray_triage,blind_first,1,blind_first_precommit
R013,3,CASE007857,chest_xray_triage,blind_first,1,blind_first_precommit
R013,3,CASE007858,chest_xray_triage,blind_first,1,blind_first_precommit
R013,3,CASE007859,chest_xray_triage,blind_first,1,blind_first_precommit
R013,3,CASE007860,chest_xray_triage,blind_first,1,blind_first_precommit
R013,3,CASE007861,chest_xray_triage,blind_first,1,blind_first_precommit
R013,3,CASE007862,chest_xray_triage,blind_first,1,blind_first_precommit
R013,3,CASE007863,chest_xray_triage,blind_first,1,blind_first_precommit
R013,3,CASE007864,chest_xray_triage,blind_first,1,ai_not_shown
R013,3,CASE007865,chest_xray_triage,blind_first,1,blind_first_precommit
R013,3,CASE007866,chest_xray_triage,blind_first,0,blind_first_precommit
R013,3,CASE007867,chest_xray_triage,blind_first,0,ai_not_shown
R013,3,CASE007868,chest_xray_triage,blind_first,1,blind_first_precommit
R013,3,CASE007869,chest_xray_triage,blind_first,1,blind_first_precommit
R013,3,CASE007870,chest_xray_triage,blind_first,1,blind_first_precommit
R013,3,CASE007871,chest_xray_triage,blind_first,1,ai_not_shown
R013,3,CASE007872,chest_xray_triage,blind_first,1,blind_first_precommit
R013,3,CASE007873,chest_xray_triage,blind_first,0,blind_first_precommit
R013,3,CASE007874,chest_xray_triage,blind_first,1,blind_first_precommit
R013,3,CASE007875,chest_xray_triage,blind_first,1,ai_not_shown
R013,4,CASE007876,chest_xray_triage,blind_first,1,blind_first_precommit
R013,4,CASE007877,chest_xray_triage,blind_first,1,blind_first_precommit
R013,4,CASE007878,chest_xray_triage,blind_first,1,blind_first_precommit
R013,4,CASE007879,chest_xray_triage,blind_first,1,blind_first_precommit
R013,4,CASE007880,chest_xray_triage,blind_first,1,blind_first_precommit
R013,4,CASE007881,chest_xray_triage,blind_first,0,ai_not_shown
R013,4,CASE007882,chest_xray_triage,blind_first,1,blind_first_precommit
R013,4,CASE007883,chest_xray_triage,blind_first,1,blind_first_precommit
R013,4,CASE007884,chest_xray_triage,blind_first,1,blind_first_precommit
R013,4,CASE007885,chest_xray_triage,blind_first,1,blind_first_precommit
R013,4,CASE007886,chest_xray_triage,blind_first,1,blind_first_precommit
R013,4,CASE007887,chest_xray_triage,blind_first,1,blind_first_precommit
R013,4,CASE007888,chest_xray_triage,blind_first,0,ai_not_shown
R013,4,CASE007889,chest_xray_triage,blind_first,0,blind_first_precommit
R013,4,CASE007890,chest_xray_triage,blind_first,1,blind_first_precommit
R013,4,CASE007891,chest_xray_triage,blind_first,1,blind_first_precommit
R013,4,CASE007892,chest_xray_triage,blind_first,0,blind_first_precommit
R013,4,CASE007893,chest_xray_triage,blind_first,0,blind_first_precommit
R013,4,CASE007894,chest_xray_triage,blind_first,1,blind_first_precommit
R013,4,CASE007895,chest_xray_triage,blind_first,1,blind_first_precommit
R013,4,CASE007896,chest_xray_triage,blind_first,0,blind_first_precommit
R013,4,CASE007897,chest_xray_triage,blind_first,1,blind_first_precommit
R013,4,CASE007898,chest_xray_triage,blind_first,0,blind_first_precommit
R013,4,CASE007899,chest_xray_triage,blind_first,0,blind_first_precommit
R013,4,CASE007900,chest_xray_triage,blind_first,0,blind_first_precommit
R013,5,CASE007901,chest_xray_triage,blind_first,1,blind_first_precommit
R013,5,CASE007902,chest_xray_triage,blind_first,1,blind_first_precommit
R013,5,CASE007903,chest_xray_triage,blind_first,1,blind_first_precommit
R013,5,CASE007904,chest_xray_triage,blind_first,1,blind_first_precommit
R013,5,CASE007905,chest_xray_triage,blind_first,1,blind_first_precommit
R013,5,CASE007906,chest_xray_triage,blind_first,1,blind_first_precommit
R013,5,CASE007907,chest_xray_triage,blind_first,1,blind_first_precommit
R013,5,CASE007908,chest_xray_triage,blind_first,1,blind_first_precommit
R013,5,CASE007909,chest_xray_triage,blind_first,1,blind_first_precommit
R013,5,CASE007910,chest_xray_triage,blind_first,1,blind_first_precommit
R013,5,CASE007911,chest_xray_triage,blind_first,1,blind_first_precommit
R013,5,CASE007912,chest_xray_triage,blind_first,1,blind_first_precommit
R013,5,CASE007913,chest_xray_triage,blind_first,1,blind_first_precommit
R013,5,CASE007914,chest_xray_triage,blind_first,0,blind_first_precommit
R013,5,CASE007915,chest_xray_triage,blind_first,1,blind_first_precommit
R013,5,CASE007916,chest_xray_triage,blind_first,1,blind_first_precommit
R013,5,CASE007917,chest_xray_triage,blind_first,1,blind_first_precommit
R013,5,CASE007918,chest_xray_triage,blind_first,0,blind_first_precommit
R013,5,CASE007919,chest_xray_triage,blind_first,0,blind_first_precommit
R013,5,CASE007920,chest_xray_triage,blind_first,0,blind_first_precommit
R013,5,CASE007921,chest_xray_triage,blind_first,1,blind_first_precommit
R013,5,CASE007922,chest_xray_triage,blind_first,1,blind_first_precommit
R013,5,CASE007923,chest_xray_triage,blind_first,1,blind_first_precommit
R013,5,CASE007924,chest_xray_triage,blind_first,1,blind_first_precommit
R013,5,CASE007925,chest_xray_triage,blind_first,1,blind_first_precommit
R013,6,CASE007926,chest_xray_triage,blind_first,1,blind_first_precommit
R013,6,CASE007927,chest_xray_triage,blind_first,1,blind_first_precommit
R013,6,CASE007928,chest_xray_triage,blind_first,1,blind_first_precommit
R013,6,CASE007929,chest_xray_triage,blind_first,0,blind_first_precommit
R013,6,CASE007930,chest_xray_triage,blind_first,1,blind_first_precommit
R013,6,CASE007931,chest_xray_triage,blind_first,1,blind_first_precommit
R013,6,CASE007932,chest_xray_triage,blind_first,0,blind_first_precommit
R013,6,CASE007933,chest_xray_triage,blind_first,1,blind_first_precommit
R013,6,CASE007934,chest_xray_triage,blind_first,1,blind_first_precommit
R013,6,CASE007935,chest_xray_triage,blind_first,1,blind_first_precommit
R013,6,CASE007936,chest_xray_triage,blind_first,1,blind_first_precommit
R013,6,CASE007937,chest_xray_triage,blind_first,1,blind_first_precommit
R013,6,CASE007938,chest_xray_triage,blind_first,1,blind_first_precommit
R013,6,CASE007939,chest_xray_triage,blind_first,1,blind_first_precommit
R013,6,CASE007940,chest_xray_triage,blind_first,1,blind_first_precommit
R013,6,CASE007941,chest_xray_triage,blind_first,1,blind_first_precommit
R013,6,CASE007942,chest_xray_triage,blind_first,1,blind_first_precommit
R013,6,CASE007943,chest_xray_triage,blind_first,1,blind_first_precommit
R013,6,CASE007944,chest_xray_triage,blind_first,1,blind_first_precommit
R013,6,CASE007945,chest_xray_triage,blind_first,1,blind_first_precommit
R013,6,CASE007946,chest_xray_triage,blind_first,1,blind_first_precommit
R013,6,CASE007947,chest_xray_triage,blind_first,0,ai_not_shown
R013,6,CASE007948,chest_xray_triage,blind_first,1,blind_first_precommit
R013,6,CASE007949,chest_xray_triage,blind_first,0,blind_first_precommit
R013,6,CASE007950,chest_xray_triage,blind_first,1,blind_first_precommit
R013,7,CASE007951,chest_xray_triage,blind_first,1,blind_first_precommit
R013,7,CASE007952,chest_xray_triage,blind_first,0,blind_first_precommit
R013,7,CASE007953,chest_xray_triage,blind_first,0,blind_first_precommit
R013,7,CASE007954,chest_xray_triage,blind_first,1,blind_first_precommit
R013,7,CASE007955,chest_xray_triage,blind_first,1,blind_first_precommit
R013,7,CASE007956,chest_xray_triage,blind_first,1,blind_first_precommit
R013,7,CASE007957,chest_xray_triage,blind_first,1,blind_first_precommit
R013,7,CASE007958,chest_xray_triage,blind_first,1,blind_first_precommit
R013,7,CASE007959,chest_xray_triage,blind_first,0,blind_first_precommit
R013,7,CASE007960,chest_xray_triage,blind_first,1,blind_first_precommit
R013,7,CASE007961,chest_xray_triage,blind_first,1,blind_first_precommit
R013,7,CASE007962,chest_xray_triage,blind_first,1,blind_first_precommit
R013,7,CASE007963,chest_xray_triage,blind_first,0,blind_first_precommit
R013,7,CASE007964,chest_xray_triage,blind_first,0,ai_not_shown
R013,7,CASE007965,chest_xray_triage,blind_first,1,blind_first_precommit
R013,7,CASE007966,chest_xray_triage,blind_first,1,blind_first_precommit
R013,7,CASE007967,chest_xray_triage,blind_first,1,blind_first_precommit
R013,7,CASE007968,chest_xray_triage,blind_first,1,ai_not_shown
R013,7,CASE007969,chest_xray_triage,blind_first,1,blind_first_precommit
R013,7,CASE007970,chest_xray_triage,blind_first,0,blind_first_precommit
R013,7,CASE007971,chest_xray_triage,blind_first,0,blind_first_precommit
R013,7,CASE007972,chest_xray_triage,blind_first,1,blind_first_precommit
R013,7,CASE007973,chest_xray_triage,blind_first,1,blind_first_precommit
R013,7,CASE007974,chest_xray_triage,blind_first,0,blind_first_precommit
R013,7,CASE007975,chest_xray_triage,blind_first,0,blind_first_precommit
R013,8,CASE007976,chest_xray_triage,blind_first,0,blind_first_precommit
R013,8,CASE007977,chest_xray_triage,blind_first,1,blind_first_precommit
R013,8,CASE007978,chest_xray_triage,blind_first,1,blind_first_precommit
R013,8,CASE007979,chest_xray_triage,blind_first,0,blind_first_precommit
R013,8,CASE007980,chest_xray_triage,blind_first,1,blind_first_precommit
R013,8,CASE007981,chest_xray_triage,blind_first,0,blind_first_precommit
R013,8,CASE007982,chest_xray_triage,blind_first,0,blind_first_precommit
R013,8,CASE007983,chest_xray_triage,blind_first,0,blind_first_precommit
R013,8,CASE007984,chest_xray_triage,blind_first,1,ai_not_shown
R013,8,CASE007985,chest_xray_triage,blind_first,1,blind_first_precommit
R013,8,CASE007986,chest_xray_triage,blind_first,1,blind_first_precommit
R013,8,CASE007987,chest_xray_triage,blind_first,1,ai_not_shown
R013,8,CASE007988,chest_xray_triage,blind_first,1,blind_first_precommit
R013,8,CASE007989,chest_xray_triage,blind_first,1,blind_first_precommit
R013,8,CASE007990,chest_xray_triage,blind_first,1,blind_first_precommit
R013,8,CASE007991,chest_xray_triage,blind_first,0,blind_first_precommit
R013,8,CASE007992,chest_xray_triage,blind_first,1,blind_first_precommit
R013,8,CASE007993,chest_xray_triage,blind_first,1,blind_first_precommit
R013,8,CASE007994,chest_xray_triage,blind_first,1,blind_first_precommit
R013,8,CASE007995,chest_xray_triage,blind_first,1,blind_first_precommit
R013,8,CASE007996,chest_xray_triage,blind_first,1,blind_first_precommit
R013,8,CASE007997,chest_xray_triage,blind_first,0,blind_first_precommit
R013,8,CASE007998,chest_xray_triage,blind_first,0,blind_first_precommit
R013,8,CASE007999,chest_xray_triage,blind_first,1,blind_first_precommit
R013,8,CASE008000,chest_xray_triage,blind_first,1,blind_first_precommit
R013,9,CASE008001,chest_xray_triage,blind_first,1,blind_first_precommit
R013,9,CASE008002,chest_xray_triage,blind_first,1,ai_not_shown
R013,9,CASE008003,chest_xray_triage,blind_first,1,blind_first_precommit
R013,9,CASE008004,chest_xray_triage,blind_first,1,blind_first_precommit
R013,9,CASE008005,chest_xray_triage,blind_first,1,blind_first_precommit
R013,9,CASE008006,chest_xray_triage,blind_first,1,blind_first_precommit
R013,9,CASE008007,chest_xray_triage,blind_first,1,blind_first_precommit
R013,9,CASE008008,chest_xray_triage,blind_first,1,blind_first_precommit
R013,9,CASE008009,chest_xray_triage,blind_first,1,blind_first_precommit
R013,9,CASE008010,chest_xray_triage,blind_first,1,blind_first_precommit
R013,9,CASE008011,chest_xray_triage,blind_first,0,blind_first_precommit
R013,9,CASE008012,chest_xray_triage,blind_first,0,blind_first_precommit
R013,9,CASE008013,chest_xray_triage,blind_first,0,blind_first_precommit
R013,9,CASE008014,chest_xray_triage,blind_first,1,blind_first_precommit
R013,9,CASE008015,chest_xray_triage,blind_first,1,blind_first_precommit
R013,9,CASE008016,chest_xray_triage,blind_first,1,blind_first_precommit
R013,9,CASE008017,chest_xray_triage,blind_first,1,blind_first_precommit
R013,9,CASE008018,chest_xray_triage,blind_first,1,ai_not_shown
R013,9,CASE008019,chest_xray_triage,blind_first,1,blind_first_precommit
R013,9,CASE008020,chest_xray_triage,blind_first,1,blind_first_precommit
R013,9,CASE008021,chest_xray_triage,blind_first,1,blind_first_precommit
R013,9,CASE008022,chest_xray_triage,blind_first,0,ai_not_shown
R013,9,CASE008023,chest_xray_triage,blind_first,1,blind_first_precommit
R013,9,CASE008024,chest_xray_triage,blind_first,0,blind_first_precommit
R013,9,CASE008025,chest_xray_triage,blind_first,1,blind_first_precommit
R013,10,CASE008026,chest_xray_triage,blind_first,1,blind_first_precommit
R013,10,CASE008027,chest_xray_triage,blind_first,0,blind_first_precommit
R013,10,CASE008028,chest_xray_triage,blind_first,1,blind_first_precommit
R013,10,CASE008029,chest_xray_triage,blind_first,1,blind_first_precommit
R013,10,CASE008030,chest_xray_triage,blind_first,1,blind_first_precommit
R013,10,CASE008031,chest_xray_triage,blind_first,0,blind_first_precommit
R013,10,CASE008032,chest_xray_triage,blind_first,0,blind_first_precommit
R013,10,CASE008033,chest_xray_triage,blind_first,1,blind_first_precommit
R013,10,CASE008034,chest_xray_triage,blind_first,1,blind_first_precommit
R013,10,CASE008035,chest_xray_triage,blind_first,0,blind_first_precommit
R013,10,CASE008036,chest_xray_triage,blind_first,1,blind_first_precommit
R013,10,CASE008037,chest_xray_triage,blind_first,0,blind_first_precommit
R013,10,CASE008038,chest_xray_triage,blind_first,0,blind_first_precommit
R013,10,CASE008039,chest_xray_triage,blind_first,1,blind_first_precommit
R013,10,CASE008040,chest_xray_triage,blind_first,1,blind_first_precommit
R013,10,CASE008041,chest_xray_triage,blind_first,1,blind_first_precommit
R013,10,CASE008042,chest_xray_triage,blind_first,1,blind_first_precommit
R013,10,CASE008043,chest_xray_triage,blind_first,0,blind_first_precommit
R013,10,CASE008044,chest_xray_triage,blind_first,1,blind_first_precommit
R013,10,CASE008045,chest_xray_triage,blind_first,1,blind_first_precommit
R013,10,CASE008046,chest_xray_triage,blind_first,0,blind_first_precommit
R013,10,CASE008047,chest_xray_triage,blind_first,1,blind_first_precommit
R013,10,CASE008048,chest_xray_triage,blind_first,1,blind_first_precommit
R013,10,CASE008049,chest_xray_triage,blind_first,1,blind_first_precommit
R013,10,CASE008050,chest_xray_triage,blind_first,1,blind_first_precommit
R013,11,CASE008051,chest_xray_triage,blind_first,0,blind_first_precommit
R013,11,CASE008052,chest_xray_triage,blind_first,1,blind_first_precommit
R013,11,CASE008053,chest_xray_triage,blind_first,1,blind_first_precommit
R013,11,CASE008054,chest_xray_triage,blind_first,1,blind_first_precommit
R013,11,CASE008055,chest_xray_triage,blind_first,1,blind_first_precommit
R013,11,CASE008056,chest_xray_triage,blind_first,1,blind_first_precommit
R013,11,CASE008057,chest_xray_triage,blind_first,1,blind_first_precommit
R013,11,CASE008058,chest_xray_triage,blind_first,1,ai_not_shown
R013,11,CASE008059,chest_xray_triage,blind_first,1,blind_first_precommit
R013,11,CASE008060,chest_xray_triage,blind_first,0,blind_first_precommit
R013,11,CASE008061,chest_xray_triage,blind_first,1,blind_first_precommit
R013,11,CASE008062,chest_xray_triage,blind_first,1,blind_first_precommit
R013,11,CASE008063,chest_xray_triage,blind_first,1,blind_first_precommit
R013,11,CASE008064,chest_xray_triage,blind_first,1,blind_first_precommit
R013,11,CASE008065,chest_xray_triage,blind_first,1,blind_first_precommit
R013,11,CASE008066,chest_xray_triage,blind_first,1,blind_first_precommit
R013,11,CASE008067,chest_xray_triage,blind_first,0,blind_first_precommit
R013,11,CASE008068,chest_xray_triage,blind_first,1,blind_first_precommit
R013,11,CASE008069,chest_xray_triage,blind_first,1,blind_first_precommit
R013,11,CASE008070,chest_xray_triage,blind_first,1,blind_first_precommit
R013,11,CASE008071,chest_xray_triage,blind_first,1,blind_first_precommit
R013,11,CASE008072,chest_xray_triage,blind_first,1,blind_first_precommit
R013,11,CASE008073,chest_xray_triage,blind_first,1,blind_first_precommit
R013,11,CASE008074,chest_xray_triage,blind_first,1,blind_first_precommit
R013,11,CASE008075,chest_xray_triage,blind_first,1,blind_first_precommit
R013,12,CASE008076,chest_xray_triage,blind_first,1,blind_first_precommit
R013,12,CASE008077,chest_xray_triage,blind_first,1,blind_first_precommit
R013,12,CASE008078,chest_xray_triage,blind_first,1,blind_first_precommit
R013,12,CASE008079,chest_xray_triage,blind_first,1,blind_first_precommit
R013,12,CASE008080,chest_xray_triage,blind_first,0,blind_first_precommit
R013,12,CASE008081,chest_xray_triage,blind_first,1,blind_first_precommit
R013,12,CASE008082,chest_xray_triage,blind_first,0,blind_first_precommit
R013,12,CASE008083,chest_xray_triage,blind_first,0,blind_first_precommit
R013,12,CASE008084,chest_xray_triage,blind_first,0,blind_first_precommit
R013,12,CASE008085,chest_xray_triage,blind_first,1,blind_first_precommit
R013,12,CASE008086,chest_xray_triage,blind_first,1,blind_first_precommit
R013,12,CASE008087,chest_xray_triage,blind_first,1,blind_first_precommit
R013,12,CASE008088,chest_xray_triage,blind_first,1,blind_first_precommit
R013,12,CASE008089,chest_xray_triage,blind_first,1,blind_first_precommit
R013,12,CASE008090,chest_xray_triage,blind_first,1,blind_first_precommit
R013,12,CASE008091,chest_xray_triage,blind_first,1,blind_first_precommit
R013,12,CASE008092,chest_xray_triage,blind_first,0,blind_first_precommit
R013,12,CASE008093,chest_xray_triage,blind_first,1,ai_not_shown
R013,12,CASE008094,chest_xray_triage,blind_first,1,blind_first_precommit
R013,12,CASE008095,chest_xray_triage,blind_first,1,blind_first_precommit
R013,12,CASE008096,chest_xray_triage,blind_first,1,blind_first_precommit
R013,12,CASE008097,chest_xray_triage,blind_first,1,blind_first_precommit
R013,12,CASE008098,chest_xray_triage,blind_first,0,blind_first_precommit
R013,12,CASE008099,chest_xray_triage,blind_first,1,blind_first_precommit
R013,12,CASE008100,chest_xray_triage,blind_first,0,ai_not_shown
R013,13,CASE008101,chest_xray_triage,blind_first,0,blind_first_precommit
R013,13,CASE008102,chest_xray_triage,blind_first,1,blind_first_precommit
R013,13,CASE008103,chest_xray_triage,blind_first,1,blind_first_precommit
R013,13,CASE008104,chest_xray_triage,blind_first,1,ai_not_shown
R013,13,CASE008105,chest_xray_triage,blind_first,1,blind_first_precommit
R013,13,CASE008106,chest_xray_triage,blind_first,1,blind_first_precommit
R013,13,CASE008107,chest_xray_triage,blind_first,0,blind_first_precommit
R013,13,CASE008108,chest_xray_triage,blind_first,1,ai_not_shown
R013,13,CASE008109,chest_xray_triage,blind_first,1,blind_first_precommit
R013,13,CASE008110,chest_xray_triage,blind_first,0,blind_first_precommit
R013,13,CASE008111,chest_xray_triage,blind_first,1,blind_first_precommit
R013,13,CASE008112,chest_xray_triage,blind_first,1,blind_first_precommit
R013,13,CASE008113,chest_xray_triage,blind_first,0,blind_first_precommit
R013,13,CASE008114,chest_xray_triage,blind_first,0,blind_first_precommit
R013,13,CASE008115,chest_xray_triage,blind_first,1,blind_first_precommit
R013,13,CASE008116,chest_xray_triage,blind_first,1,blind_first_precommit
R013,13,CASE008117,chest_xray_triage,blind_first,1,blind_first_precommit
R013,13,CASE008118,chest_xray_triage,blind_first,1,blind_first_precommit
R013,13,CASE008119,chest_xray_triage,blind_first,1,blind_first_precommit
R013,13,CASE008120,chest_xray_triage,blind_first,1,blind_first_precommit
R013,13,CASE008121,chest_xray_triage,blind_first,1,blind_first_precommit
R013,13,CASE008122,chest_xray_triage,blind_first,0,blind_first_precommit
R013,13,CASE008123,chest_xray_triage,blind_first,1,blind_first_precommit
R013,13,CASE008124,chest_xray_triage,blind_first,1,blind_first_precommit
R013,13,CASE008125,chest_xray_triage,blind_first,1,blind_first_precommit
R013,14,CASE008126,chest_xray_triage,blind_first,0,blind_first_precommit
R013,14,CASE008127,chest_xray_triage,blind_first,1,blind_first_precommit
R013,14,CASE008128,chest_xray_triage,blind_first,0,blind_first_precommit
R013,14,CASE008129,chest_xray_triage,blind_first,0,ai_not_shown
R013,14,CASE008130,chest_xray_triage,blind_first,1,blind_first_precommit
R013,14,CASE008131,chest_xray_triage,blind_first,1,blind_first_precommit
R013,14,CASE008132,chest_xray_triage,blind_first,1,blind_first_precommit
R013,14,CASE008133,chest_xray_triage,blind_first,1,blind_first_precommit
R013,14,CASE008134,chest_xray_triage,blind_first,1,blind_first_precommit
R013,14,CASE008135,chest_xray_triage,blind_first,0,blind_first_precommit
R013,14,CASE008136,chest_xray_triage,blind_first,0,blind_first_precommit
R013,14,CASE008137,chest_xray_triage,blind_first,0,blind_first_precommit
R013,14,CASE008138,chest_xray_triage,blind_first,1,blind_first_precommit
R013,14,CASE008139,chest_xray_triage,blind_first,1,blind_first_precommit
R013,14,CASE008140,chest_xray_triage,blind_first,0,blind_first_precommit
R013,14,CASE008141,chest_xray_triage,blind_first,1,blind_first_precommit
R013,14,CASE008142,chest_xray_triage,blind_first,0,blind_first_precommit
R013,14,CASE008143,chest_xray_triage,blind_first,1,blind_first_precommit
R013,14,CASE008144,chest_xray_triage,blind_first,0,blind_first_precommit
R013,14,CASE008145,chest_xray_triage,blind_first,1,blind_first_precommit
R013,14,CASE008146,chest_xray_triage,blind_first,0,blind_first_precommit
R013,14,CASE008147,chest_xray_triage,blind_first,0,blind_first_precommit
R013,14,CASE008148,chest_xray_triage,blind_first,1,blind_first_precommit
R013,14,CASE008149,chest_xray_triage,blind_first,1,blind_first_precommit
R013,14,CASE008150,chest_xray_triage,blind_first,1,blind_first_precommit
R013,15,CASE008151,chest_xray_triage,blind_first,1,blind_first_precommit
R013,15,CASE008152,chest_xray_triage,blind_first,0,blind_first_precommit
R013,15,CASE008153,chest_xray_triage,blind_first,0,blind_first_precommit
R013,15,CASE008154,chest_xray_triage,blind_first,0,blind_first_precommit
R013,15,CASE008155,chest_xray_triage,blind_first,1,blind_first_precommit
R013,15,CASE008156,chest_xray_triage,blind_first,0,blind_first_precommit
R013,15,CASE008157,chest_xray_triage,blind_first,1,blind_first_precommit
R013,15,CASE008158,chest_xray_triage,blind_first,1,blind_first_precommit
R013,15,CASE008159,chest_xray_triage,blind_first,1,blind_first_precommit
R013,15,CASE008160,chest_xray_triage,blind_first,0,blind_first_precommit
R013,15,CASE008161,chest_xray_triage,blind_first,1,blind_first_precommit
R013,15,CASE008162,chest_xray_triage,blind_first,1,blind_first_precommit
R013,15,CASE008163,chest_xray_triage,blind_first,1,blind_first_precommit
R013,15,CASE008164,chest_xray_triage,blind_first,1,blind_first_precommit
R013,15,CASE008165,chest_xray_triage,blind_first,0,blind_first_precommit
R013,15,CASE008166,chest_xray_triage,blind_first,1,blind_first_precommit
R013,15,CASE008167,chest_xray_triage,blind_first,1,blind_first_precommit
R013,15,CASE008168,chest_xray_triage,blind_first,1,blind_first_precommit
R013,15,CASE008169,chest_xray_triage,blind_first,1,blind_first_precommit
R013,15,CASE008170,chest_xray_triage,blind_first,1,blind_first_precommit
R013,15,CASE008171,chest_xray_triage,blind_first,1,blind_first_precommit
R013,15,CASE008172,chest_xray_triage,blind_first,1,ai_not_shown
R013,15,CASE008173,chest_xray_triage,blind_first,1,blind_first_precommit
R013,15,CASE008174,chest_xray_triage,blind_first,1,blind_first_precommit
R013,15,CASE008175,chest_xray_triage,blind_first,1,blind_first_precommit
R013,16,CASE008176,chest_xray_triage,blind_first,1,blind_first_precommit
R013,16,CASE008177,chest_xray_triage,blind_first,1,blind_first_precommit
R013,16,CASE008178,chest_xray_triage,blind_first,1,blind_first_precommit
R013,16,CASE008179,chest_xray_triage,blind_first,1,blind_first_precommit
R013,16,CASE008180,chest_xray_triage,blind_first,0,blind_first_precommit
R013,16,CASE008181,chest_xray_triage,blind_first,1,blind_first_precommit
R013,16,CASE008182,chest_xray_triage,blind_first,1,blind_first_precommit
R013,16,CASE008183,chest_xray_triage,blind_first,1,blind_first_precommit
R013,16,CASE008184,chest_xray_triage,blind_first,1,blind_first_precommit
R013,16,CASE008185,chest_xray_triage,blind_first,0,blind_first_precommit
R013,16,CASE008186,chest_xray_triage,blind_first,1,blind_first_precommit
R013,16,CASE008187,chest_xray_triage,blind_first,1,blind_first_precommit
R013,16,CASE008188,chest_xray_triage,blind_first,0,blind_first_precommit
R013,16,CASE008189,chest_xray_triage,blind_first,0,blind_first_precommit
R013,16,CASE008190,chest_xray_triage,blind_first,1,blind_first_precommit
R013,16,CASE008191,chest_xray_triage,blind_first,0,blind_first_precommit
R013,16,CASE008192,chest_xray_triage,blind_first,1,blind_first_precommit
R013,16,CASE008193,chest_xray_triage,blind_first,1,blind_first_precommit
R013,16,CASE008194,chest_xray_triage,blind_first,1,blind_first_precommit
R013,16,CASE008195,chest_xray_triage,blind_first,1,blind_first_precommit
R013,16,CASE008196,chest_xray_triage,blind_first,1,blind_first_precommit
R013,16,CASE008197,chest_xray_triage,blind_first,1,blind_first_precommit
R013,16,CASE008198,chest_xray_triage,blind_first,1,blind_first_precommit
R013,16,CASE008199,chest_xray_triage,blind_first,1,blind_first_precommit
R013,16,CASE008200,chest_xray_triage,blind_first,0,blind_first_precommit
R013,17,CASE008201,chest_xray_triage,blind_first,1,blind_first_precommit
R013,17,CASE008202,chest_xray_triage,blind_first,0,blind_first_precommit
R013,17,CASE008203,chest_xray_triage,blind_first,1,blind_first_precommit
R013,17,CASE008204,chest_xray_triage,blind_first,1,blind_first_precommit
R013,17,CASE008205,chest_xray_triage,blind_first,1,blind_first_precommit
R013,17,CASE008206,chest_xray_triage,blind_first,1,blind_first_precommit
R013,17,CASE008207,chest_xray_triage,blind_first,0,blind_first_precommit
R013,17,CASE008208,chest_xray_triage,blind_first,1,blind_first_precommit
R013,17,CASE008209,chest_xray_triage,blind_first,1,blind_first_precommit
R013,17,CASE008210,chest_xray_triage,blind_first,1,blind_first_precommit
R013,17,CASE008211,chest_xray_triage,blind_first,1,blind_first_precommit
R013,17,CASE008212,chest_xray_triage,blind_first,1,blind_first_precommit
R013,17,CASE008213,chest_xray_triage,blind_first,0,blind_first_precommit
R013,17,CASE008214,chest_xray_triage,blind_first,1,blind_first_precommit
R013,17,CASE008215,chest_xray_triage,blind_first,0,blind_first_precommit
R013,17,CASE008216,chest_xray_triage,blind_first,1,blind_first_precommit
R013,17,CASE008217,chest_xray_triage,blind_first,0,blind_first_precommit
R013,17,CASE008218,chest_xray_triage,blind_first,1,blind_first_precommit
R013,17,CASE008219,chest_xray_triage,blind_first,1,blind_first_precommit
R013,17,CASE008220,chest_xray_triage,blind_first,1,blind_first_precommit
R013,17,CASE008221,chest_xray_triage,blind_first,1,blind_first_precommit
R013,17,CASE008222,chest_xray_triage,blind_first,1,blind_first_precommit
R013,17,CASE008223,chest_xray_triage,blind_first,0,blind_first_precommit
R013,17,CASE008224,chest_xray_triage,blind_first,1,blind_first_precommit
R013,17,CASE008225,chest_xray_triage,blind_first,1,blind_first_precommit
R013,18,CASE008226,chest_xray_triage,blind_first,1,blind_first_precommit
R013,18,CASE008227,chest_xray_triage,blind_first,0,blind_first_precommit
R013,18,CASE008228,chest_xray_triage,blind_first,1,blind_first_precommit
R013,18,CASE008229,chest_xray_triage,blind_first,0,blind_first_precommit
R013,18,CASE008230,chest_xray_triage,blind_first,1,blind_first_precommit
R013,18,CASE008231,chest_xray_triage,blind_first,1,blind_first_precommit
R013,18,CASE008232,chest_xray_triage,blind_first,1,blind_first_precommit
R013,18,CASE008233,chest_xray_triage,blind_first,1,blind_first_precommit
R013,18,CASE008234,chest_xray_triage,blind_first,0,blind_first_precommit
R013,18,CASE008235,chest_xray_triage,blind_first,1,blind_first_precommit
R013,18,CASE008236,chest_xray_triage,blind_first,1,blind_first_precommit
R013,18,CASE008237,chest_xray_triage,blind_first,0,blind_first_precommit
R013,18,CASE008238,chest_xray_triage,blind_first,1,ai_not_shown
R013,18,CASE008239,chest_xray_triage,blind_first,1,blind_first_precommit
R013,18,CASE008240,chest_xray_triage,blind_first,0,blind_first_precommit
R013,18,CASE008241,chest_xray_triage,blind_first,1,blind_first_precommit
R013,18,CASE008242,chest_xray_triage,blind_first,1,blind_first_precommit
R013,18,CASE008243,chest_xray_triage,blind_first,1,blind_first_precommit
R013,18,CASE008244,chest_xray_triage,blind_first,1,blind_first_precommit
R013,18,CASE008245,chest_xray_triage,blind_first,1,blind_first_precommit
R013,18,CASE008246,chest_xray_triage,blind_first,1,blind_first_precommit
R013,18,CASE008247,chest_xray_triage,blind_first,0,blind_first_precommit
R013,18,CASE008248,chest_xray_triage,blind_first,1,blind_first_precommit
R013,18,CASE008249,chest_xray_triage,blind_first,1,blind_first_precommit
R013,18,CASE008250,chest_xray_triage,blind_first,1,blind_first_precommit
R013,19,CASE008251,chest_xray_triage,blind_first,0,blind_first_precommit
R013,19,CASE008252,chest_xray_triage,blind_first,1,ai_not_shown
R013,19,CASE008253,chest_xray_triage,blind_first,1,blind_first_precommit
R013,19,CASE008254,chest_xray_triage,blind_first,0,blind_first_precommit
R013,19,CASE008255,chest_xray_triage,blind_first,1,blind_first_precommit
R013,19,CASE008256,chest_xray_triage,blind_first,1,blind_first_precommit
R013,19,CASE008257,chest_xray_triage,blind_first,1,blind_first_precommit
R013,19,CASE008258,chest_xray_triage,blind_first,1,blind_first_precommit
R013,19,CASE008259,chest_xray_triage,blind_first,1,blind_first_precommit
R013,19,CASE008260,chest_xray_triage,blind_first,1,blind_first_precommit
R013,19,CASE008261,chest_xray_triage,blind_first,0,blind_first_precommit
R013,19,CASE008262,chest_xray_triage,blind_first,1,blind_first_precommit
R013,19,CASE008263,chest_xray_triage,blind_first,1,blind_first_precommit
R013,19,CASE008264,chest_xray_triage,blind_first,1,blind_first_precommit
R013,19,CASE008265,chest_xray_triage,blind_first,1,blind_first_precommit
R013,19,CASE008266,chest_xray_triage,blind_first,1,blind_first_precommit
R013,19,CASE008267,chest_xray_triage,blind_first,1,blind_first_precommit
R013,19,CASE008268,chest_xray_triage,blind_first,1,blind_first_precommit
R013,19,CASE008269,chest_xray_triage,blind_first,1,blind_first_precommit
R013,19,CASE008270,chest_xray_triage,blind_first,1,blind_first_precommit
R013,19,CASE008271,chest_xray_triage,blind_first,0,blind_first_precommit
R013,19,CASE008272,chest_xray_triage,blind_first,0,blind_first_precommit
R013,19,CASE008273,chest_xray_triage,blind_first,0,blind_first_precommit
R013,19,CASE008274,chest_xray_triage,blind_first,1,blind_first_precommit
R013,19,CASE008275,chest_xray_triage,blind_first,0,blind_first_precommit
R013,20,CASE008276,chest_xray_triage,blind_first,1,blind_first_precommit
R013,20,CASE008277,chest_xray_triage,blind_first,1,blind_first_precommit
R013,20,CASE008278,chest_xray_triage,blind_first,1,blind_first_precommit
R013,20,CASE008279,chest_xray_triage,blind_first,1,blind_first_precommit
R013,20,CASE008280,chest_xray_triage,blind_first,1,blind_first_precommit
R013,20,CASE008281,chest_xray_triage,blind_first,1,blind_first_precommit
R013,20,CASE008282,chest_xray_triage,blind_first,1,blind_first_precommit
R013,20,CASE008283,chest_xray_triage,blind_first,0,blind_first_precommit
R013,20,CASE008284,chest_xray_triage,blind_first,0,blind_first_precommit
R013,20,CASE008285,chest_xray_triage,blind_first,1,blind_first_precommit
R013,20,CASE008286,chest_xray_triage,blind_first,1,blind_first_precommit
R013,20,CASE008287,chest_xray_triage,blind_first,1,blind_first_precommit
R013,20,CASE008288,chest_xray_triage,blind_first,1,blind_first_precommit
R013,20,CASE008289,chest_xray_triage,blind_first,1,blind_first_precommit
R013,20,CASE008290,chest_xray_triage,blind_first,1,blind_first_precommit
R013,20,CASE008291,chest_xray_triage,blind_first,1,blind_first_precommit
R013,20,CASE008292,chest_xray_triage,blind_first,1,ai_not_shown
R013,20,CASE008293,chest_xray_triage,blind_first,1,blind_first_precommit
R013,20,CASE008294,chest_xray_triage,blind_first,1,blind_first_precommit
R013,20,CASE008295,chest_xray_triage,blind_first,1,blind_first_precommit
R013,20,CASE008296,chest_xray_triage,blind_first,1,blind_first_precommit
R013,20,CASE008297,chest_xray_triage,blind_first,1,blind_first_precommit
R013,20,CASE008298,chest_xray_triage,blind_first,0,blind_first_precommit
R013,20,CASE008299,chest_xray_triage,blind_first,1,blind_first_precommit
R013,20,CASE008300,chest_xray_triage,blind_first,1,blind_first_precommit
R013,21,CASE008301,chest_xray_triage,blind_first,0,blind_first_precommit
R013,21,CASE008302,chest_xray_triage,blind_first,1,blind_first_precommit
R013,21,CASE008303,chest_xray_triage,blind_first,1,blind_first_precommit
R013,21,CASE008304,chest_xray_triage,blind_first,1,blind_first_precommit
R013,21,CASE008305,chest_xray_triage,blind_first,1,blind_first_precommit
R013,21,CASE008306,chest_xray_triage,blind_first,1,ai_not_shown
R013,21,CASE008307,chest_xray_triage,blind_first,1,blind_first_precommit
R013,21,CASE008308,chest_xray_triage,blind_first,1,blind_first_precommit
R013,21,CASE008309,chest_xray_triage,blind_first,0,ai_not_shown
R013,21,CASE008310,chest_xray_triage,blind_first,1,blind_first_precommit
R013,21,CASE008311,chest_xray_triage,blind_first,1,blind_first_precommit
R013,21,CASE008312,chest_xray_triage,blind_first,1,blind_first_precommit
R013,21,CASE008313,chest_xray_triage,blind_first,1,blind_first_precommit
R013,21,CASE008314,chest_xray_triage,blind_first,1,blind_first_precommit
R013,21,CASE008315,chest_xray_triage,blind_first,1,blind_first_precommit
R013,21,CASE008316,chest_xray_triage,blind_first,1,blind_first_precommit
R013,21,CASE008317,chest_xray_triage,blind_first,1,blind_first_precommit
R013,21,CASE008318,chest_xray_triage,blind_first,1,blind_first_precommit
R013,21,CASE008319,chest_xray_triage,blind_first,1,blind_first_precommit
R013,21,CASE008320,chest_xray_triage,blind_first,1,blind_first_precommit
R013,21,CASE008321,chest_xray_triage,blind_first,1,blind_first_precommit
R013,21,CASE008322,chest_xray_triage,blind_first,1,blind_first_precommit
R013,21,CASE008323,chest_xray_triage,blind_first,1,blind_first_precommit
R013,21,CASE008324,chest_xray_triage,blind_first,1,blind_first_precommit
R013,21,CASE008325,chest_xray_triage,blind_first,1,blind_first_precommit
R013,22,CASE008326,chest_xray_triage,blind_first,1,blind_first_precommit
R013,22,CASE008327,chest_xray_triage,blind_first,0,blind_first_precommit
R013,22,CASE008328,chest_xray_triage,blind_first,1,blind_first_precommit
R013,22,CASE008329,chest_xray_triage,blind_first,1,blind_first_precommit
R013,22,CASE008330,chest_xray_triage,blind_first,1,blind_first_precommit
R013,22,CASE008331,chest_xray_triage,blind_first,1,blind_first_precommit
R013,22,CASE008332,chest_xray_triage,blind_first,0,blind_first_precommit
R013,22,CASE008333,chest_xray_triage,blind_first,1,blind_first_precommit
R013,22,CASE008334,chest_xray_triage,blind_first,1,blind_first_precommit
R013,22,CASE008335,chest_xray_triage,blind_first,1,blind_first_precommit
R013,22,CASE008336,chest_xray_triage,blind_first,1,blind_first_precommit
R013,22,CASE008337,chest_xray_triage,blind_first,1,blind_first_precommit
R013,22,CASE008338,chest_xray_triage,blind_first,0,blind_first_precommit
R013,22,CASE008339,chest_xray_triage,blind_first,1,blind_first_precommit
R013,22,CASE008340,chest_xray_triage,blind_first,1,blind_first_precommit
R013,22,CASE008341,chest_xray_triage,blind_first,1,blind_first_precommit
R013,22,CASE008342,chest_xray_triage,blind_first,1,blind_first_precommit
R013,22,CASE008343,chest_xray_triage,blind_first,1,blind_first_precommit
R013,22,CASE008344,chest_xray_triage,blind_first,1,blind_first_precommit
R013,22,CASE008345,chest_xray_triage,blind_first,1,blind_first_precommit
R013,22,CASE008346,chest_xray_triage,blind_first,1,blind_first_precommit
R013,22,CASE008347,chest_xray_triage,blind_first,0,blind_first_precommit
R013,22,CASE008348,chest_xray_triage,blind_first,1,blind_first_precommit
R013,22,CASE008349,chest_xray_triage,blind_first,1,blind_first_precommit
R013,22,CASE008350,chest_xray_triage,blind_first,1,blind_first_precommit
R013,23,CASE008351,chest_xray_triage,blind_first,1,blind_first_precommit
R013,23,CASE008352,chest_xray_triage,blind_first,1,blind_first_precommit
R013,23,CASE008353,chest_xray_triage,blind_first,0,blind_first_precommit
R013,23,CASE008354,chest_xray_triage,blind_first,1,blind_first_precommit
R013,23,CASE008355,chest_xray_triage,blind_first,1,blind_first_precommit
R013,23,CASE008356,chest_xray_triage,blind_first,1,blind_first_precommit
R013,23,CASE008357,chest_xray_triage,blind_first,1,blind_first_precommit
R013,23,CASE008358,chest_xray_triage,blind_first,1,blind_first_precommit
R013,23,CASE008359,chest_xray_triage,blind_first,0,blind_first_precommit
R013,23,CASE008360,chest_xray_triage,blind_first,0,blind_first_precommit
R013,23,CASE008361,chest_xray_triage,blind_first,0,blind_first_precommit
R013,23,CASE008362,chest_xray_triage,blind_first,0,blind_first_precommit
R013,23,CASE008363,chest_xray_triage,blind_first,1,blind_first_precommit
R013,23,CASE008364,chest_xray_triage,blind_first,0,blind_first_precommit
R013,23,CASE008365,chest_xray_triage,blind_first,1,blind_first_precommit
R013,23,CASE008366,chest_xray_triage,blind_first,1,blind_first_precommit
R013,23,CASE008367,chest_xray_triage,blind_first,1,ai_not_shown
R013,23,CASE008368,chest_xray_triage,blind_first,1,blind_first_precommit
R013,23,CASE008369,chest_xray_triage,blind_first,0,blind_first_precommit
R013,23,CASE008370,chest_xray_triage,blind_first,1,blind_first_precommit
R013,23,CASE008371,chest_xray_triage,blind_first,1,ai_not_shown
R013,23,CASE008372,chest_xray_triage,blind_first,0,blind_first_precommit
R013,23,CASE008373,chest_xray_triage,blind_first,1,blind_first_precommit
R013,23,CASE008374,chest_xray_triage,blind_first,1,blind_first_precommit
R013,23,CASE008375,chest_xray_triage,blind_first,0,blind_first_precommit
R013,24,CASE008376,chest_xray_triage,blind_first,1,blind_first_precommit
R013,24,CASE008377,chest_xray_triage,blind_first,1,blind_first_precommit
R013,24,CASE008378,chest_xray_triage,blind_first,1,blind_first_precommit
R013,24,CASE008379,chest_xray_triage,blind_first,1,blind_first_precommit
R013,24,CASE008380,chest_xray_triage,blind_first,1,blind_first_precommit
R013,24,CASE008381,chest_xray_triage,blind_first,0,blind_first_precommit
R013,24,CASE008382,chest_xray_triage,blind_first,1,blind_first_precommit
R013,24,CASE008383,chest_xray_triage,blind_first,1,blind_first_precommit
R013,24,CASE008384,chest_xray_triage,blind_first,0,blind_first_precommit
R013,24,CASE008385,chest_xray_triage,blind_first,1,blind_first_precommit
R013,24,CASE008386,chest_xray_triage,blind_first,0,blind_first_precommit
R013,24,CASE008387,chest_xray_triage,blind_first,0,blind_first_precommit
R013,24,CASE008388,chest_xray_triage,blind_first,1,blind_first_precommit
R013,24,CASE008389,chest_xray_triage,blind_first,1,blind_first_precommit
R013,24,CASE008390,chest_xray_triage,blind_first,1,blind_first_precommit
R013,24,CASE008391,chest_xray_triage,blind_first,1,blind_first_precommit
R013,24,CASE008392,chest_xray_triage,blind_first,1,blind_first_precommit
R013,24,CASE008393,chest_xray_triage,blind_first,1,blind_first_precommit
R013,24,CASE008394,chest_xray_triage,blind_first,1,blind_first_precommit
R013,24,CASE008395,chest_xray_triage,blind_first,1,blind_first_precommit
R013,24,CASE008396,chest_xray_triage,blind_first,0,blind_first_precommit
R013,24,CASE008397,chest_xray_triage,blind_first,1,blind_first_precommit
R013,24,CASE008398,chest_xray_triage,blind_first,1,blind_first_precommit
R013,24,CASE008399,chest_xray_triage,blind_first,1,blind_first_precommit
R013,24,CASE008400,chest_xray_triage,blind_first,1,blind_first_precommit
R014,1,CASE008424,chest_xray_triage,withheld_ai,1,ai_not_shown
R014,2,CASE008426,chest_xray_triage,withheld_ai,0,ai_not_shown
R014,2,CASE008434,chest_xray_triage,withheld_ai,0,ai_not_shown
R014,2,CASE008440,chest_xray_triage,withheld_ai,1,ai_not_shown
R014,2,CASE008447,chest_xray_triage,withheld_ai,1,ai_not_shown
R014,3,CASE008451,chest_xray_triage,withheld_ai,1,ai_not_shown
R014,3,CASE008456,chest_xray_triage,withheld_ai,1,ai_not_shown
R014,3,CASE008457,chest_xray_triage,withheld_ai,1,ai_not_shown
R014,3,CASE008459,chest_xray_triage,withheld_ai,1,ai_not_shown
R014,3,CASE008471,chest_xray_triage,withheld_ai,0,ai_not_shown
R014,4,CASE008478,chest_xray_triage,withheld_ai,1,ai_not_shown
R014,4,CASE008480,chest_xray_triage,withheld_ai,1,ai_not_shown
R014,4,CASE008481,chest_xray_triage,withheld_ai,1,ai_not_shown
R014,4,CASE008494,chest_xray_triage,withheld_ai,1,ai_not_shown
R014,4,CASE008497,chest_xray_triage,withheld_ai,0,ai_not_shown
R014,5,CASE008503,chest_xray_triage,withheld_ai,1,ai_not_shown
R014,5,CASE008513,chest_xray_triage,withheld_ai,1,ai_not_shown
R014,5,CASE008518,chest_xray_triage,withheld_ai,1,ai_not_shown
R014,5,CASE008524,chest_xray_triage,withheld_ai,1,ai_not_shown
R014,6,CASE008534,chest_xray_triage,withheld_ai,1,ai_not_shown
R014,6,CASE008538,chest_xray_triage,withheld_ai,0,ai_not_shown
R014,6,CASE008539,chest_xray_triage,withheld_ai,1,ai_not_shown
R014,6,CASE008546,chest_xray_triage,withheld_ai,1,ai_not_shown
R014,7,CASE008552,chest_xray_triage,withheld_ai,1,ai_not_shown
R014,7,CASE008562,chest_xray_triage,withheld_ai,1,ai_not_shown
R014,7,CASE008564,chest_xray_triage,withheld_ai,1,ai_not_shown
R014,7,CASE008568,chest_xray_triage,withheld_ai,1,ai_not_shown
R014,8,CASE008586,chest_xray_triage,withheld_ai,1,ai_not_shown
R014,8,CASE008587,chest_xray_triage,withheld_ai,1,ai_not_shown
R014,8,CASE008599,chest_xray_triage,withheld_ai,0,ai_not_shown
R014,8,CASE008600,chest_xray_triage,withheld_ai,1,ai_not_shown
R014,9,CASE008617,chest_xray_triage,withheld_ai,1,ai_not_shown
R014,10,CASE008635,chest_xray_triage,withheld_ai,0,ai_not_shown
R014,10,CASE008636,chest_xray_triage,withheld_ai,1,ai_not_shown
R014,10,CASE008637,chest_xray_triage,withheld_ai,0,ai_not_shown
R014,10,CASE008645,chest_xray_triage,withheld_ai,0,ai_not_shown
R014,10,CASE008646,chest_xray_triage,withheld_ai,1,ai_not_shown
R014,10,CASE008650,chest_xray_triage,withheld_ai,1,ai_not_shown
R014,11,CASE008655,chest_xray_triage,withheld_ai,0,ai_not_shown
R014,11,CASE008656,chest_xray_triage,withheld_ai,1,ai_not_shown
R014,11,CASE008663,chest_xray_triage,withheld_ai,1,ai_not_shown
R014,11,CASE008667,chest_xray_triage,withheld_ai,1,ai_not_shown
R014,11,CASE008675,chest_xray_triage,withheld_ai,1,ai_not_shown
R014,12,CASE008676,chest_xray_triage,withheld_ai,1,ai_not_shown
R014,12,CASE008678,chest_xray_triage,withheld_ai,0,ai_not_shown
R014,12,CASE008679,chest_xray_triage,withheld_ai,1,ai_not_shown
R014,12,CASE008684,chest_xray_triage,withheld_ai,1,ai_not_shown
R014,12,CASE008693,chest_xray_triage,withheld_ai,1,ai_not_shown
R014,13,CASE008701,chest_xray_triage,withheld_ai,1,ai_not_shown
R014,13,CASE008704,chest_xray_triage,withheld_ai,1,ai_not_shown
R014,13,CASE008705,chest_xray_triage,withheld_ai,1,ai_not_shown
R014,13,CASE008710,chest_xray_triage,withheld_ai,1,ai_not_shown
R014,13,CASE008712,chest_xray_triage,withheld_ai,1,ai_not_shown
R014,13,CASE008717,chest_xray_triage,withheld_ai,1,ai_not_shown
R014,13,CASE008723,chest_xray_triage,withheld_ai,1,ai_not_shown
R014,13,CASE008724,chest_xray_triage,withheld_ai,1,ai_not_shown
R014,14,CASE008729,chest_xray_triage,withheld_ai,1,ai_not_shown
R014,14,CASE008730,chest_xray_triage,withheld_ai,1,ai_not_shown
R014,14,CASE008733,chest_xray_triage,withheld_ai,1,ai_not_shown
R014,14,CASE008736,chest_xray_triage,withheld_ai,1,ai_not_shown
R014,14,CASE008740,chest_xray_triage,withheld_ai,1,ai_not_shown
R014,14,CASE008742,chest_xray_triage,withheld_ai,0,ai_not_shown
R014,14,CASE008745,chest_xray_triage,withheld_ai,1,ai_not_shown
R014,14,CASE008746,chest_xray_triage,withheld_ai,0,ai_not_shown
R014,15,CASE008755,chest_xray_triage,withheld_ai,1,ai_not_shown
R014,15,CASE008756,chest_xray_triage,withheld_ai,1,ai_not_shown
R014,15,CASE008762,chest_xray_triage,withheld_ai,1,ai_not_shown
R014,15,CASE008763,chest_xray_triage,withheld_ai,1,ai_not_shown
R014,15,CASE008771,chest_xray_triage,withheld_ai,1,ai_not_shown
R014,15,CASE008773,chest_xray_triage,withheld_ai,1,ai_not_shown
R014,16,CASE008777,chest_xray_triage,withheld_ai,1,ai_not_shown
R014,16,CASE008785,chest_xray_triage,withheld_ai,1,ai_not_shown
R014,16,CASE008792,chest_xray_triage,withheld_ai,1,ai_not_shown
R014,16,CASE008794,chest_xray_triage,withheld_ai,1,ai_not_shown
R014,16,CASE008797,chest_xray_triage,withheld_ai,0,ai_not_shown
R014,16,CASE008799,chest_xray_triage,withheld_ai,1,ai_not_shown
R014,17,CASE008803,chest_xray_triage,withheld_ai,1,ai_not_shown
R014,17,CASE008804,chest_xray_triage,withheld_ai,1,ai_not_shown
R014,17,CASE008820,chest_xray_triage,withheld_ai,0,ai_not_shown
R014,17,CASE008825,chest_xray_triage,withheld_ai,1,ai_not_shown
R014,18,CASE008826,chest_xray_triage,withheld_ai,1,ai_not_shown
R014,18,CASE008840,chest_xray_triage,withheld_ai,1,ai_not_shown
R014,18,CASE008849,chest_xray_triage,withheld_ai,1,ai_not_shown
R014,19,CASE008856,chest_xray_triage,withheld_ai,1,ai_not_shown
R014,19,CASE008863,chest_xray_triage,withheld_ai,0,ai_not_shown
R014,19,CASE008867,chest_xray_triage,withheld_ai,1,ai_not_shown
R014,19,CASE008870,chest_xray_triage,withheld_ai,1,ai_not_shown
R014,20,CASE008887,chest_xray_triage,withheld_ai,1,ai_not_shown
R014,20,CASE008888,chest_xray_triage,withheld_ai,1,ai_not_shown
R014,20,CASE008891,chest_xray_triage,withheld_ai,1,ai_not_shown
R014,20,CASE008895,chest_xray_triage,withheld_ai,0,ai_not_shown
R014,21,CASE008901,chest_xray_triage,withheld_ai,1,ai_not_shown
R014,21,CASE008903,chest_xray_triage,withheld_ai,1,ai_not_shown
R014,21,CASE008908,chest_xray_triage,withheld_ai,1,ai_not_shown
R014,21,CASE008914,chest_xray_triage,withheld_ai,0,ai_not_shown
R014,21,CASE008922,chest_xray_triage,withheld_ai,1,ai_not_shown
R014,21,CASE008923,chest_xray_triage,withheld_ai,1,ai_not_shown
R014,22,CASE008933,chest_xray_triage,withheld_ai,1,ai_not_shown
R014,22,CASE008937,chest_xray_triage,withheld_ai,1,ai_not_shown
R014,22,CASE008944,chest_xray_triage,withheld_ai,1,ai_not_shown
R014,22,CASE008947,chest_xray_triage,withheld_ai,1,ai_not_shown
R014,23,CASE008953,chest_xray_triage,withheld_ai,1,ai_not_shown
R014,23,CASE008959,chest_xray_triage,withheld_ai,1,ai_not_shown
R014,23,CASE008972,chest_xray_triage,withheld_ai,0,ai_not_shown
R014,24,CASE008976,chest_xray_triage,withheld_ai,0,ai_not_shown
R014,24,CASE008977,chest_xray_triage,withheld_ai,1,ai_not_shown
R014,24,CASE008979,chest_xray_triage,withheld_ai,1,ai_not_shown
R014,24,CASE008989,chest_xray_triage,withheld_ai,1,ai_not_shown
R015,3,CASE009056,chest_xray_triage,disagreement_prompt,1,ai_not_shown
R015,3,CASE009058,chest_xray_triage,disagreement_prompt,1,ai_not_shown
R015,3,CASE009074,chest_xray_triage,disagreement_prompt,1,ai_not_shown
R015,4,CASE009083,chest_xray_triage,disagreement_prompt,1,ai_not_shown
R015,4,CASE009084,chest_xray_triage,disagreement_prompt,0,ai_not_shown
R015,4,CASE009100,chest_xray_triage,disagreement_prompt,0,ai_not_shown
R015,5,CASE009120,chest_xray_triage,disagreement_prompt,1,ai_not_shown
R015,5,CASE009124,chest_xray_triage,disagreement_prompt,1,ai_not_shown
R015,6,CASE009142,chest_xray_triage,disagreement_prompt,1,ai_not_shown
R015,7,CASE009163,chest_xray_triage,disagreement_prompt,1,ai_not_shown
R015,7,CASE009172,chest_xray_triage,disagreement_prompt,0,ai_not_shown
R015,9,CASE009210,chest_xray_triage,disagreement_prompt,1,ai_not_shown
R015,9,CASE009215,chest_xray_triage,disagreement_prompt,0,ai_not_shown
R015,9,CASE009219,chest_xray_triage,disagreement_prompt,1,ai_not_shown
R015,9,CASE009220,chest_xray_triage,disagreement_prompt,1,ai_not_shown
R015,9,CASE009224,chest_xray_triage,disagreement_prompt,1,ai_not_shown
R015,14,CASE009339,chest_xray_triage,disagreement_prompt,1,ai_not_shown
R015,16,CASE009379,chest_xray_triage,disagreement_prompt,1,ai_not_shown
R015,16,CASE009395,chest_xray_triage,disagreement_prompt,1,ai_not_shown
R015,16,CASE009400,chest_xray_triage,disagreement_prompt,1,ai_not_shown
R015,17,CASE009405,chest_xray_triage,disagreement_prompt,1,ai_not_shown
R015,19,CASE009456,chest_xray_triage,disagreement_prompt,1,ai_not_shown
R015,19,CASE009475,chest_xray_triage,disagreement_prompt,1,ai_not_shown
R015,21,CASE009516,chest_xray_triage,disagreement_prompt,1,ai_not_shown
R015,22,CASE009527,chest_xray_triage,disagreement_prompt,1,ai_not_shown
R015,23,CASE009552,chest_xray_triage,disagreement_prompt,1,ai_not_shown
R015,23,CASE009563,chest_xray_triage,disagreement_prompt,0,ai_not_shown
R015,23,CASE009571,chest_xray_triage,disagreement_prompt,1,ai_not_shown
R015,24,CASE009585,chest_xray_triage,disagreement_prompt,1,ai_not_shown
R016,1,CASE009620,chest_xray_triage,control_always_ai,1,ai_not_shown
R016,3,CASE009666,chest_xray_triage,control_always_ai,1,ai_not_shown
R016,4,CASE009693,chest_xray_triage,control_always_ai,1,ai_not_shown
R016,4,CASE009694,chest_xray_triage,control_always_ai,1,ai_not_shown
R016,5,CASE009713,chest_xray_triage,control_always_ai,1,ai_not_shown
R016,6,CASE009734,chest_xray_triage,control_always_ai,1,ai_not_shown
R016,6,CASE009738,chest_xray_triage,control_always_ai,1,ai_not_shown
R016,8,CASE009786,chest_xray_triage,control_always_ai,1,ai_not_shown
R016,8,CASE009797,chest_xray_triage,control_always_ai,0,ai_not_shown
R016,9,CASE009811,chest_xray_triage,control_always_ai,1,ai_not_shown
R016,9,CASE009822,chest_xray_triage,control_always_ai,1,ai_not_shown
R016,10,CASE009828,chest_xray_triage,control_always_ai,1,ai_not_shown
R016,10,CASE009834,chest_xray_triage,control_always_ai,0,ai_not_shown
R016,10,CASE009840,chest_xray_triage,control_always_ai,1,ai_not_shown
R016,10,CASE009850,chest_xray_triage,control_always_ai,1,ai_not_shown
R016,11,CASE009857,chest_xray_triage,control_always_ai,0,ai_not_shown
R016,12,CASE009881,chest_xray_triage,control_always_ai,1,ai_not_shown
R016,12,CASE009884,chest_xray_triage,control_always_ai,1,ai_not_shown
R016,12,CASE009886,chest_xray_triage,control_always_ai,1,ai_not_shown
R016,13,CASE009901,chest_xray_triage,control_always_ai,0,ai_not_shown
R016,13,CASE009913,chest_xray_triage,control_always_ai,1,ai_not_shown
R016,15,CASE009959,chest_xray_triage,control_always_ai,1,ai_not_shown
R016,16,CASE009990,chest_xray_triage,control_always_ai,0,ai_not_shown
R016,16,CASE009991,chest_xray_triage,control_always_ai,0,ai_not_shown
R016,16,CASE009999,chest_xray_triage,control_always_ai,1,ai_not_shown
R016,17,CASE010005,chest_xray_triage,control_always_ai,1,ai_not_shown
R016,17,CASE010025,chest_xray_triage,control_always_ai,1,ai_not_shown
R016,19,CASE010075,chest_xray_triage,control_always_ai,1,ai_not_shown
R016,20,CASE010088,chest_xray_triage,control_always_ai,1,ai_not_shown
R016,20,CASE010089,chest_xray_triage,control_always_ai,0,ai_not_shown
R016,20,CASE010091,chest_xray_triage,control_always_ai,1,ai_not_shown
R016,20,CASE010094,chest_xray_triage,control_always_ai,1,ai_not_shown
R016,20,CASE010097,chest_xray_triage,control_always_ai,1,ai_not_shown
R016,21,CASE010117,chest_xray_triage,control_always_ai,0,ai_not_shown
R016,21,CASE010120,chest_xray_triage,control_always_ai,1,ai_not_shown
R016,23,CASE010166,chest_xray_triage,control_always_ai,1,ai_not_shown
R016,23,CASE010170,chest_xray_triage,control_always_ai,0,ai_not_shown
R016,24,CASE010177,chest_xray_triage,control_always_ai,1,ai_not_shown
R016,24,CASE010198,chest_xray_triage,control_always_ai,1,ai_not_shown
R017,1,CASE010201,chest_xray_triage,blind_first,0,blind_first_precommit
R017,1,CASE010202,chest_xray_triage,blind_first,1,ai_not_shown
R017,1,CASE010203,chest_xray_triage,blind_first,1,blind_first_precommit
R017,1,CASE010204,chest_xray_triage,blind_first,1,blind_first_precommit
R017,1,CASE010205,chest_xray_triage,blind_first,1,blind_first_precommit
R017,1,CASE010206,chest_xray_triage,blind_first,1,blind_first_precommit
R017,1,CASE010207,chest_xray_triage,blind_first,1,blind_first_precommit
R017,1,CASE010208,chest_xray_triage,blind_first,1,blind_first_precommit
R017,1,CASE010209,chest_xray_triage,blind_first,1,blind_first_precommit
R017,1,CASE010210,chest_xray_triage,blind_first,0,blind_first_precommit
R017,1,CASE010211,chest_xray_triage,blind_first,0,blind_first_precommit
R017,1,CASE010212,chest_xray_triage,blind_first,1,blind_first_precommit
R017,1,CASE010213,chest_xray_triage,blind_first,1,blind_first_precommit
R017,1,CASE010214,chest_xray_triage,blind_first,1,blind_first_precommit
R017,1,CASE010215,chest_xray_triage,blind_first,1,blind_first_precommit
R017,1,CASE010216,chest_xray_triage,blind_first,1,blind_first_precommit
R017,1,CASE010217,chest_xray_triage,blind_first,0,blind_first_precommit
R017,1,CASE010218,chest_xray_triage,blind_first,1,blind_first_precommit
R017,1,CASE010219,chest_xray_triage,blind_first,1,blind_first_precommit
R017,1,CASE010220,chest_xray_triage,blind_first,1,blind_first_precommit
R017,1,CASE010221,chest_xray_triage,blind_first,1,blind_first_precommit
R017,1,CASE010222,chest_xray_triage,blind_first,1,ai_not_shown
R017,1,CASE010223,chest_xray_triage,blind_first,1,blind_first_precommit
R017,1,CASE010224,chest_xray_triage,blind_first,1,blind_first_precommit
R017,1,CASE010225,chest_xray_triage,blind_first,1,blind_first_precommit
R017,2,CASE010226,chest_xray_triage,blind_first,1,blind_first_precommit
R017,2,CASE010227,chest_xray_triage,blind_first,1,blind_first_precommit
R017,2,CASE010228,chest_xray_triage,blind_first,1,blind_first_precommit
R017,2,CASE010229,chest_xray_triage,blind_first,1,blind_first_precommit
R017,2,CASE010230,chest_xray_triage,blind_first,1,blind_first_precommit
R017,2,CASE010231,chest_xray_triage,blind_first,1,blind_first_precommit
R017,2,CASE010232,chest_xray_triage,blind_first,1,blind_first_precommit
R017,2,CASE010233,chest_xray_triage,blind_first,1,blind_first_precommit
R017,2,CASE010234,chest_xray_triage,blind_first,1,blind_first_precommit
R017,2,CASE010235,chest_xray_triage,blind_first,1,blind_first_precommit
R017,2,CASE010236,chest_xray_triage,blind_first,1,blind_first_precommit
R017,2,CASE010237,chest_xray_triage,blind_first,1,blind_first_precommit
R017,2,CASE010238,chest_xray_triage,blind_first,1,ai_not_shown
R017,2,CASE010239,chest_xray_triage,blind_first,1,blind_first_precommit
R017,2,CASE010240,chest_xray_triage,blind_first,1,blind_first_precommit
R017,2,CASE010241,chest_xray_triage,blind_first,1,blind_first_precommit
R017,2,CASE010242,chest_xray_triage,blind_first,0,blind_first_precommit
R017,2,CASE010243,chest_xray_triage,blind_first,1,blind_first_precommit
R017,2,CASE010244,chest_xray_triage,blind_first,1,blind_first_precommit
R017,2,CASE010245,chest_xray_triage,blind_first,1,blind_first_precommit
R017,2,CASE010246,chest_xray_triage,blind_first,1,blind_first_precommit
R017,2,CASE010247,chest_xray_triage,blind_first,1,blind_first_precommit
R017,2,CASE010248,chest_xray_triage,blind_first,1,blind_first_precommit
R017,2,CASE010249,chest_xray_triage,blind_first,0,blind_first_precommit
R017,2,CASE010250,chest_xray_triage,blind_first,1,blind_first_precommit
R017,3,CASE010251,chest_xray_triage,blind_first,1,blind_first_precommit
R017,3,CASE010252,chest_xray_triage,blind_first,1,blind_first_precommit
R017,3,CASE010253,chest_xray_triage,blind_first,1,blind_first_precommit
R017,3,CASE010254,chest_xray_triage,blind_first,1,blind_first_precommit
R017,3,CASE010255,chest_xray_triage,blind_first,1,blind_first_precommit
R017,3,CASE010256,chest_xray_triage,blind_first,1,blind_first_precommit
R017,3,CASE010257,chest_xray_triage,blind_first,1,blind_first_precommit
R017,3,CASE010258,chest_xray_triage,blind_first,1,blind_first_precommit
R017,3,CASE010259,chest_xray_triage,blind_first,1,blind_first_precommit
R017,3,CASE010260,chest_xray_triage,blind_first,1,blind_first_precommit
R017,3,CASE010261,chest_xray_triage,blind_first,1,blind_first_precommit
R017,3,CASE010262,chest_xray_triage,blind_first,0,blind_first_precommit
R017,3,CASE010263,chest_xray_triage,blind_first,1,blind_first_precommit
R017,3,CASE010264,chest_xray_triage,blind_first,1,blind_first_precommit
R017,3,CASE010265,chest_xray_triage,blind_first,1,blind_first_precommit
R017,3,CASE010266,chest_xray_triage,blind_first,1,blind_first_precommit
R017,3,CASE010267,chest_xray_triage,blind_first,0,blind_first_precommit
R017,3,CASE010268,chest_xray_triage,blind_first,1,blind_first_precommit
R017,3,CASE010269,chest_xray_triage,blind_first,1,blind_first_precommit
R017,3,CASE010270,chest_xray_triage,blind_first,1,blind_first_precommit
R017,3,CASE010271,chest_xray_triage,blind_first,1,blind_first_precommit
R017,3,CASE010272,chest_xray_triage,blind_first,1,blind_first_precommit
R017,3,CASE010273,chest_xray_triage,blind_first,1,blind_first_precommit
R017,3,CASE010274,chest_xray_triage,blind_first,1,blind_first_precommit
R017,3,CASE010275,chest_xray_triage,blind_first,1,blind_first_precommit
R017,4,CASE010276,chest_xray_triage,blind_first,0,blind_first_precommit
R017,4,CASE010277,chest_xray_triage,blind_first,1,blind_first_precommit
R017,4,CASE010278,chest_xray_triage,blind_first,1,blind_first_precommit
R017,4,CASE010279,chest_xray_triage,blind_first,1,blind_first_precommit
R017,4,CASE010280,chest_xray_triage,blind_first,1,blind_first_precommit
R017,4,CASE010281,chest_xray_triage,blind_first,1,blind_first_precommit
R017,4,CASE010282,chest_xray_triage,blind_first,1,blind_first_precommit
R017,4,CASE010283,chest_xray_triage,blind_first,1,blind_first_precommit
R017,4,CASE010284,chest_xray_triage,blind_first,1,blind_first_precommit
R017,4,CASE010285,chest_xray_triage,blind_first,1,blind_first_precommit
R017,4,CASE010286,chest_xray_triage,blind_first,1,blind_first_precommit
R017,4,CASE010287,chest_xray_triage,blind_first,1,blind_first_precommit
R017,4,CASE010288,chest_xray_triage,blind_first,1,blind_first_precommit
R017,4,CASE010289,chest_xray_triage,blind_first,1,ai_not_shown
R017,4,CASE010290,chest_xray_triage,blind_first,1,blind_first_precommit
R017,4,CASE010291,chest_xray_triage,blind_first,1,blind_first_precommit
R017,4,CASE010292,chest_xray_triage,blind_first,1,blind_first_precommit
R017,4,CASE010293,chest_xray_triage,blind_first,1,blind_first_precommit
R017,4,CASE010294,chest_xray_triage,blind_first,1,blind_first_precommit
R017,4,CASE010295,chest_xray_triage,blind_first,1,blind_first_precommit
R017,4,CASE010296,chest_xray_triage,blind_first,0,ai_not_shown
R017,4,CASE010297,chest_xray_triage,blind_first,1,blind_first_precommit
R017,4,CASE010298,chest_xray_triage,blind_first,1,blind_first_precommit
R017,4,CASE010299,chest_xray_triage,blind_first,1,blind_first_precommit
R017,4,CASE010300,chest_xray_triage,blind_first,1,blind_first_precommit
R017,5,CASE010301,chest_xray_triage,blind_first,1,blind_first_precommit
R017,5,CASE010302,chest_xray_triage,blind_first,1,blind_first_precommit
R017,5,CASE010303,chest_xray_triage,blind_first,1,blind_first_precommit
R017,5,CASE010304,chest_xray_triage,blind_first,1,blind_first_precommit
R017,5,CASE010305,chest_xray_triage,blind_first,0,blind_first_precommit
R017,5,CASE010306,chest_xray_triage,blind_first,0,blind_first_precommit
R017,5,CASE010307,chest_xray_triage,blind_first,1,blind_first_precommit
R017,5,CASE010308,chest_xray_triage,blind_first,1,blind_first_precommit
R017,5,CASE010309,chest_xray_triage,blind_first,1,blind_first_precommit
R017,5,CASE010310,chest_xray_triage,blind_first,1,blind_first_precommit
R017,5,CASE010311,chest_xray_triage,blind_first,1,blind_first_precommit
R017,5,CASE010312,chest_xray_triage,blind_first,0,blind_first_precommit
R017,5,CASE010313,chest_xray_triage,blind_first,1,ai_not_shown
R017,5,CASE010314,chest_xray_triage,blind_first,1,blind_first_precommit
R017,5,CASE010315,chest_xray_triage,blind_first,1,blind_first_precommit
R017,5,CASE010316,chest_xray_triage,blind_first,1,blind_first_precommit
R017,5,CASE010317,chest_xray_triage,blind_first,1,blind_first_precommit
R017,5,CASE010318,chest_xray_triage,blind_first,1,blind_first_precommit
R017,5,CASE010319,chest_xray_triage,blind_first,0,blind_first_precommit
R017,5,CASE010320,chest_xray_triage,blind_first,1,blind_first_precommit
R017,5,CASE010321,chest_xray_triage,blind_first,1,blind_first_precommit
R017,5,CASE010322,chest_xray_triage,blind_first,1,blind_first_precommit
R017,5,CASE010323,chest_xray_triage,blind_first,1,blind_first_precommit
R017,5,CASE010324,chest_xray_triage,blind_first,1,blind_first_precommit
R017,5,CASE010325,chest_xray_triage,blind_first,1,blind_first_precommit
R017,6,CASE010326,chest_xray_triage,blind_first,1,blind_first_precommit
R017,6,CASE010327,chest_xray_triage,blind_first,1,blind_first_precommit
R017,6,CASE010328,chest_xray_triage,blind_first,0,blind_first_precommit
R017,6,CASE010329,chest_xray_triage,blind_first,1,blind_first_precommit
R017,6,CASE010330,chest_xray_triage,blind_first,0,blind_first_precommit
R017,6,CASE010331,chest_xray_triage,blind_first,1,blind_first_precommit
R017,6,CASE010332,chest_xray_triage,blind_first,0,blind_first_precommit
R017,6,CASE010333,chest_xray_triage,blind_first,0,blind_first_precommit
R017,6,CASE010334,chest_xray_triage,blind_first,1,blind_first_precommit
R017,6,CASE010335,chest_xray_triage,blind_first,0,blind_first_precommit
R017,6,CASE010336,chest_xray_triage,blind_first,1,blind_first_precommit
R017,6,CASE010337,chest_xray_triage,blind_first,1,blind_first_precommit
R017,6,CASE010338,chest_xray_triage,blind_first,1,blind_first_precommit
R017,6,CASE010339,chest_xray_triage,blind_first,1,blind_first_precommit
R017,6,CASE010340,chest_xray_triage,blind_first,1,blind_first_precommit
R017,6,CASE010341,chest_xray_triage,blind_first,1,blind_first_precommit
R017,6,CASE010342,chest_xray_triage,blind_first,1,blind_first_precommit
R017,6,CASE010343,chest_xray_triage,blind_first,1,blind_first_precommit
R017,6,CASE010344,chest_xray_triage,blind_first,1,blind_first_precommit
R017,6,CASE010345,chest_xray_triage,blind_first,1,blind_first_precommit
R017,6,CASE010346,chest_xray_triage,blind_first,1,blind_first_precommit
R017,6,CASE010347,chest_xray_triage,blind_first,1,blind_first_precommit
R017,6,CASE010348,chest_xray_triage,blind_first,1,blind_first_precommit
R017,6,CASE010349,chest_xray_triage,blind_first,1,blind_first_precommit
R017,6,CASE010350,chest_xray_triage,blind_first,1,blind_first_precommit
R017,7,CASE010351,chest_xray_triage,blind_first,1,blind_first_precommit
R017,7,CASE010352,chest_xray_triage,blind_first,1,blind_first_precommit
R017,7,CASE010353,chest_xray_triage,blind_first,1,blind_first_precommit
R017,7,CASE010354,chest_xray_triage,blind_first,1,blind_first_precommit
R017,7,CASE010355,chest_xray_triage,blind_first,1,blind_first_precommit
R017,7,CASE010356,chest_xray_triage,blind_first,1,blind_first_precommit
R017,7,CASE010357,chest_xray_triage,blind_first,1,blind_first_precommit
R017,7,CASE010358,chest_xray_triage,blind_first,1,blind_first_precommit
R017,7,CASE010359,chest_xray_triage,blind_first,0,blind_first_precommit
R017,7,CASE010360,chest_xray_triage,blind_first,1,blind_first_precommit
R017,7,CASE010361,chest_xray_triage,blind_first,1,blind_first_precommit
R017,7,CASE010362,chest_xray_triage,blind_first,1,blind_first_precommit
R017,7,CASE010363,chest_xray_triage,blind_first,1,blind_first_precommit
R017,7,CASE010364,chest_xray_triage,blind_first,1,blind_first_precommit
R017,7,CASE010365,chest_xray_triage,blind_first,1,blind_first_precommit
R017,7,CASE010366,chest_xray_triage,blind_first,1,blind_first_precommit
R017,7,CASE010367,chest_xray_triage,blind_first,0,blind_first_precommit
R017,7,CASE010368,chest_xray_triage,blind_first,0,ai_not_shown
R017,7,CASE010369,chest_xray_triage,blind_first,1,blind_first_precommit
R017,7,CASE010370,chest_xray_triage,blind_first,1,blind_first_precommit
R017,7,CASE010371,chest_xray_triage,blind_first,0,blind_first_precommit
R017,7,CASE010372,chest_xray_triage,blind_first,1,blind_first_precommit
R017,7,CASE010373,chest_xray_triage,blind_first,1,blind_first_precommit
R017,7,CASE010374,chest_xray_triage,blind_first,1,blind_first_precommit
R017,7,CASE010375,chest_xray_triage,blind_first,1,blind_first_precommit
R017,8,CASE010376,chest_xray_triage,blind_first,1,ai_not_shown
R017,8,CASE010377,chest_xray_triage,blind_first,1,blind_first_precommit
R017,8,CASE010378,chest_xray_triage,blind_first,1,blind_first_precommit
R017,8,CASE010379,chest_xray_triage,blind_first,1,blind_first_precommit
R017,8,CASE010380,chest_xray_triage,blind_first,1,blind_first_precommit
R017,8,CASE010381,chest_xray_triage,blind_first,1,blind_first_precommit
R017,8,CASE010382,chest_xray_triage,blind_first,1,blind_first_precommit
R017,8,CASE010383,chest_xray_triage,blind_first,1,blind_first_precommit
R017,8,CASE010384,chest_xray_triage,blind_first,1,blind_first_precommit
R017,8,CASE010385,chest_xray_triage,blind_first,1,blind_first_precommit
R017,8,CASE010386,chest_xray_triage,blind_first,0,blind_first_precommit
R017,8,CASE010387,chest_xray_triage,blind_first,1,blind_first_precommit
R017,8,CASE010388,chest_xray_triage,blind_first,1,blind_first_precommit
R017,8,CASE010389,chest_xray_triage,blind_first,1,blind_first_precommit
R017,8,CASE010390,chest_xray_triage,blind_first,1,blind_first_precommit
R017,8,CASE010391,chest_xray_triage,blind_first,1,ai_not_shown
R017,8,CASE010392,chest_xray_triage,blind_first,1,blind_first_precommit
R017,8,CASE010393,chest_xray_triage,blind_first,1,blind_first_precommit
R017,8,CASE010394,chest_xray_triage,blind_first,1,blind_first_precommit
R017,8,CASE010395,chest_xray_triage,blind_first,0,blind_first_precommit
R017,8,CASE010396,chest_xray_triage,blind_first,1,blind_first_precommit
R017,8,CASE010397,chest_xray_triage,blind_first,0,blind_first_precommit
R017,8,CASE010398,chest_xray_triage,blind_first,1,blind_first_precommit
R017,8,CASE010399,chest_xray_triage,blind_first,1,blind_first_precommit
R017,8,CASE010400,chest_xray_triage,blind_first,1,blind_first_precommit
R017,9,CASE010401,chest_xray_triage,blind_first,1,blind_first_precommit
R017,9,CASE010402,chest_xray_triage,blind_first,1,blind_first_precommit
R017,9,CASE010403,chest_xray_triage,blind_first,1,blind_first_precommit
R017,9,CASE010404,chest_xray_triage,blind_first,1,blind_first_precommit
R017,9,CASE010405,chest_xray_triage,blind_first,0,blind_first_precommit
R017,9,CASE010406,chest_xray_triage,blind_first,1,blind_first_precommit
R017,9,CASE010407,chest_xray_triage,blind_first,1,blind_first_precommit
R017,9,CASE010408,chest_xray_triage,blind_first,0,blind_first_precommit
R017,9,CASE010409,chest_xray_triage,blind_first,1,blind_first_precommit
R017,9,CASE010410,chest_xray_triage,blind_first,1,blind_first_precommit
R017,9,CASE010411,chest_xray_triage,blind_first,0,blind_first_precommit
R017,9,CASE010412,chest_xray_triage,blind_first,1,blind_first_precommit
R017,9,CASE010413,chest_xray_triage,blind_first,1,blind_first_precommit
R017,9,CASE010414,chest_xray_triage,blind_first,1,blind_first_precommit
R017,9,CASE010415,chest_xray_triage,blind_first,0,blind_first_precommit
R017,9,CASE010416,chest_xray_triage,blind_first,1,blind_first_precommit
R017,9,CASE010417,chest_xray_triage,blind_first,0,blind_first_precommit
R017,9,CASE010418,chest_xray_triage,blind_first,1,blind_first_precommit
R017,9,CASE010419,chest_xray_triage,blind_first,0,blind_first_precommit
R017,9,CASE010420,chest_xray_triage,blind_first,1,blind_first_precommit
R017,9,CASE010421,chest_xray_triage,blind_first,1,blind_first_precommit
R017,9,CASE010422,chest_xray_triage,blind_first,1,blind_first_precommit
R017,9,CASE010423,chest_xray_triage,blind_first,1,blind_first_precommit
R017,9,CASE010424,chest_xray_triage,blind_first,1,blind_first_precommit
R017,9,CASE010425,chest_xray_triage,blind_first,1,blind_first_precommit
R017,10,CASE010426,chest_xray_triage,blind_first,1,blind_first_precommit
R017,10,CASE010427,chest_xray_triage,blind_first,1,blind_first_precommit
R017,10,CASE010428,chest_xray_triage,blind_first,1,blind_first_precommit
R017,10,CASE010429,chest_xray_triage,blind_first,1,blind_first_precommit
R017,10,CASE010430,chest_xray_triage,blind_first,1,blind_first_precommit
R017,10,CASE010431,chest_xray_triage,blind_first,1,blind_first_precommit
R017,10,CASE010432,chest_xray_triage,blind_first,1,blind_first_precommit
R017,10,CASE010433,chest_xray_triage,blind_first,1,blind_first_precommit
R017,10,CASE010434,chest_xray_triage,blind_first,1,ai_not_shown
R017,10,CASE010435,chest_xray_triage,blind_first,0,blind_first_precommit
R017,10,CASE010436,chest_xray_triage,blind_first,1,ai_not_shown
R017,10,CASE010437,chest_xray_triage,blind_first,1,blind_first_precommit
R017,10,CASE010438,chest_xray_triage,blind_first,0,blind_first_precommit
R017,10,CASE010439,chest_xray_triage,blind_first,1,ai_not_shown
R017,10,CASE010440,chest_xray_triage,blind_first,1,blind_first_precommit
R017,10,CASE010441,chest_xray_triage,blind_first,1,blind_first_precommit
R017,10,CASE010442,chest_xray_triage,blind_first,1,blind_first_precommit
R017,10,CASE010443,chest_xray_triage,blind_first,1,blind_first_precommit
R017,10,CASE010444,chest_xray_triage,blind_first,1,blind_first_precommit
R017,10,CASE010445,chest_xray_triage,blind_first,1,blind_first_precommit
R017,10,CASE010446,chest_xray_triage,blind_first,1,blind_first_precommit
R017,10,CASE010447,chest_xray_triage,blind_first,1,blind_first_precommit
R017,10,CASE010448,chest_xray_triage,blind_first,0,blind_first_precommit
R017,10,CASE010449,chest_xray_triage,blind_first,0,blind_first_precommit
R017,10,CASE010450,chest_xray_triage,blind_first,0,blind_first_precommit
R017,11,CASE010451,chest_xray_triage,blind_first,1,blind_first_precommit
R017,11,CASE010452,chest_xray_triage,blind_first,1,blind_first_precommit
R017,11,CASE010453,chest_xray_triage,blind_first,1,blind_first_precommit
R017,11,CASE010454,chest_xray_triage,blind_first,1,blind_first_precommit
R017,11,CASE010455,chest_xray_triage,blind_first,1,blind_first_precommit
R017,11,CASE010456,chest_xray_triage,blind_first,1,blind_first_precommit
R017,11,CASE010457,chest_xray_triage,blind_first,1,blind_first_precommit
R017,11,CASE010458,chest_xray_triage,blind_first,1,blind_first_precommit
R017,11,CASE010459,chest_xray_triage,blind_first,1,blind_first_precommit
R017,11,CASE010460,chest_xray_triage,blind_first,1,blind_first_precommit
R017,11,CASE010461,chest_xray_triage,blind_first,0,blind_first_precommit
R017,11,CASE010462,chest_xray_triage,blind_first,0,blind_first_precommit
R017,11,CASE010463,chest_xray_triage,blind_first,1,ai_not_shown
R017,11,CASE010464,chest_xray_triage,blind_first,1,blind_first_precommit
R017,11,CASE010465,chest_xray_triage,blind_first,1,blind_first_precommit
R017,11,CASE010466,chest_xray_triage,blind_first,1,blind_first_precommit
R017,11,CASE010467,chest_xray_triage,blind_first,1,blind_first_precommit
R017,11,CASE010468,chest_xray_triage,blind_first,1,blind_first_precommit
R017,11,CASE010469,chest_xray_triage,blind_first,1,blind_first_precommit
R017,11,CASE010470,chest_xray_triage,blind_first,1,ai_not_shown
R017,11,CASE010471,chest_xray_triage,blind_first,1,blind_first_precommit
R017,11,CASE010472,chest_xray_triage,blind_first,1,blind_first_precommit
R017,11,CASE010473,chest_xray_triage,blind_first,0,blind_first_precommit
R017,11,CASE010474,chest_xray_triage,blind_first,1,ai_not_shown
R017,11,CASE010475,chest_xray_triage,blind_first,1,blind_first_precommit
R017,12,CASE010476,chest_xray_triage,blind_first,1,blind_first_precommit
R017,12,CASE010477,chest_xray_triage,blind_first,1,blind_first_precommit
R017,12,CASE010478,chest_xray_triage,blind_first,1,blind_first_precommit
R017,12,CASE010479,chest_xray_triage,blind_first,1,blind_first_precommit
R017,12,CASE010480,chest_xray_triage,blind_first,1,blind_first_precommit
R017,12,CASE010481,chest_xray_triage,blind_first,0,blind_first_precommit
R017,12,CASE010482,chest_xray_triage,blind_first,1,blind_first_precommit
R017,12,CASE010483,chest_xray_triage,blind_first,0,blind_first_precommit
R017,12,CASE010484,chest_xray_triage,blind_first,1,blind_first_precommit
R017,12,CASE010485,chest_xray_triage,blind_first,1,blind_first_precommit
R017,12,CASE010486,chest_xray_triage,blind_first,1,blind_first_precommit
R017,12,CASE010487,chest_xray_triage,blind_first,1,blind_first_precommit
R017,12,CASE010488,chest_xray_triage,blind_first,1,blind_first_precommit
R017,12,CASE010489,chest_xray_triage,blind_first,1,ai_not_shown
R017,12,CASE010490,chest_xray_triage,blind_first,1,blind_first_precommit
R017,12,CASE010491,chest_xray_triage,blind_first,1,blind_first_precommit
R017,12,CASE010492,chest_xray_triage,blind_first,1,blind_first_precommit
R017,12,CASE010493,chest_xray_triage,blind_first,1,blind_first_precommit
R017,12,CASE010494,chest_xray_triage,blind_first,1,blind_first_precommit
R017,12,CASE010495,chest_xray_triage,blind_first,1,blind_first_precommit
R017,12,CASE010496,chest_xray_triage,blind_first,1,blind_first_precommit
R017,12,CASE010497,chest_xray_triage,blind_first,1,blind_first_precommit
R017,12,CASE010498,chest_xray_triage,blind_first,1,blind_first_precommit
R017,12,CASE010499,chest_xray_triage,blind_first,0,blind_first_precommit
R017,12,CASE010500,chest_xray_triage,blind_first,1,blind_first_precommit
R017,13,CASE010501,chest_xray_triage,blind_first,1,blind_first_precommit
R017,13,CASE010502,chest_xray_triage,blind_first,1,blind_first_precommit
R017,13,CASE010503,chest_xray_triage,blind_first,1,blind_first_precommit
R017,13,CASE010504,chest_xray_triage,blind_first,1,blind_first_precommit
R017,13,CASE010505,chest_xray_triage,blind_first,0,blind_first_precommit
R017,13,CASE010506,chest_xray_triage,blind_first,1,blind_first_precommit
R017,13,CASE010507,chest_xray_triage,blind_first,1,blind_first_precommit
R017,13,CASE010508,chest_xray_triage,blind_first,1,blind_first_precommit
R017,13,CASE010509,chest_xray_triage,blind_first,1,blind_first_precommit
R017,13,CASE010510,chest_xray_triage,blind_first,0,blind_first_precommit
R017,13,CASE010511,chest_xray_triage,blind_first,1,blind_first_precommit
R017,13,CASE010512,chest_xray_triage,blind_first,1,blind_first_precommit
R017,13,CASE010513,chest_xray_triage,blind_first,1,blind_first_precommit
R017,13,CASE010514,chest_xray_triage,blind_first,1,blind_first_precommit
R017,13,CASE010515,chest_xray_triage,blind_first,1,blind_first_precommit
R017,13,CASE010516,chest_xray_triage,blind_first,0,blind_first_precommit
R017,13,CASE010517,chest_xray_triage,blind_first,1,blind_first_precommit
R017,13,CASE010518,chest_xray_triage,blind_first,1,blind_first_precommit
R017,13,CASE010519,chest_xray_triage,blind_first,1,blind_first_precommit
R017,13,CASE010520,chest_xray_triage,blind_first,1,blind_first_precommit
R017,13,CASE010521,chest_xray_triage,blind_first,1,blind_first_precommit
R017,13,CASE010522,chest_xray_triage,blind_first,0,blind_first_precommit
R017,13,CASE010523,chest_xray_triage,blind_first,0,blind_first_precommit
R017,13,CASE010524,chest_xray_triage,blind_first,1,blind_first_precommit
R017,13,CASE010525,chest_xray_triage,blind_first,1,blind_first_precommit
R017,14,CASE010526,chest_xray_triage,blind_first,1,blind_first_precommit
R017,14,CASE010527,chest_xray_triage,blind_first,1,blind_first_precommit
R017,14,CASE010528,chest_xray_triage,blind_first,1,blind_first_precommit
R017,14,CASE010529,chest_xray_triage,blind_first,1,blind_first_precommit
R017,14,CASE010530,chest_xray_triage,blind_first,0,blind_first_precommit
R017,14,CASE010531,chest_xray_triage,blind_first,1,blind_first_precommit
R017,14,CASE010532,chest_xray_triage,blind_first,1,blind_first_precommit
R017,14,CASE010533,chest_xray_triage,blind_first,1,blind_first_precommit
R017,14,CASE010534,chest_xray_triage,blind_first,0,blind_first_precommit
R017,14,CASE010535,chest_xray_triage,blind_first,1,blind_first_precommit
R017,14,CASE010536,chest_xray_triage,blind_first,1,blind_first_precommit
R017,14,CASE010537,chest_xray_triage,blind_first,1,blind_first_precommit
R017,14,CASE010538,chest_xray_triage,blind_first,1,ai_not_shown
R017,14,CASE010539,chest_xray_triage,blind_first,1,blind_first_precommit
R017,14,CASE010540,chest_xray_triage,blind_first,1,blind_first_precommit
R017,14,CASE010541,chest_xray_triage,blind_first,0,ai_not_shown
R017,14,CASE010542,chest_xray_triage,blind_first,1,ai_not_shown
R017,14,CASE010543,chest_xray_triage,blind_first,0,blind_first_precommit
R017,14,CASE010544,chest_xray_triage,blind_first,1,blind_first_precommit
R017,14,CASE010545,chest_xray_triage,blind_first,0,blind_first_precommit
R017,14,CASE010546,chest_xray_triage,blind_first,1,blind_first_precommit
R017,14,CASE010547,chest_xray_triage,blind_first,1,blind_first_precommit
R017,14,CASE010548,chest_xray_triage,blind_first,1,blind_first_precommit
R017,14,CASE010549,chest_xray_triage,blind_first,0,blind_first_precommit
R017,14,CASE010550,chest_xray_triage,blind_first,1,blind_first_precommit
R017,15,CASE010551,chest_xray_triage,blind_first,1,blind_first_precommit
R017,15,CASE010552,chest_xray_triage,blind_first,1,blind_first_precommit
R017,15,CASE010553,chest_xray_triage,blind_first,1,ai_not_shown
R017,15,CASE010554,chest_xray_triage,blind_first,0,blind_first_precommit
R017,15,CASE010555,chest_xray_triage,blind_first,0,blind_first_precommit
R017,15,CASE010556,chest_xray_triage,blind_first,0,blind_first_precommit
R017,15,CASE010557,chest_xray_triage,blind_first,1,blind_first_precommit
R017,15,CASE010558,chest_xray_triage,blind_first,1,blind_first_precommit
R017,15,CASE010559,chest_xray_triage,blind_first,1,blind_first_precommit
R017,15,CASE010560,chest_xray_triage,blind_first,1,blind_first_precommit
R017,15,CASE010561,chest_xray_triage,blind_first,1,blind_first_precommit
R017,15,CASE010562,chest_xray_triage,blind_first,0,blind_first_precommit
R017,15,CASE010563,chest_xray_triage,blind_first,1,blind_first_precommit
R017,15,CASE010564,chest_xray_triage,blind_first,1,blind_first_precommit
R017,15,CASE010565,chest_xray_triage,blind_first,1,blind_first_precommit
R017,15,CASE010566,chest_xray_triage,blind_first,1,blind_first_precommit
R017,15,CASE010567,chest_xray_triage,blind_first,0,blind_first_precommit
R017,15,CASE010568,chest_xray_triage,blind_first,1,blind_first_precommit
R017,15,CASE010569,chest_xray_triage,blind_first,1,ai_not_shown
R017,15,CASE010570,chest_xray_triage,blind_first,1,blind_first_precommit
R017,15,CASE010571,chest_xray_triage,blind_first,1,blind_first_precommit
R017,15,CASE010572,chest_xray_triage,blind_first,1,blind_first_precommit
R017,15,CASE010573,chest_xray_triage,blind_first,1,blind_first_precommit
R017,15,CASE010574,chest_xray_triage,blind_first,1,blind_first_precommit
R017,15,CASE010575,chest_xray_triage,blind_first,1,blind_first_precommit
R017,16,CASE010576,chest_xray_triage,blind_first,1,blind_first_precommit
R017,16,CASE010577,chest_xray_triage,blind_first,1,ai_not_shown
R017,16,CASE010578,chest_xray_triage,blind_first,1,blind_first_precommit
R017,16,CASE010579,chest_xray_triage,blind_first,1,blind_first_precommit
R017,16,CASE010580,chest_xray_triage,blind_first,1,blind_first_precommit
R017,16,CASE010581,chest_xray_triage,blind_first,1,blind_first_precommit
R017,16,CASE010582,chest_xray_triage,blind_first,1,blind_first_precommit
R017,16,CASE010583,chest_xray_triage,blind_first,1,blind_first_precommit
R017,16,CASE010584,chest_xray_triage,blind_first,1,blind_first_precommit
R017,16,CASE010585,chest_xray_triage,blind_first,1,blind_first_precommit
R017,16,CASE010586,chest_xray_triage,blind_first,1,blind_first_precommit
R017,16,CASE010587,chest_xray_triage,blind_first,1,blind_first_precommit
R017,16,CASE010588,chest_xray_triage,blind_first,1,blind_first_precommit
R017,16,CASE010589,chest_xray_triage,blind_first,1,blind_first_precommit
R017,16,CASE010590,chest_xray_triage,blind_first,1,blind_first_precommit
R017,16,CASE010591,chest_xray_triage,blind_first,1,blind_first_precommit
R017,16,CASE010592,chest_xray_triage,blind_first,1,blind_first_precommit
R017,16,CASE010593,chest_xray_triage,blind_first,0,blind_first_precommit
R017,16,CASE010594,chest_xray_triage,blind_first,0,blind_first_precommit
R017,16,CASE010595,chest_xray_triage,blind_first,1,blind_first_precommit
R017,16,CASE010596,chest_xray_triage,blind_first,1,blind_first_precommit
R017,16,CASE010597,chest_xray_triage,blind_first,0,blind_first_precommit
R017,16,CASE010598,chest_xray_triage,blind_first,1,blind_first_precommit
R017,16,CASE010599,chest_xray_triage,blind_first,1,blind_first_precommit
R017,16,CASE010600,chest_xray_triage,blind_first,0,blind_first_precommit
R017,17,CASE010601,chest_xray_triage,blind_first,1,blind_first_precommit
R017,17,CASE010602,chest_xray_triage,blind_first,1,blind_first_precommit
R017,17,CASE010603,chest_xray_triage,blind_first,1,blind_first_precommit
R017,17,CASE010604,chest_xray_triage,blind_first,1,blind_first_precommit
R017,17,CASE010605,chest_xray_triage,blind_first,1,blind_first_precommit
R017,17,CASE010606,chest_xray_triage,blind_first,1,blind_first_precommit
R017,17,CASE010607,chest_xray_triage,blind_first,1,blind_first_precommit
R017,17,CASE010608,chest_xray_triage,blind_first,0,blind_first_precommit
R017,17,CASE010609,chest_xray_triage,blind_first,1,blind_first_precommit
R017,17,CASE010610,chest_xray_triage,blind_first,1,ai_not_shown
R017,17,CASE010611,chest_xray_triage,blind_first,1,blind_first_precommit
R017,17,CASE010612,chest_xray_triage,blind_first,1,blind_first_precommit
R017,17,CASE010613,chest_xray_triage,blind_first,1,blind_first_precommit
R017,17,CASE010614,chest_xray_triage,blind_first,1,blind_first_precommit
R017,17,CASE010615,chest_xray_triage,blind_first,1,blind_first_precommit
R017,17,CASE010616,chest_xray_triage,blind_first,1,blind_first_precommit
R017,17,CASE010617,chest_xray_triage,blind_first,1,blind_first_precommit
R017,17,CASE010618,chest_xray_triage,blind_first,0,blind_first_precommit
R017,17,CASE010619,chest_xray_triage,blind_first,1,blind_first_precommit
R017,17,CASE010620,chest_xray_triage,blind_first,1,blind_first_precommit
R017,17,CASE010621,chest_xray_triage,blind_first,1,blind_first_precommit
R017,17,CASE010622,chest_xray_triage,blind_first,1,blind_first_precommit
R017,17,CASE010623,chest_xray_triage,blind_first,1,blind_first_precommit
R017,17,CASE010624,chest_xray_triage,blind_first,1,blind_first_precommit
R017,17,CASE010625,chest_xray_triage,blind_first,1,blind_first_precommit
R017,18,CASE010626,chest_xray_triage,blind_first,1,blind_first_precommit
R017,18,CASE010627,chest_xray_triage,blind_first,1,blind_first_precommit
R017,18,CASE010628,chest_xray_triage,blind_first,1,blind_first_precommit
R017,18,CASE010629,chest_xray_triage,blind_first,1,blind_first_precommit
R017,18,CASE010630,chest_xray_triage,blind_first,1,blind_first_precommit
R017,18,CASE010631,chest_xray_triage,blind_first,1,blind_first_precommit
R017,18,CASE010632,chest_xray_triage,blind_first,1,ai_not_shown
R017,18,CASE010633,chest_xray_triage,blind_first,1,blind_first_precommit
R017,18,CASE010634,chest_xray_triage,blind_first,1,blind_first_precommit
R017,18,CASE010635,chest_xray_triage,blind_first,1,blind_first_precommit
R017,18,CASE010636,chest_xray_triage,blind_first,1,blind_first_precommit
R017,18,CASE010637,chest_xray_triage,blind_first,1,blind_first_precommit
R017,18,CASE010638,chest_xray_triage,blind_first,1,blind_first_precommit
R017,18,CASE010639,chest_xray_triage,blind_first,1,blind_first_precommit
R017,18,CASE010640,chest_xray_triage,blind_first,1,blind_first_precommit
R017,18,CASE010641,chest_xray_triage,blind_first,1,blind_first_precommit
R017,18,CASE010642,chest_xray_triage,blind_first,0,blind_first_precommit
R017,18,CASE010643,chest_xray_triage,blind_first,0,blind_first_precommit
R017,18,CASE010644,chest_xray_triage,blind_first,0,blind_first_precommit
R017,18,CASE010645,chest_xray_triage,blind_first,1,blind_first_precommit
R017,18,CASE010646,chest_xray_triage,blind_first,1,blind_first_precommit
R017,18,CASE010647,chest_xray_triage,blind_first,1,blind_first_precommit
R017,18,CASE010648,chest_xray_triage,blind_first,0,blind_first_precommit
R017,18,CASE010649,chest_xray_triage,blind_first,1,blind_first_precommit
R017,18,CASE010650,chest_xray_triage,blind_first,0,blind_first_precommit
R017,19,CASE010651,chest_xray_triage,blind_first,0,blind_first_precommit
R017,19,CASE010652,chest_xray_triage,blind_first,1,ai_not_shown
R017,19,CASE010653,chest_xray_triage,blind_first,1,blind_first_precommit
R017,19,CASE010654,chest_xray_triage,blind_first,0,blind_first_precommit
R017,19,CASE010655,chest_xray_triage,blind_first,1,blind_first_precommit
R017,19,CASE010656,chest_xray_triage,blind_first,1,blind_first_precommit
R017,19,CASE010657,chest_xray_triage,blind_first,1,blind_first_precommit
R017,19,CASE010658,chest_xray_triage,blind_first,1,blind_first_precommit
R017,19,CASE010659,chest_xray_triage,blind_first,1,blind_first_precommit
R017,19,CASE010660,chest_xray_triage,blind_first,1,blind_first_precommit
R017,19,CASE010661,chest_xray_triage,blind_first,0,blind_first_precommit
R017,19,CASE010662,chest_xray_triage,blind_first,0,blind_first_precommit
R017,19,CASE010663,chest_xray_triage,blind_first,0,blind_first_precommit
R017,19,CASE010664,chest_xray_triage,blind_first,1,blind_first_precommit
R017,19,CASE010665,chest_xray_triage,blind_first,1,blind_first_precommit
R017,19,CASE010666,chest_xray_triage,blind_first,0,blind_first_precommit
R017,19,CASE010667,chest_xray_triage,blind_first,1,blind_first_precommit
R017,19,CASE010668,chest_xray_triage,blind_first,1,blind_first_precommit
R017,19,CASE010669,chest_xray_triage,blind_first,1,blind_first_precommit
R017,19,CASE010670,chest_xray_triage,blind_first,1,blind_first_precommit
R017,19,CASE010671,chest_xray_triage,blind_first,1,blind_first_precommit
R017,19,CASE010672,chest_xray_triage,blind_first,1,blind_first_precommit
R017,19,CASE010673,chest_xray_triage,blind_first,0,blind_first_precommit
R017,19,CASE010674,chest_xray_triage,blind_first,1,blind_first_precommit
R017,19,CASE010675,chest_xray_triage,blind_first,1,blind_first_precommit
R017,20,CASE010676,chest_xray_triage,blind_first,0,blind_first_precommit
R017,20,CASE010677,chest_xray_triage,blind_first,0,blind_first_precommit
R017,20,CASE010678,chest_xray_triage,blind_first,1,ai_not_shown
R017,20,CASE010679,chest_xray_triage,blind_first,1,blind_first_precommit
R017,20,CASE010680,chest_xray_triage,blind_first,1,blind_first_precommit
R017,20,CASE010681,chest_xray_triage,blind_first,1,blind_first_precommit
R017,20,CASE010682,chest_xray_triage,blind_first,1,blind_first_precommit
R017,20,CASE010683,chest_xray_triage,blind_first,1,ai_not_shown
R017,20,CASE010684,chest_xray_triage,blind_first,1,blind_first_precommit
R017,20,CASE010685,chest_xray_triage,blind_first,1,blind_first_precommit
R017,20,CASE010686,chest_xray_triage,blind_first,1,ai_not_shown
R017,20,CASE010687,chest_xray_triage,blind_first,1,blind_first_precommit
R017,20,CASE010688,chest_xray_triage,blind_first,1,blind_first_precommit
R017,20,CASE010689,chest_xray_triage,blind_first,0,blind_first_precommit
R017,20,CASE010690,chest_xray_triage,blind_first,1,blind_first_precommit
R017,20,CASE010691,chest_xray_triage,blind_first,0,blind_first_precommit
R017,20,CASE010692,chest_xray_triage,blind_first,0,blind_first_precommit
R017,20,CASE010693,chest_xray_triage,blind_first,0,blind_first_precommit
R017,20,CASE010694,chest_xray_triage,blind_first,1,blind_first_precommit
R017,20,CASE010695,chest_xray_triage,blind_first,1,blind_first_precommit
R017,20,CASE010696,chest_xray_triage,blind_first,1,blind_first_precommit
R017,20,CASE010697,chest_xray_triage,blind_first,0,blind_first_precommit
R017,20,CASE010698,chest_xray_triage,blind_first,1,blind_first_precommit
R017,20,CASE010699,chest_xray_triage,blind_first,1,blind_first_precommit
R017,20,CASE010700,chest_xray_triage,blind_first,1,blind_first_precommit
R017,21,CASE010701,chest_xray_triage,blind_first,1,blind_first_precommit
R017,21,CASE010702,chest_xray_triage,blind_first,0,blind_first_precommit
R017,21,CASE010703,chest_xray_triage,blind_first,0,blind_first_precommit
R017,21,CASE010704,chest_xray_triage,blind_first,1,blind_first_precommit
R017,21,CASE010705,chest_xray_triage,blind_first,1,blind_first_precommit
R017,21,CASE010706,chest_xray_triage,blind_first,1,blind_first_precommit
R017,21,CASE010707,chest_xray_triage,blind_first,1,blind_first_precommit
R017,21,CASE010708,chest_xray_triage,blind_first,1,blind_first_precommit
R017,21,CASE010709,chest_xray_triage,blind_first,1,blind_first_precommit
R017,21,CASE010710,chest_xray_triage,blind_first,1,blind_first_precommit
R017,21,CASE010711,chest_xray_triage,blind_first,0,blind_first_precommit
R017,21,CASE010712,chest_xray_triage,blind_first,1,blind_first_precommit
R017,21,CASE010713,chest_xray_triage,blind_first,0,blind_first_precommit
R017,21,CASE010714,chest_xray_triage,blind_first,1,blind_first_precommit
R017,21,CASE010715,chest_xray_triage,blind_first,1,blind_first_precommit
R017,21,CASE010716,chest_xray_triage,blind_first,1,blind_first_precommit
R017,21,CASE010717,chest_xray_triage,blind_first,1,blind_first_precommit
R017,21,CASE010718,chest_xray_triage,blind_first,0,blind_first_precommit
R017,21,CASE010719,chest_xray_triage,blind_first,0,blind_first_precommit
R017,21,CASE010720,chest_xray_triage,blind_first,1,blind_first_precommit
R017,21,CASE010721,chest_xray_triage,blind_first,1,blind_first_precommit
R017,21,CASE010722,chest_xray_triage,blind_first,1,blind_first_precommit
R017,21,CASE010723,chest_xray_triage,blind_first,1,blind_first_precommit
R017,21,CASE010724,chest_xray_triage,blind_first,1,blind_first_precommit
R017,21,CASE010725,chest_xray_triage,blind_first,1,blind_first_precommit
R017,22,CASE010726,chest_xray_triage,blind_first,1,blind_first_precommit
R017,22,CASE010727,chest_xray_triage,blind_first,1,blind_first_precommit
R017,22,CASE010728,chest_xray_triage,blind_first,1,ai_not_shown
R017,22,CASE010729,chest_xray_triage,blind_first,1,blind_first_precommit
R017,22,CASE010730,chest_xray_triage,blind_first,1,blind_first_precommit
R017,22,CASE010731,chest_xray_triage,blind_first,0,blind_first_precommit
R017,22,CASE010732,chest_xray_triage,blind_first,1,blind_first_precommit
R017,22,CASE010733,chest_xray_triage,blind_first,0,blind_first_precommit
R017,22,CASE010734,chest_xray_triage,blind_first,1,blind_first_precommit
R017,22,CASE010735,chest_xray_triage,blind_first,1,blind_first_precommit
R017,22,CASE010736,chest_xray_triage,blind_first,1,blind_first_precommit
R017,22,CASE010737,chest_xray_triage,blind_first,0,ai_not_shown
R017,22,CASE010738,chest_xray_triage,blind_first,1,blind_first_precommit
R017,22,CASE010739,chest_xray_triage,blind_first,1,blind_first_precommit
R017,22,CASE010740,chest_xray_triage,blind_first,1,blind_first_precommit
R017,22,CASE010741,chest_xray_triage,blind_first,1,blind_first_precommit
R017,22,CASE010742,chest_xray_triage,blind_first,1,blind_first_precommit
R017,22,CASE010743,chest_xray_triage,blind_first,1,blind_first_precommit
R017,22,CASE010744,chest_xray_triage,blind_first,1,blind_first_precommit
R017,22,CASE010745,chest_xray_triage,blind_first,1,blind_first_precommit
R017,22,CASE010746,chest_xray_triage,blind_first,1,blind_first_precommit
R017,22,CASE010747,chest_xray_triage,blind_first,0,blind_first_precommit
R017,22,CASE010748,chest_xray_triage,blind_first,1,blind_first_precommit
R017,22,CASE010749,chest_xray_triage,blind_first,1,blind_first_precommit
R017,22,CASE010750,chest_xray_triage,blind_first,1,blind_first_precommit
R017,23,CASE010751,chest_xray_triage,blind_first,1,blind_first_precommit
R017,23,CASE010752,chest_xray_triage,blind_first,1,ai_not_shown
R017,23,CASE010753,chest_xray_triage,blind_first,1,blind_first_precommit
R017,23,CASE010754,chest_xray_triage,blind_first,1,blind_first_precommit
R017,23,CASE010755,chest_xray_triage,blind_first,0,blind_first_precommit
R017,23,CASE010756,chest_xray_triage,blind_first,1,blind_first_precommit
R017,23,CASE010757,chest_xray_triage,blind_first,1,blind_first_precommit
R017,23,CASE010758,chest_xray_triage,blind_first,1,blind_first_precommit
R017,23,CASE010759,chest_xray_triage,blind_first,1,blind_first_precommit
R017,23,CASE010760,chest_xray_triage,blind_first,1,blind_first_precommit
R017,23,CASE010761,chest_xray_triage,blind_first,1,blind_first_precommit
R017,23,CASE010762,chest_xray_triage,blind_first,0,blind_first_precommit
R017,23,CASE010763,chest_xray_triage,blind_first,1,blind_first_precommit
R017,23,CASE010764,chest_xray_triage,blind_first,1,blind_first_precommit
R017,23,CASE010765,chest_xray_triage,blind_first,1,blind_first_precommit
R017,23,CASE010766,chest_xray_triage,blind_first,1,blind_first_precommit
R017,23,CASE010767,chest_xray_triage,blind_first,1,blind_first_precommit
R017,23,CASE010768,chest_xray_triage,blind_first,1,blind_first_precommit
R017,23,CASE010769,chest_xray_triage,blind_first,1,blind_first_precommit
R017,23,CASE010770,chest_xray_triage,blind_first,1,blind_first_precommit
R017,23,CASE010771,chest_xray_triage,blind_first,0,blind_first_precommit
R017,23,CASE010772,chest_xray_triage,blind_first,1,blind_first_precommit
R017,23,CASE010773,chest_xray_triage,blind_first,1,blind_first_precommit
R017,23,CASE010774,chest_xray_triage,blind_first,1,blind_first_precommit
R017,23,CASE010775,chest_xray_triage,blind_first,0,blind_first_precommit
R017,24,CASE010776,chest_xray_triage,blind_first,1,blind_first_precommit
R017,24,CASE010777,chest_xray_triage,blind_first,1,blind_first_precommit
R017,24,CASE010778,chest_xray_triage,blind_first,1,blind_first_precommit
R017,24,CASE010779,chest_xray_triage,blind_first,1,blind_first_precommit
R017,24,CASE010780,chest_xray_triage,blind_first,1,blind_first_precommit
R017,24,CASE010781,chest_xray_triage,blind_first,1,blind_first_precommit
R017,24,CASE010782,chest_xray_triage,blind_first,1,blind_first_precommit
R017,24,CASE010783,chest_xray_triage,blind_first,1,ai_not_shown
R017,24,CASE010784,chest_xray_triage,blind_first,1,blind_first_precommit
R017,24,CASE010785,chest_xray_triage,blind_first,1,blind_first_precommit
R017,24,CASE010786,chest_xray_triage,blind_first,1,blind_first_precommit
R017,24,CASE010787,chest_xray_triage,blind_first,0,blind_first_precommit
R017,24,CASE010788,chest_xray_triage,blind_first,1,blind_first_precommit
R017,24,CASE010789,chest_xray_triage,blind_first,1,blind_first_precommit
R017,24,CASE010790,chest_xray_triage,blind_first,1,blind_first_precommit
R017,24,CASE010791,chest_xray_triage,blind_first,1,blind_first_precommit
R017,24,CASE010792,chest_xray_triage,blind_first,1,blind_first_precommit
R017,24,CASE010793,chest_xray_triage,blind_first,0,blind_first_precommit
R017,24,CASE010794,chest_xray_triage,blind_first,1,blind_first_precommit
R017,24,CASE010795,chest_xray_triage,blind_first,1,blind_first_precommit
R017,24,CASE010796,chest_xray_triage,blind_first,1,blind_first_precommit
R017,24,CASE010797,chest_xray_triage,blind_first,1,blind_first_precommit
R017,24,CASE010798,chest_xray_triage,blind_first,1,blind_first_precommit
R017,24,CASE010799,chest_xray_triage,blind_first,1,blind_first_precommit
R017,24,CASE010800,chest_xray_triage,blind_first,0,blind_first_precommit
R018,1,CASE010804,chest_xray_triage,withheld_ai,1,ai_not_shown
R018,1,CASE010805,chest_xray_triage,withheld_ai,1,ai_not_shown
R018,1,CASE010806,chest_xray_triage,withheld_ai,0,ai_not_shown
R018,1,CASE010807,chest_xray_triage,withheld_ai,1,ai_not_shown
R018,1,CASE010809,chest_xray_triage,withheld_ai,1,ai_not_shown
R018,1,CASE010810,chest_xray_triage,withheld_ai,1,ai_not_shown
R018,1,CASE010815,chest_xray_triage,withheld_ai,1,ai_not_shown
R018,1,CASE010816,chest_xray_triage,withheld_ai,1,ai_not_shown
R018,1,CASE010821,chest_xray_triage,withheld_ai,1,ai_not_shown
R018,1,CASE010822,chest_xray_triage,withheld_ai,1,ai_not_shown
R018,2,CASE010832,chest_xray_triage,withheld_ai,1,ai_not_shown
R018,2,CASE010833,chest_xray_triage,withheld_ai,0,ai_not_shown
R018,2,CASE010847,chest_xray_triage,withheld_ai,1,ai_not_shown
R018,3,CASE010851,chest_xray_triage,withheld_ai,1,ai_not_shown
R018,3,CASE010862,chest_xray_triage,withheld_ai,1,ai_not_shown
R018,4,CASE010876,chest_xray_triage,withheld_ai,1,ai_not_shown
R018,4,CASE010883,chest_xray_triage,withheld_ai,1,ai_not_shown
R018,4,CASE010887,chest_xray_triage,withheld_ai,1,ai_not_shown
R018,4,CASE010896,chest_xray_triage,withheld_ai,1,ai_not_shown
R018,4,CASE010899,chest_xray_triage,withheld_ai,1,ai_not_shown
R018,5,CASE010901,chest_xray_triage,withheld_ai,1,ai_not_shown
R018,5,CASE010918,chest_xray_triage,withheld_ai,1,ai_not_shown
R018,5,CASE010920,chest_xray_triage,withheld_ai,1,ai_not_shown
R018,6,CASE010948,chest_xray_triage,withheld_ai,0,ai_not_shown
R018,7,CASE010951,chest_xray_triage,withheld_ai,1,ai_not_shown
R018,7,CASE010955,chest_xray_triage,withheld_ai,0,ai_not_shown
R018,7,CASE010957,chest_xray_triage,withheld_ai,0,ai_not_shown
R018,7,CASE010959,chest_xray_triage,withheld_ai,1,ai_not_shown
R018,7,CASE010971,chest_xray_triage,withheld_ai,1,ai_not_shown
R018,7,CASE010973,chest_xray_triage,withheld_ai,0,ai_not_shown
R018,8,CASE010982,chest_xray_triage,withheld_ai,1,ai_not_shown
R018,8,CASE010986,chest_xray_triage,withheld_ai,1,ai_not_shown
R018,8,CASE010991,chest_xray_triage,withheld_ai,0,ai_not_shown
R018,8,CASE010994,chest_xray_triage,withheld_ai,1,ai_not_shown
R018,9,CASE011002,chest_xray_triage,withheld_ai,1,ai_not_shown
R018,9,CASE011009,chest_xray_triage,withheld_ai,1,ai_not_shown
R018,9,CASE011010,chest_xray_triage,withheld_ai,1,ai_not_shown
R018,9,CASE011017,chest_xray_triage,withheld_ai,1,ai_not_shown
R018,9,CASE011022,chest_xray_triage,withheld_ai,1,ai_not_shown
R018,10,CASE011026,chest_xray_triage,withheld_ai,1,ai_not_shown
R018,10,CASE011034,chest_xray_triage,withheld_ai,0,ai_not_shown
R018,11,CASE011051,chest_xray_triage,withheld_ai,0,ai_not_shown
R018,11,CASE011056,chest_xray_triage,withheld_ai,0,ai_not_shown
R018,11,CASE011062,chest_xray_triage,withheld_ai,1,ai_not_shown
R018,11,CASE011066,chest_xray_triage,withheld_ai,1,ai_not_shown
R018,11,CASE011069,chest_xray_triage,withheld_ai,0,ai_not_shown
R018,11,CASE011071,chest_xray_triage,withheld_ai,0,ai_not_shown
R018,12,CASE011077,chest_xray_triage,withheld_ai,0,ai_not_shown
R018,12,CASE011082,chest_xray_triage,withheld_ai,1,ai_not_shown
R018,12,CASE011085,chest_xray_triage,withheld_ai,1,ai_not_shown
R018,12,CASE011089,chest_xray_triage,withheld_ai,0,ai_not_shown
R018,13,CASE011107,chest_xray_triage,withheld_ai,1,ai_not_shown
R018,13,CASE011109,chest_xray_triage,withheld_ai,0,ai_not_shown
R018,13,CASE011123,chest_xray_triage,withheld_ai,0,ai_not_shown
R018,14,CASE011131,chest_xray_triage,withheld_ai,1,ai_not_shown
R018,14,CASE011135,chest_xray_triage,withheld_ai,1,ai_not_shown
R018,14,CASE011136,chest_xray_triage,withheld_ai,0,ai_not_shown
R018,14,CASE011137,chest_xray_triage,withheld_ai,0,ai_not_shown
R018,14,CASE011142,chest_xray_triage,withheld_ai,0,ai_not_shown
R018,14,CASE011148,chest_xray_triage,withheld_ai,0,ai_not_shown
R018,15,CASE011155,chest_xray_triage,withheld_ai,1,ai_not_shown
R018,15,CASE011159,chest_xray_triage,withheld_ai,1,ai_not_shown
R018,15,CASE011162,chest_xray_triage,withheld_ai,1,ai_not_shown
R018,15,CASE011164,chest_xray_triage,withheld_ai,1,ai_not_shown
R018,15,CASE011165,chest_xray_triage,withheld_ai,1,ai_not_shown
R018,15,CASE011170,chest_xray_triage,withheld_ai,0,ai_not_shown
R018,15,CASE011173,chest_xray_triage,withheld_ai,0,ai_not_shown
R018,16,CASE011176,chest_xray_triage,withheld_ai,0,ai_not_shown
R018,16,CASE011186,chest_xray_triage,withheld_ai,0,ai_not_shown
R018,17,CASE011203,chest_xray_triage,withheld_ai,1,ai_not_shown
R018,17,CASE011205,chest_xray_triage,withheld_ai,0,ai_not_shown
R018,17,CASE011206,chest_xray_triage,withheld_ai,1,ai_not_shown
R018,17,CASE011211,chest_xray_triage,withheld_ai,1,ai_not_shown
R018,18,CASE011231,chest_xray_triage,withheld_ai,0,ai_not_shown
R018,18,CASE011239,chest_xray_triage,withheld_ai,0,ai_not_shown
R018,18,CASE011240,chest_xray_triage,withheld_ai,0,ai_not_shown
R018,18,CASE011246,chest_xray_triage,withheld_ai,0,ai_not_shown
R018,18,CASE011248,chest_xray_triage,withheld_ai,1,ai_not_shown
R018,18,CASE011250,chest_xray_triage,withheld_ai,0,ai_not_shown
R018,19,CASE011253,chest_xray_triage,withheld_ai,1,ai_not_shown
R018,19,CASE011254,chest_xray_triage,withheld_ai,1,ai_not_shown
R018,19,CASE011258,chest_xray_triage,withheld_ai,0,ai_not_shown
R018,19,CASE011260,chest_xray_triage,withheld_ai,1,ai_not_shown
R018,19,CASE011262,chest_xray_triage,withheld_ai,1,ai_not_shown
R018,19,CASE011266,chest_xray_triage,withheld_ai,0,ai_not_shown
R018,19,CASE011271,chest_xray_triage,withheld_ai,1,ai_not_shown
R018,19,CASE011274,chest_xray_triage,withheld_ai,0,ai_not_shown
R018,20,CASE011279,chest_xray_triage,withheld_ai,0,ai_not_shown
R018,20,CASE011288,chest_xray_triage,withheld_ai,0,ai_not_shown
R018,20,CASE011289,chest_xray_triage,withheld_ai,1,ai_not_shown
R018,21,CASE011315,chest_xray_triage,withheld_ai,0,ai_not_shown
R018,21,CASE011318,chest_xray_triage,withheld_ai,1,ai_not_shown
R018,21,CASE011321,chest_xray_triage,withheld_ai,1,ai_not_shown
R018,22,CASE011326,chest_xray_triage,withheld_ai,0,ai_not_shown
R018,22,CASE011337,chest_xray_triage,withheld_ai,0,ai_not_shown
R018,22,CASE011347,chest_xray_triage,withheld_ai,1,ai_not_shown
R018,22,CASE011349,chest_xray_triage,withheld_ai,1,ai_not_shown
R018,22,CASE011350,chest_xray_triage,withheld_ai,1,ai_not_shown
R018,23,CASE011351,chest_xray_triage,withheld_ai,1,ai_not_shown
R018,23,CASE011353,chest_xray_triage,withheld_ai,1,ai_not_shown
R018,23,CASE011355,chest_xray_triage,withheld_ai,0,ai_not_shown
R018,23,CASE011363,chest_xray_triage,withheld_ai,1,ai_not_shown
R018,23,CASE011366,chest_xray_triage,withheld_ai,1,ai_not_shown
R018,23,CASE011368,chest_xray_triage,withheld_ai,1,ai_not_shown
R018,24,CASE011380,chest_xray_triage,withheld_ai,1,ai_not_shown
R018,24,CASE011381,chest_xray_triage,withheld_ai,1,ai_not_shown
R018,24,CASE011387,chest_xray_triage,withheld_ai,1,ai_not_shown
R018,24,CASE011389,chest_xray_triage,withheld_ai,0,ai_not_shown
R018,24,CASE011395,chest_xray_triage,withheld_ai,1,ai_not_shown
R019,1,CASE011407,chest_xray_triage,disagreement_prompt,1,ai_not_shown
R019,2,CASE011441,chest_xray_triage,disagreement_prompt,1,ai_not_shown
R019,2,CASE011442,chest_xray_triage,disagreement_prompt,1,ai_not_shown
R019,3,CASE011453,chest_xray_triage,disagreement_prompt,1,ai_not_shown
R019,3,CASE011457,chest_xray_triage,disagreement_prompt,1,ai_not_shown
R019,3,CASE011462,chest_xray_triage,disagreement_prompt,1,ai_not_shown
R019,3,CASE011472,chest_xray_triage,disagreement_prompt,1,ai_not_shown
R019,4,CASE011494,chest_xray_triage,disagreement_prompt,1,ai_not_shown
R019,4,CASE011497,chest_xray_triage,disagreement_prompt,1,ai_not_shown
R019,5,CASE011506,chest_xray_triage,disagreement_prompt,1,ai_not_shown
R019,5,CASE011514,chest_xray_triage,disagreement_prompt,1,ai_not_shown
R019,6,CASE011541,chest_xray_triage,disagreement_prompt,1,ai_not_shown
R019,6,CASE011542,chest_xray_triage,disagreement_prompt,1,ai_not_shown
R019,6,CASE011549,chest_xray_triage,disagreement_prompt,1,ai_not_shown
R019,6,CASE011550,chest_xray_triage,disagreement_prompt,1,ai_not_shown
R019,8,CASE011580,chest_xray_triage,disagreement_prompt,1,ai_not_shown
R019,8,CASE011586,chest_xray_triage,disagreement_prompt,1,ai_not_shown
R019,8,CASE011593,chest_xray_triage,disagreement_prompt,1,ai_not_shown
R019,9,CASE011614,chest_xray_triage,disagreement_prompt,1,ai_not_shown
R019,11,CASE011654,chest_xray_triage,disagreement_prompt,1,ai_not_shown
R019,11,CASE011659,chest_xray_triage,disagreement_prompt,1,ai_not_shown
R019,11,CASE011674,chest_xray_triage,disagreement_prompt,1,ai_not_shown
R019,12,CASE011677,chest_xray_triage,disagreement_prompt,1,ai_not_shown
R019,12,CASE011684,chest_xray_triage,disagreement_prompt,0,ai_not_shown
R019,12,CASE011686,chest_xray_triage,disagreement_prompt,0,ai_not_shown
R019,12,CASE011695,chest_xray_triage,disagreement_prompt,1,ai_not_shown
R019,13,CASE011719,chest_xray_triage,disagreement_prompt,0,ai_not_shown
R019,14,CASE011728,chest_xray_triage,disagreement_prompt,1,ai_not_shown
R019,14,CASE011744,chest_xray_triage,disagreement_prompt,1,ai_not_shown
R019,14,CASE011746,chest_xray_triage,disagreement_prompt,0,ai_not_shown
R019,15,CASE011762,chest_xray_triage,disagreement_prompt,1,ai_not_shown
R019,15,CASE011766,chest_xray_triage,disagreement_prompt,1,ai_not_shown
R019,16,CASE011779,chest_xray_triage,disagreement_prompt,1,ai_not_shown
R019,17,CASE011816,chest_xray_triage,disagreement_prompt,1,ai_not_shown
R019,17,CASE011825,chest_xray_triage,disagreement_prompt,1,ai_not_shown
R019,18,CASE011826,chest_xray_triage,disagreement_prompt,1,ai_not_shown
R019,18,CASE011844,chest_xray_triage,disagreement_prompt,0,ai_not_shown
R019,19,CASE011866,chest_xray_triage,disagreement_prompt,1,ai_not_shown
R019,19,CASE011869,chest_xray_triage,disagreement_prompt,1,ai_not_shown
R019,20,CASE011877,chest_xray_triage,disagreement_prompt,1,ai_not_shown
R019,21,CASE011906,chest_xray_triage,disagreement_prompt,1,ai_not_shown
R019,21,CASE011910,chest_xray_triage,disagreement_prompt,1,ai_not_shown
R019,21,CASE011922,chest_xray_triage,disagreement_prompt,0,ai_not_shown
R019,22,CASE011934,chest_xray_triage,disagreement_prompt,1,ai_not_shown
R019,22,CASE011948,chest_xray_triage,disagreement_prompt,1,ai_not_shown
R019,23,CASE011958,chest_xray_triage,disagreement_prompt,0,ai_not_shown
R019,23,CASE011961,chest_xray_triage,disagreement_prompt,1,ai_not_shown
R019,23,CASE011968,chest_xray_triage,disagreement_prompt,1,ai_not_shown
R019,23,CASE011971,chest_xray_triage,disagreement_prompt,0,ai_not_shown
R020,1,CASE012021,chest_xray_triage,control_always_ai,1,ai_not_shown
R020,2,CASE012028,chest_xray_triage,control_always_ai,0,ai_not_shown
R020,2,CASE012031,chest_xray_triage,control_always_ai,1,ai_not_shown
R020,2,CASE012048,chest_xray_triage,control_always_ai,0,ai_not_shown
R020,3,CASE012057,chest_xray_triage,control_always_ai,1,ai_not_shown
R020,3,CASE012060,chest_xray_triage,control_always_ai,1,ai_not_shown
R020,3,CASE012061,chest_xray_triage,control_always_ai,1,ai_not_shown
R020,3,CASE012067,chest_xray_triage,control_always_ai,1,ai_not_shown
R020,5,CASE012123,chest_xray_triage,control_always_ai,1,ai_not_shown
R020,6,CASE012126,chest_xray_triage,control_always_ai,1,ai_not_shown
R020,7,CASE012152,chest_xray_triage,control_always_ai,0,ai_not_shown
R020,7,CASE012156,chest_xray_triage,control_always_ai,1,ai_not_shown
R020,7,CASE012159,chest_xray_triage,control_always_ai,1,ai_not_shown
R020,7,CASE012171,chest_xray_triage,control_always_ai,1,ai_not_shown
R020,8,CASE012199,chest_xray_triage,control_always_ai,1,ai_not_shown
R020,9,CASE012225,chest_xray_triage,control_always_ai,0,ai_not_shown
R020,10,CASE012239,chest_xray_triage,control_always_ai,1,ai_not_shown
R020,11,CASE012275,chest_xray_triage,control_always_ai,1,ai_not_shown
R020,12,CASE012280,chest_xray_triage,control_always_ai,1,ai_not_shown
R020,12,CASE012282,chest_xray_triage,control_always_ai,1,ai_not_shown
R020,13,CASE012318,chest_xray_triage,control_always_ai,0,ai_not_shown
R020,13,CASE012319,chest_xray_triage,control_always_ai,1,ai_not_shown
R020,14,CASE012332,chest_xray_triage,control_always_ai,1,ai_not_shown
R020,16,CASE012398,chest_xray_triage,control_always_ai,1,ai_not_shown
R020,17,CASE012404,chest_xray_triage,control_always_ai,1,ai_not_shown
R020,17,CASE012413,chest_xray_triage,control_always_ai,1,ai_not_shown
R020,17,CASE012420,chest_xray_triage,control_always_ai,1,ai_not_shown
R020,17,CASE012422,chest_xray_triage,control_always_ai,0,ai_not_shown
R020,19,CASE012451,chest_xray_triage,control_always_ai,0,ai_not_shown
R020,20,CASE012487,chest_xray_triage,control_always_ai,0,ai_not_shown
R020,20,CASE012491,chest_xray_triage,control_always_ai,0,ai_not_shown
R020,20,CASE012500,chest_xray_triage,control_always_ai,1,ai_not_shown
R020,22,CASE012530,chest_xray_triage,control_always_ai,0,ai_not_shown
R020,24,CASE012583,chest_xray_triage,control_always_ai,1,ai_not_shown
R021,1,CASE012601,chest_xray_triage,blind_first,1,blind_first_precommit
R021,1,CASE012602,chest_xray_triage,blind_first,0,blind_first_precommit
R021,1,CASE012603,chest_xray_triage,blind_first,0,blind_first_precommit
R021,1,CASE012604,chest_xray_triage,blind_first,0,blind_first_precommit
R021,1,CASE012605,chest_xray_triage,blind_first,1,blind_first_precommit
R021,1,CASE012606,chest_xray_triage,blind_first,1,blind_first_precommit
R021,1,CASE012607,chest_xray_triage,blind_first,0,ai_not_shown
R021,1,CASE012608,chest_xray_triage,blind_first,1,ai_not_shown
R021,1,CASE012609,chest_xray_triage,blind_first,1,blind_first_precommit
R021,1,CASE012610,chest_xray_triage,blind_first,1,blind_first_precommit
R021,1,CASE012611,chest_xray_triage,blind_first,1,blind_first_precommit
R021,1,CASE012612,chest_xray_triage,blind_first,1,blind_first_precommit
R021,1,CASE012613,chest_xray_triage,blind_first,1,blind_first_precommit
R021,1,CASE012614,chest_xray_triage,blind_first,1,blind_first_precommit
R021,1,CASE012615,chest_xray_triage,blind_first,1,blind_first_precommit
R021,1,CASE012616,chest_xray_triage,blind_first,1,blind_first_precommit
R021,1,CASE012617,chest_xray_triage,blind_first,0,blind_first_precommit
R021,1,CASE012618,chest_xray_triage,blind_first,1,blind_first_precommit
R021,1,CASE012619,chest_xray_triage,blind_first,1,blind_first_precommit
R021,1,CASE012620,chest_xray_triage,blind_first,1,blind_first_precommit
R021,1,CASE012621,chest_xray_triage,blind_first,1,blind_first_precommit
R021,1,CASE012622,chest_xray_triage,blind_first,1,blind_first_precommit
R021,1,CASE012623,chest_xray_triage,blind_first,1,blind_first_precommit
R021,1,CASE012624,chest_xray_triage,blind_first,1,blind_first_precommit
R021,1,CASE012625,chest_xray_triage,blind_first,0,blind_first_precommit
R021,2,CASE012626,chest_xray_triage,blind_first,1,blind_first_precommit
R021,2,CASE012627,chest_xray_triage,blind_first,1,blind_first_precommit
R021,2,CASE012628,chest_xray_triage,blind_first,0,blind_first_precommit
R021,2,CASE012629,chest_xray_triage,blind_first,1,blind_first_precommit
R021,2,CASE012630,chest_xray_triage,blind_first,1,blind_first_precommit
R021,2,CASE012631,chest_xray_triage,blind_first,1,blind_first_precommit
R021,2,CASE012632,chest_xray_triage,blind_first,1,blind_first_precommit
R021,2,CASE012633,chest_xray_triage,blind_first,1,blind_first_precommit
R021,2,CASE012634,chest_xray_triage,blind_first,1,blind_first_precommit
R021,2,CASE012635,chest_xray_triage,blind_first,0,blind_first_precommit
R021,2,CASE012636,chest_xray_triage,blind_first,0,blind_first_precommit
R021,2,CASE012637,chest_xray_triage,blind_first,1,blind_first_precommit
R021,2,CASE012638,chest_xray_triage,blind_first,1,blind_first_precommit
R021,2,CASE012639,chest_xray_triage,blind_first,1,blind_first_precommit
R021,2,CASE012640,chest_xray_triage,blind_first,1,blind_first_precommit
R021,2,CASE012641,chest_xray_triage,blind_first,1,blind_first_precommit
R021,2,CASE012642,chest_xray_triage,blind_first,1,blind_first_precommit
R021,2,CASE012643,chest_xray_triage,blind_first,1,blind_first_precommit
R021,2,CASE012644,chest_xray_triage,blind_first,1,blind_first_precommit
R021,2,CASE012645,chest_xray_triage,blind_first,1,blind_first_precommit
R021,2,CASE012646,chest_xray_triage,blind_first,0,blind_first_precommit
R021,2,CASE012647,chest_xray_triage,blind_first,1,blind_first_precommit
R021,2,CASE012648,chest_xray_triage,blind_first,1,blind_first_precommit
R021,2,CASE012649,chest_xray_triage,blind_first,1,blind_first_precommit
R021,2,CASE012650,chest_xray_triage,blind_first,1,blind_first_precommit
R021,3,CASE012651,chest_xray_triage,blind_first,1,blind_first_precommit
R021,3,CASE012652,chest_xray_triage,blind_first,1,blind_first_precommit
R021,3,CASE012653,chest_xray_triage,blind_first,0,blind_first_precommit
R021,3,CASE012654,chest_xray_triage,blind_first,1,blind_first_precommit
R021,3,CASE012655,chest_xray_triage,blind_first,1,blind_first_precommit
R021,3,CASE012656,chest_xray_triage,blind_first,1,blind_first_precommit
R021,3,CASE012657,chest_xray_triage,blind_first,1,blind_first_precommit
R021,3,CASE012658,chest_xray_triage,blind_first,0,blind_first_precommit
R021,3,CASE012659,chest_xray_triage,blind_first,1,blind_first_precommit
R021,3,CASE012660,chest_xray_triage,blind_first,1,blind_first_precommit
R021,3,CASE012661,chest_xray_triage,blind_first,1,blind_first_precommit
R021,3,CASE012662,chest_xray_triage,blind_first,1,blind_first_precommit
R021,3,CASE012663,chest_xray_triage,blind_first,1,blind_first_precommit
R021,3,CASE012664,chest_xray_triage,blind_first,0,blind_first_precommit
R021,3,CASE012665,chest_xray_triage,blind_first,0,blind_first_precommit
R021,3,CASE012666,chest_xray_triage,blind_first,1,blind_first_precommit
R021,3,CASE012667,chest_xray_triage,blind_first,1,blind_first_precommit
R021,3,CASE012668,chest_xray_triage,blind_first,1,blind_first_precommit
R021,3,CASE012669,chest_xray_triage,blind_first,1,blind_first_precommit
R021,3,CASE012670,chest_xray_triage,blind_first,1,blind_first_precommit
R021,3,CASE012671,chest_xray_triage,blind_first,1,blind_first_precommit
R021,3,CASE012672,chest_xray_triage,blind_first,0,blind_first_precommit
R021,3,CASE012673,chest_xray_triage,blind_first,1,ai_not_shown
R021,3,CASE012674,chest_xray_triage,blind_first,1,blind_first_precommit
R021,3,CASE012675,chest_xray_triage,blind_first,1,blind_first_precommit
R021,4,CASE012676,chest_xray_triage,blind_first,0,blind_first_precommit
R021,4,CASE012677,chest_xray_triage,blind_first,1,blind_first_precommit
R021,4,CASE012678,chest_xray_triage,blind_first,1,blind_first_precommit
R021,4,CASE012679,chest_xray_triage,blind_first,0,blind_first_precommit
R021,4,CASE012680,chest_xray_triage,blind_first,1,blind_first_precommit
R021,4,CASE012681,chest_xray_triage,blind_first,1,blind_first_precommit
R021,4,CASE012682,chest_xray_triage,blind_first,1,blind_first_precommit
R021,4,CASE012683,chest_xray_triage,blind_first,1,blind_first_precommit
R021,4,CASE012684,chest_xray_triage,blind_first,1,blind_first_precommit
R021,4,CASE012685,chest_xray_triage,blind_first,1,blind_first_precommit
R021,4,CASE012686,chest_xray_triage,blind_first,1,blind_first_precommit
R021,4,CASE012687,chest_xray_triage,blind_first,0,blind_first_precommit
R021,4,CASE012688,chest_xray_triage,blind_first,1,blind_first_precommit
R021,4,CASE012689,chest_xray_triage,blind_first,1,blind_first_precommit
R021,4,CASE012690,chest_xray_triage,blind_first,1,blind_first_precommit
R021,4,CASE012691,chest_xray_triage,blind_first,1,blind_first_precommit
R021,4,CASE012692,chest_xray_triage,blind_first,1,blind_first_precommit
R021,4,CASE012693,chest_xray_triage,blind_first,1,blind_first_precommit
R021,4,CASE012694,chest_xray_triage,blind_first,1,blind_first_precommit
R021,4,CASE012695,chest_xray_triage,blind_first,1,blind_first_precommit
R021,4,CASE012696,chest_xray_triage,blind_first,0,blind_first_precommit
R021,4,CASE012697,chest_xray_triage,blind_first,1,blind_first_precommit
R021,4,CASE012698,chest_xray_triage,blind_first,1,blind_first_precommit
R021,4,CASE012699,chest_xray_triage,blind_first,0,blind_first_precommit
R021,4,CASE012700,chest_xray_triage,blind_first,1,blind_first_precommit
R021,5,CASE012701,chest_xray_triage,blind_first,1,blind_first_precommit
R021,5,CASE012702,chest_xray_triage,blind_first,1,blind_first_precommit
R021,5,CASE012703,chest_xray_triage,blind_first,1,blind_first_precommit
R021,5,CASE012704,chest_xray_triage,blind_first,1,blind_first_precommit
R021,5,CASE012705,chest_xray_triage,blind_first,1,blind_first_precommit
R021,5,CASE012706,chest_xray_triage,blind_first,1,blind_first_precommit
R021,5,CASE012707,chest_xray_triage,blind_first,1,blind_first_precommit
R021,5,CASE012708,chest_xray_triage,blind_first,1,ai_not_shown
R021,5,CASE012709,chest_xray_triage,blind_first,1,blind_first_precommit
R021,5,CASE012710,chest_xray_triage,blind_first,1,blind_first_precommit
R021,5,CASE012711,chest_xray_triage,blind_first,1,blind_first_precommit
R021,5,CASE012712,chest_xray_triage,blind_first,1,blind_first_precommit
R021,5,CASE012713,chest_xray_triage,blind_first,1,blind_first_precommit
R021,5,CASE012714,chest_xray_triage,blind_first,1,blind_first_precommit
R021,5,CASE012715,chest_xray_triage,blind_first,1,blind_first_precommit
R021,5,CASE012716,chest_xray_triage,blind_first,1,blind_first_precommit
R021,5,CASE012717,chest_xray_triage,blind_first,0,blind_first_precommit
R021,5,CASE012718,chest_xray_triage,blind_first,1,ai_not_shown
R021,5,CASE012719,chest_xray_triage,blind_first,1,blind_first_precommit
R021,5,CASE012720,chest_xray_triage,blind_first,1,blind_first_precommit
R021,5,CASE012721,chest_xray_triage,blind_first,1,blind_first_precommit
R021,5,CASE012722,chest_xray_triage,blind_first,1,ai_not_shown
R021,5,CASE012723,chest_xray_triage,blind_first,1,ai_not_shown
R021,5,CASE012724,chest_xray_triage,blind_first,1,blind_first_precommit
R021,5,CASE012725,chest_xray_triage,blind_first,1,blind_first_precommit
R021,6,CASE012726,chest_xray_triage,blind_first,1,blind_first_precommit
R021,6,CASE012727,chest_xray_triage,blind_first,0,blind_first_precommit
R021,6,CASE012728,chest_xray_triage,blind_first,1,blind_first_precommit
R021,6,CASE012729,chest_xray_triage,blind_first,1,ai_not_shown
R021,6,CASE012730,chest_xray_triage,blind_first,1,blind_first_precommit
R021,6,CASE012731,chest_xray_triage,blind_first,0,blind_first_precommit
R021,6,CASE012732,chest_xray_triage,blind_first,1,blind_first_precommit
R021,6,CASE012733,chest_xray_triage,blind_first,1,blind_first_precommit
R021,6,CASE012734,chest_xray_triage,blind_first,0,blind_first_precommit
R021,6,CASE012735,chest_xray_triage,blind_first,1,blind_first_precommit
R021,6,CASE012736,chest_xray_triage,blind_first,1,blind_first_precommit
R021,6,CASE012737,chest_xray_triage,blind_first,1,ai_not_shown
R021,6,CASE012738,chest_xray_triage,blind_first,1,blind_first_precommit
R021,6,CASE012739,chest_xray_triage,blind_first,1,blind_first_precommit
R021,6,CASE012740,chest_xray_triage,blind_first,1,blind_first_precommit
R021,6,CASE012741,chest_xray_triage,blind_first,1,blind_first_precommit
R021,6,CASE012742,chest_xray_triage,blind_first,1,blind_first_precommit
R021,6,CASE012743,chest_xray_triage,blind_first,1,blind_first_precommit
R021,6,CASE012744,chest_xray_triage,blind_first,0,blind_first_precommit
R021,6,CASE012745,chest_xray_triage,blind_first,0,blind_first_precommit
R021,6,CASE012746,chest_xray_triage,blind_first,0,blind_first_precommit
R021,6,CASE012747,chest_xray_triage,blind_first,1,blind_first_precommit
R021,6,CASE012748,chest_xray_triage,blind_first,1,blind_first_precommit
R021,6,CASE012749,chest_xray_triage,blind_first,1,blind_first_precommit
R021,6,CASE012750,chest_xray_triage,blind_first,1,blind_first_precommit
R021,7,CASE012751,chest_xray_triage,blind_first,1,blind_first_precommit
R021,7,CASE012752,chest_xray_triage,blind_first,1,blind_first_precommit
R021,7,CASE012753,chest_xray_triage,blind_first,1,blind_first_precommit
R021,7,CASE012754,chest_xray_triage,blind_first,1,blind_first_precommit
R021,7,CASE012755,chest_xray_triage,blind_first,1,blind_first_precommit
R021,7,CASE012756,chest_xray_triage,blind_first,1,blind_first_precommit
R021,7,CASE012757,chest_xray_triage,blind_first,1,blind_first_precommit
R021,7,CASE012758,chest_xray_triage,blind_first,1,blind_first_precommit
R021,7,CASE012759,chest_xray_triage,blind_first,0,blind_first_precommit
R021,7,CASE012760,chest_xray_triage,blind_first,0,blind_first_precommit
R021,7,CASE012761,chest_xray_triage,blind_first,1,blind_first_precommit
R021,7,CASE012762,chest_xray_triage,blind_first,1,blind_first_precommit
R021,7,CASE012763,chest_xray_triage,blind_first,1,blind_first_precommit
R021,7,CASE012764,chest_xray_triage,blind_first,1,blind_first_precommit
R021,7,CASE012765,chest_xray_triage,blind_first,1,blind_first_precommit
R021,7,CASE012766,chest_xray_triage,blind_first,1,blind_first_precommit
R021,7,CASE012767,chest_xray_triage,blind_first,1,blind_first_precommit
R021,7,CASE012768,chest_xray_triage,blind_first,1,blind_first_precommit
R021,7,CASE012769,chest_xray_triage,blind_first,1,blind_first_precommit
R021,7,CASE012770,chest_xray_triage,blind_first,1,blind_first_precommit
R021,7,CASE012771,chest_xray_triage,blind_first,1,blind_first_precommit
R021,7,CASE012772,chest_xray_triage,blind_first,1,ai_not_shown
R021,7,CASE012773,chest_xray_triage,blind_first,1,blind_first_precommit
R021,7,CASE012774,chest_xray_triage,blind_first,0,blind_first_precommit
R021,7,CASE012775,chest_xray_triage,blind_first,0,blind_first_precommit
R021,8,CASE012776,chest_xray_triage,blind_first,0,blind_first_precommit
R021,8,CASE012777,chest_xray_triage,blind_first,1,blind_first_precommit
R021,8,CASE012778,chest_xray_triage,blind_first,1,blind_first_precommit
R021,8,CASE012779,chest_xray_triage,blind_first,1,blind_first_precommit
R021,8,CASE012780,chest_xray_triage,blind_first,1,blind_first_precommit
R021,8,CASE012781,chest_xray_triage,blind_first,1,blind_first_precommit
R021,8,CASE012782,chest_xray_triage,blind_first,0,blind_first_precommit
R021,8,CASE012783,chest_xray_triage,blind_first,1,blind_first_precommit
R021,8,CASE012784,chest_xray_triage,blind_first,1,ai_not_shown
R021,8,CASE012785,chest_xray_triage,blind_first,1,blind_first_precommit
R021,8,CASE012786,chest_xray_triage,blind_first,1,blind_first_precommit
R021,8,CASE012787,chest_xray_triage,blind_first,1,blind_first_precommit
R021,8,CASE012788,chest_xray_triage,blind_first,1,ai_not_shown
R021,8,CASE012789,chest_xray_triage,blind_first,1,blind_first_precommit
R021,8,CASE012790,chest_xray_triage,blind_first,1,blind_first_precommit
R021,8,CASE012791,chest_xray_triage,blind_first,1,blind_first_precommit
R021,8,CASE012792,chest_xray_triage,blind_first,1,blind_first_precommit
R021,8,CASE012793,chest_xray_triage,blind_first,1,blind_first_precommit
R021,8,CASE012794,chest_xray_triage,blind_first,1,blind_first_precommit
R021,8,CASE012795,chest_xray_triage,blind_first,1,blind_first_precommit
R021,8,CASE012796,chest_xray_triage,blind_first,1,blind_first_precommit
R021,8,CASE012797,chest_xray_triage,blind_first,1,blind_first_precommit
R021,8,CASE012798,chest_xray_triage,blind_first,0,blind_first_precommit
R021,8,CASE012799,chest_xray_triage,blind_first,0,blind_first_precommit
R021,8,CASE012800,chest_xray_triage,blind_first,1,blind_first_precommit
R021,9,CASE012801,chest_xray_triage,blind_first,1,blind_first_precommit
R021,9,CASE012802,chest_xray_triage,blind_first,1,blind_first_precommit
R021,9,CASE012803,chest_xray_triage,blind_first,1,blind_first_precommit
R021,9,CASE012804,chest_xray_triage,blind_first,0,blind_first_precommit
R021,9,CASE012805,chest_xray_triage,blind_first,1,blind_first_precommit
R021,9,CASE012806,chest_xray_triage,blind_first,1,blind_first_precommit
R021,9,CASE012807,chest_xray_triage,blind_first,1,blind_first_precommit
R021,9,CASE012808,chest_xray_triage,blind_first,1,blind_first_precommit
R021,9,CASE012809,chest_xray_triage,blind_first,1,blind_first_precommit
R021,9,CASE012810,chest_xray_triage,blind_first,1,blind_first_precommit
R021,9,CASE012811,chest_xray_triage,blind_first,1,blind_first_precommit
R021,9,CASE012812,chest_xray_triage,blind_first,1,blind_first_precommit
R021,9,CASE012813,chest_xray_triage,blind_first,0,blind_first_precommit
R021,9,CASE012814,chest_xray_triage,blind_first,1,blind_first_precommit
R021,9,CASE012815,chest_xray_triage,blind_first,1,blind_first_precommit
R021,9,CASE012816,chest_xray_triage,blind_first,1,blind_first_precommit
R021,9,CASE012817,chest_xray_triage,blind_first,1,blind_first_precommit
R021,9,CASE012818,chest_xray_triage,blind_first,1,blind_first_precommit
R021,9,CASE012819,chest_xray_triage,blind_first,1,blind_first_precommit
R021,9,CASE012820,chest_xray_triage,blind_first,0,blind_first_precommit
R021,9,CASE012821,chest_xray_triage,blind_first,1,blind_first_precommit
R021,9,CASE012822,chest_xray_triage,blind_first,1,blind_first_precommit
R021,9,CASE012823,chest_xray_triage,blind_first,1,blind_first_precommit
R021,9,CASE012824,chest_xray_triage,blind_first,1,blind_first_precommit
R021,9,CASE012825,chest_xray_triage,blind_first,1,blind_first_precommit
R021,10,CASE012826,chest_xray_triage,blind_first,1,blind_first_precommit
R021,10,CASE012827,chest_xray_triage,blind_first,1,blind_first_precommit
R021,10,CASE012828,chest_xray_triage,blind_first,1,blind_first_precommit
R021,10,CASE012829,chest_xray_triage,blind_first,1,blind_first_precommit
R021,10,CASE012830,chest_xray_triage,blind_first,1,blind_first_precommit
R021,10,CASE012831,chest_xray_triage,blind_first,1,blind_first_precommit
R021,10,CASE012832,chest_xray_triage,blind_first,0,ai_not_shown
R021,10,CASE012833,chest_xray_triage,blind_first,0,blind_first_precommit
R021,10,CASE012834,chest_xray_triage,blind_first,1,blind_first_precommit
R021,10,CASE012835,chest_xray_triage,blind_first,1,blind_first_precommit
R021,10,CASE012836,chest_xray_triage,blind_first,1,blind_first_precommit
R021,10,CASE012837,chest_xray_triage,blind_first,1,blind_first_precommit
R021,10,CASE012838,chest_xray_triage,blind_first,1,blind_first_precommit
R021,10,CASE012839,chest_xray_triage,blind_first,1,blind_first_precommit
R021,10,CASE012840,chest_xray_triage,blind_first,1,blind_first_precommit
R021,10,CASE012841,chest_xray_triage,blind_first,1,blind_first_precommit
R021,10,CASE012842,chest_xray_triage,blind_first,1,blind_first_precommit
R021,10,CASE012843,chest_xray_triage,blind_first,1,blind_first_precommit
R021,10,CASE012844,chest_xray_triage,blind_first,1,blind_first_precommit
R021,10,CASE012845,chest_xray_triage,blind_first,1,blind_first_precommit
R021,10,CASE012846,chest_xray_triage,blind_first,1,blind_first_precommit
R021,10,CASE012847,chest_xray_triage,blind_first,1,blind_first_precommit
R021,10,CASE012848,chest_xray_triage,blind_first,1,ai_not_shown
R021,10,CASE012849,chest_xray_triage,blind_first,1,blind_first_precommit
R021,10,CASE012850,chest_xray_triage,blind_first,1,blind_first_precommit
R021,11,CASE012851,chest_xray_triage,blind_first,1,blind_first_precommit
R021,11,CASE012852,chest_xray_triage,blind_first,1,blind_first_precommit
R021,11,CASE012853,chest_xray_triage,blind_first,1,blind_first_precommit
R021,11,CASE012854,chest_xray_triage,blind_first,0,blind_first_precommit
R021,11,CASE012855,chest_xray_triage,blind_first,1,blind_first_precommit
R021,11,CASE012856,chest_xray_triage,blind_first,0,blind_first_precommit
R021,11,CASE012857,chest_xray_triage,blind_first,0,blind_first_precommit
R021,11,CASE012858,chest_xray_triage,blind_first,1,blind_first_precommit
R021,11,CASE012859,chest_xray_triage,blind_first,1,blind_first_precommit
R021,11,CASE012860,chest_xray_triage,blind_first,1,blind_first_precommit
R021,11,CASE012861,chest_xray_triage,blind_first,1,blind_first_precommit
R021,11,CASE012862,chest_xray_triage,blind_first,1,blind_first_precommit
R021,11,CASE012863,chest_xray_triage,blind_first,1,blind_first_precommit
R021,11,CASE012864,chest_xray_triage,blind_first,1,blind_first_precommit
R021,11,CASE012865,chest_xray_triage,blind_first,0,blind_first_precommit
R021,11,CASE012866,chest_xray_triage,blind_first,0,blind_first_precommit
R021,11,CASE012867,chest_xray_triage,blind_first,1,blind_first_precommit
R021,11,CASE012868,chest_xray_triage,blind_first,1,ai_not_shown
R021,11,CASE012869,chest_xray_triage,blind_first,1,blind_first_precommit
R021,11,CASE012870,chest_xray_triage,blind_first,1,blind_first_precommit
R021,11,CASE012871,chest_xray_triage,blind_first,1,ai_not_shown
R021,11,CASE012872,chest_xray_triage,blind_first,1,blind_first_precommit
R021,11,CASE012873,chest_xray_triage,blind_first,0,blind_first_precommit
R021,11,CASE012874,chest_xray_triage,blind_first,1,blind_first_precommit
R021,11,CASE012875,chest_xray_triage,blind_first,1,blind_first_precommit
R021,12,CASE012876,chest_xray_triage,blind_first,1,blind_first_precommit
R021,12,CASE012877,chest_xray_triage,blind_first,1,blind_first_precommit
R021,12,CASE012878,chest_xray_triage,blind_first,1,blind_first_precommit
R021,12,CASE012879,chest_xray_triage,blind_first,1,blind_first_precommit
R021,12,CASE012880,chest_xray_triage,blind_first,1,blind_first_precommit
R021,12,CASE012881,chest_xray_triage,blind_first,1,blind_first_precommit
R021,12,CASE012882,chest_xray_triage,blind_first,1,blind_first_precommit
R021,12,CASE012883,chest_xray_triage,blind_first,1,blind_first_precommit
R021,12,CASE012884,chest_xray_triage,blind_first,1,blind_first_precommit
R021,12,CASE012885,chest_xray_triage,blind_first,1,blind_first_precommit
R021,12,CASE012886,chest_xray_triage,blind_first,1,blind_first_precommit
R021,12,CASE012887,chest_xray_triage,blind_first,1,blind_first_precommit
R021,12,CASE012888,chest_xray_triage,blind_first,1,blind_first_precommit
R021,12,CASE012889,chest_xray_triage,blind_first,1,blind_first_precommit
R021,12,CASE012890,chest_xray_triage,blind_first,0,blind_first_precommit
R021,12,CASE012891,chest_xray_triage,blind_first,1,blind_first_precommit
R021,12,CASE012892,chest_xray_triage,blind_first,1,blind_first_precommit
R021,12,CASE012893,chest_xray_triage,blind_first,1,blind_first_precommit
R021,12,CASE012894,chest_xray_triage,blind_first,1,blind_first_precommit
R021,12,CASE012895,chest_xray_triage,blind_first,1,blind_first_precommit
R021,12,CASE012896,chest_xray_triage,blind_first,1,blind_first_precommit
R021,12,CASE012897,chest_xray_triage,blind_first,1,blind_first_precommit
R021,12,CASE012898,chest_xray_triage,blind_first,1,blind_first_precommit
R021,12,CASE012899,chest_xray_triage,blind_first,1,blind_first_precommit
R021,12,CASE012900,chest_xray_triage,blind_first,1,blind_first_precommit
R021,13,CASE012901,chest_xray_triage,blind_first,1,blind_first_precommit
R021,13,CASE012902,chest_xray_triage,blind_first,1,blind_first_precommit
R021,13,CASE012903,chest_xray_triage,blind_first,1,blind_first_precommit
R021,13,CASE012904,chest_xray_triage,blind_first,1,blind_first_precommit
R021,13,CASE012905,chest_xray_triage,blind_first,1,blind_first_precommit
R021,13,CASE012906,chest_xray_triage,blind_first,1,blind_first_precommit
R021,13,CASE012907,chest_xray_triage,blind_first,1,blind_first_precommit
R021,13,CASE012908,chest_xray_triage,blind_first,1,blind_first_precommit
R021,13,CASE012909,chest_xray_triage,blind_first,1,blind_first_precommit
R021,13,CASE012910,chest_xray_triage,blind_first,1,blind_first_precommit
R021,13,CASE012911,chest_xray_triage,blind_first,1,blind_first_precommit
R021,13,CASE012912,chest_xray_triage,blind_first,1,ai_not_shown
R021,13,CASE012913,chest_xray_triage,blind_first,1,blind_first_precommit
R021,13,CASE012914,chest_xray_triage,blind_first,0,blind_first_precommit
R021,13,CASE012915,chest_xray_triage,blind_first,0,blind_first_precommit
R021,13,CASE012916,chest_xray_triage,blind_first,1,blind_first_precommit
R021,13,CASE012917,chest_xray_triage,blind_first,1,blind_first_precommit
R021,13,CASE012918,chest_xray_triage,blind_first,1,blind_first_precommit
R021,13,CASE012919,chest_xray_triage,blind_first,1,blind_first_precommit
R021,13,CASE012920,chest_xray_triage,blind_first,1,blind_first_precommit
R021,13,CASE012921,chest_xray_triage,blind_first,0,ai_not_shown
R021,13,CASE012922,chest_xray_triage,blind_first,1,blind_first_precommit
R021,13,CASE012923,chest_xray_triage,blind_first,1,blind_first_precommit
R021,13,CASE012924,chest_xray_triage,blind_first,1,blind_first_precommit
R021,13,CASE012925,chest_xray_triage,blind_first,1,blind_first_precommit
R021,14,CASE012926,chest_xray_triage,blind_first,1,blind_first_precommit
R021,14,CASE012927,chest_xray_triage,blind_first,0,blind_first_precommit
R021,14,CASE012928,chest_xray_triage,blind_first,1,blind_first_precommit
R021,14,CASE012929,chest_xray_triage,blind_first,1,blind_first_precommit
R021,14,CASE012930,chest_xray_triage,blind_first,0,blind_first_precommit
R021,14,CASE012931,chest_xray_triage,blind_first,0,blind_first_precommit
R021,14,CASE012932,chest_xray_triage,blind_first,1,blind_first_precommit
R021,14,CASE012933,chest_xray_triage,blind_first,1,blind_first_precommit
R021,14,CASE012934,chest_xray_triage,blind_first,1,blind_first_precommit
R021,14,CASE012935,chest_xray_triage,blind_first,0,blind_first_precommit
R021,14,CASE012936,chest_xray_triage,blind_first,1,blind_first_precommit
R021,14,CASE012937,chest_xray_triage,blind_first,0,blind_first_precommit
R021,14,CASE012938,chest_xray_triage,blind_first,1,blind_first_precommit
R021,14,CASE012939,chest_xray_triage,blind_first,1,blind_first_precommit
R021,14,CASE012940,chest_xray_triage,blind_first,0,blind_first_precommit
R021,14,CASE012941,chest_xray_triage,blind_first,0,blind_first_precommit
R021,14,CASE012942,chest_xray_triage,blind_first,1,blind_first_precommit
R021,14,CASE012943,chest_xray_triage,blind_first,1,ai_not_shown
R021,14,CASE012944,chest_xray_triage,blind_first,1,ai_not_shown
R021,14,CASE012945,chest_xray_triage,blind_first,1,blind_first_precommit
R021,14,CASE012946,chest_xray_triage,blind_first,1,blind_first_precommit
R021,14,CASE012947,chest_xray_triage,blind_first,1,blind_first_precommit
R021,14,CASE012948,chest_xray_triage,blind_first,1,blind_first_precommit
R021,14,CASE012949,chest_xray_triage,blind_first,1,blind_first_precommit
R021,14,CASE012950,chest_xray_triage,blind_first,1,blind_first_precommit
R021,15,CASE012951,chest_xray_triage,blind_first,0,blind_first_precommit
R021,15,CASE012952,chest_xray_triage,blind_first,1,blind_first_precommit
R021,15,CASE012953,chest_xray_triage,blind_first,1,blind_first_precommit
R021,15,CASE012954,chest_xray_triage,blind_first,1,blind_first_precommit
R021,15,CASE012955,chest_xray_triage,blind_first,1,blind_first_precommit
R021,15,CASE012956,chest_xray_triage,blind_first,1,blind_first_precommit
R021,15,CASE012957,chest_xray_triage,blind_first,1,blind_first_precommit
R021,15,CASE012958,chest_xray_triage,blind_first,1,ai_not_shown
R021,15,CASE012959,chest_xray_triage,blind_first,1,blind_first_precommit
R021,15,CASE012960,chest_xray_triage,blind_first,1,blind_first_precommit
R021,15,CASE012961,chest_xray_triage,blind_first,1,blind_first_precommit
R021,15,CASE012962,chest_xray_triage,blind_first,1,blind_first_precommit
R021,15,CASE012963,chest_xray_triage,blind_first,1,blind_first_precommit
R021,15,CASE012964,chest_xray_triage,blind_first,0,blind_first_precommit
R021,15,CASE012965,chest_xray_triage,blind_first,1,blind_first_precommit
R021,15,CASE012966,chest_xray_triage,blind_first,1,blind_first_precommit
R021,15,CASE012967,chest_xray_triage,blind_first,1,blind_first_precommit
R021,15,CASE012968,chest_xray_triage,blind_first,1,blind_first_precommit
R021,15,CASE012969,chest_xray_triage,blind_first,1,blind_first_precommit
R021,15,CASE012970,chest_xray_triage,blind_first,0,blind_first_precommit
R021,15,CASE012971,chest_xray_triage,blind_first,1,blind_first_precommit
R021,15,CASE012972,chest_xray_triage,blind_first,1,blind_first_precommit
R021,15,CASE012973,chest_xray_triage,blind_first,1,blind_first_precommit
R021,15,CASE012974,chest_xray_triage,blind_first,1,blind_first_precommit
R021,15,CASE012975,chest_xray_triage,blind_first,1,blind_first_precommit
R021,16,CASE012976,chest_xray_triage,blind_first,1,blind_first_precommit
R021,16,CASE012977,chest_xray_triage,blind_first,1,blind_first_precommit
R021,16,CASE012978,chest_xray_triage,blind_first,1,blind_first_precommit
R021,16,CASE012979,chest_xray_triage,blind_first,0,blind_first_precommit
R021,16,CASE012980,chest_xray_triage,blind_first,1,blind_first_precommit
R021,16,CASE012981,chest_xray_triage,blind_first,1,blind_first_precommit
R021,16,CASE012982,chest_xray_triage,blind_first,0,blind_first_precommit
R021,16,CASE012983,chest_xray_triage,blind_first,0,blind_first_precommit
R021,16,CASE012984,chest_xray_triage,blind_first,1,blind_first_precommit
R021,16,CASE012985,chest_xray_triage,blind_first,1,blind_first_precommit
R021,16,CASE012986,chest_xray_triage,blind_first,1,blind_first_precommit
R021,16,CASE012987,chest_xray_triage,blind_first,0,blind_first_precommit
R021,16,CASE012988,chest_xray_triage,blind_first,1,blind_first_precommit
R021,16,CASE012989,chest_xray_triage,blind_first,1,blind_first_precommit
R021,16,CASE012990,chest_xray_triage,blind_first,1,blind_first_precommit
R021,16,CASE012991,chest_xray_triage,blind_first,1,blind_first_precommit
R021,16,CASE012992,chest_xray_triage,blind_first,0,blind_first_precommit
R021,16,CASE012993,chest_xray_triage,blind_first,0,blind_first_precommit
R021,16,CASE012994,chest_xray_triage,blind_first,1,blind_first_precommit
R021,16,CASE012995,chest_xray_triage,blind_first,0,blind_first_precommit
R021,16,CASE012996,chest_xray_triage,blind_first,1,blind_first_precommit
R021,16,CASE012997,chest_xray_triage,blind_first,1,blind_first_precommit
R021,16,CASE012998,chest_xray_triage,blind_first,1,blind_first_precommit
R021,16,CASE012999,chest_xray_triage,blind_first,1,blind_first_precommit
R021,16,CASE013000,chest_xray_triage,blind_first,1,blind_first_precommit
R021,17,CASE013001,chest_xray_triage,blind_first,1,blind_first_precommit
R021,17,CASE013002,chest_xray_triage,blind_first,1,blind_first_precommit
R021,17,CASE013003,chest_xray_triage,blind_first,1,blind_first_precommit
R021,17,CASE013004,chest_xray_triage,blind_first,1,blind_first_precommit
R021,17,CASE013005,chest_xray_triage,blind_first,1,blind_first_precommit
R021,17,CASE013006,chest_xray_triage,blind_first,1,blind_first_precommit
R021,17,CASE013007,chest_xray_triage,blind_first,1,blind_first_precommit
R021,17,CASE013008,chest_xray_triage,blind_first,0,blind_first_precommit
R021,17,CASE013009,chest_xray_triage,blind_first,1,blind_first_precommit
R021,17,CASE013010,chest_xray_triage,blind_first,1,blind_first_precommit
R021,17,CASE013011,chest_xray_triage,blind_first,1,blind_first_precommit
R021,17,CASE013012,chest_xray_triage,blind_first,1,blind_first_precommit
R021,17,CASE013013,chest_xray_triage,blind_first,1,blind_first_precommit
R021,17,CASE013014,chest_xray_triage,blind_first,1,blind_first_precommit
R021,17,CASE013015,chest_xray_triage,blind_first,1,blind_first_precommit
R021,17,CASE013016,chest_xray_triage,blind_first,1,ai_not_shown
R021,17,CASE013017,chest_xray_triage,blind_first,1,blind_first_precommit
R021,17,CASE013018,chest_xray_triage,blind_first,1,blind_first_precommit
R021,17,CASE013019,chest_xray_triage,blind_first,1,blind_first_precommit
R021,17,CASE013020,chest_xray_triage,blind_first,0,blind_first_precommit
R021,17,CASE013021,chest_xray_triage,blind_first,1,blind_first_precommit
R021,17,CASE013022,chest_xray_triage,blind_first,1,blind_first_precommit
R021,17,CASE013023,chest_xray_triage,blind_first,1,blind_first_precommit
R021,17,CASE013024,chest_xray_triage,blind_first,1,blind_first_precommit
R021,17,CASE013025,chest_xray_triage,blind_first,0,blind_first_precommit
R021,18,CASE013026,chest_xray_triage,blind_first,1,ai_not_shown
R021,18,CASE013027,chest_xray_triage,blind_first,1,blind_first_precommit
R021,18,CASE013028,chest_xray_triage,blind_first,1,blind_first_precommit
R021,18,CASE013029,chest_xray_triage,blind_first,0,ai_not_shown
R021,18,CASE013030,chest_xray_triage,blind_first,1,blind_first_precommit
R021,18,CASE013031,chest_xray_triage,blind_first,1,blind_first_precommit
R021,18,CASE013032,chest_xray_triage,blind_first,1,blind_first_precommit
R021,18,CASE013033,chest_xray_triage,blind_first,1,blind_first_precommit
R021,18,CASE013034,chest_xray_triage,blind_first,1,blind_first_precommit
R021,18,CASE013035,chest_xray_triage,blind_first,1,blind_first_precommit
R021,18,CASE013036,chest_xray_triage,blind_first,0,blind_first_precommit
R021,18,CASE013037,chest_xray_triage,blind_first,1,blind_first_precommit
R021,18,CASE013038,chest_xray_triage,blind_first,1,blind_first_precommit
R021,18,CASE013039,chest_xray_triage,blind_first,0,blind_first_precommit
R021,18,CASE013040,chest_xray_triage,blind_first,1,blind_first_precommit
R021,18,CASE013041,chest_xray_triage,blind_first,0,blind_first_precommit
R021,18,CASE013042,chest_xray_triage,blind_first,1,blind_first_precommit
R021,18,CASE013043,chest_xray_triage,blind_first,1,blind_first_precommit
R021,18,CASE013044,chest_xray_triage,blind_first,1,ai_not_shown
R021,18,CASE013045,chest_xray_triage,blind_first,1,blind_first_precommit
R021,18,CASE013046,chest_xray_triage,blind_first,1,blind_first_precommit
R021,18,CASE013047,chest_xray_triage,blind_first,1,blind_first_precommit
R021,18,CASE013048,chest_xray_triage,blind_first,1,blind_first_precommit
R021,18,CASE013049,chest_xray_triage,blind_first,1,blind_first_precommit
R021,18,CASE013050,chest_xray_triage,blind_first,1,blind_first_precommit
R021,19,CASE013051,chest_xray_triage,blind_first,1,blind_first_precommit
R021,19,CASE013052,chest_xray_triage,blind_first,1,blind_first_precommit
R021,19,CASE013053,chest_xray_triage,blind_first,1,blind_first_precommit
R021,19,CASE013054,chest_xray_triage,blind_first,1,blind_first_precommit
R021,19,CASE013055,chest_xray_triage,blind_first,1,ai_not_shown
R021,19,CASE013056,chest_xray_triage,blind_first,1,blind_first_precommit
R021,19,CASE013057,chest_xray_triage,blind_first,1,blind_first_precommit
R021,19,CASE013058,chest_xray_triage,blind_first,1,blind_first_precommit
R021,19,CASE013059,chest_xray_triage,blind_first,1,blind_first_precommit
R021,19,CASE013060,chest_xray_triage,blind_first,1,blind_first_precommit
R021,19,CASE013061,chest_xray_triage,blind_first,0,blind_first_precommit
R021,19,CASE013062,chest_xray_triage,blind_first,1,blind_first_precommit
R021,19,CASE013063,chest_xray_triage,blind_first,1,blind_first_precommit
R021,19,CASE013064,chest_xray_triage,blind_first,1,blind_first_precommit
R021,19,CASE013065,chest_xray_triage,blind_first,1,ai_not_shown
R021,19,CASE013066,chest_xray_triage,blind_first,1,blind_first_precommit
R021,19,CASE013067,chest_xray_triage,blind_first,1,blind_first_precommit
R021,19,CASE013068,chest_xray_triage,blind_first,1,blind_first_precommit
R021,19,CASE013069,chest_xray_triage,blind_first,1,ai_not_shown
R021,19,CASE013070,chest_xray_triage,blind_first,1,blind_first_precommit
R021,19,CASE013071,chest_xray_triage,blind_first,1,ai_not_shown
R021,19,CASE013072,chest_xray_triage,blind_first,1,blind_first_precommit
R021,19,CASE013073,chest_xray_triage,blind_first,1,blind_first_precommit
R021,19,CASE013074,chest_xray_triage,blind_first,1,blind_first_precommit
R021,19,CASE013075,chest_xray_triage,blind_first,1,blind_first_precommit
R021,20,CASE013076,chest_xray_triage,blind_first,1,blind_first_precommit
R021,20,CASE013077,chest_xray_triage,blind_first,1,blind_first_precommit
R021,20,CASE013078,chest_xray_triage,blind_first,1,blind_first_precommit
R021,20,CASE013079,chest_xray_triage,blind_first,1,blind_first_precommit
R021,20,CASE013080,chest_xray_triage,blind_first,1,blind_first_precommit
R021,20,CASE013081,chest_xray_triage,blind_first,1,blind_first_precommit
R021,20,CASE013082,chest_xray_triage,blind_first,1,blind_first_precommit
R021,20,CASE013083,chest_xray_triage,blind_first,1,blind_first_precommit
R021,20,CASE013084,chest_xray_triage,blind_first,1,blind_first_precommit
R021,20,CASE013085,chest_xray_triage,blind_first,1,blind_first_precommit
R021,20,CASE013086,chest_xray_triage,blind_first,1,blind_first_precommit
R021,20,CASE013087,chest_xray_triage,blind_first,1,blind_first_precommit
R021,20,CASE013088,chest_xray_triage,blind_first,0,blind_first_precommit
R021,20,CASE013089,chest_xray_triage,blind_first,1,blind_first_precommit
R021,20,CASE013090,chest_xray_triage,blind_first,1,blind_first_precommit
R021,20,CASE013091,chest_xray_triage,blind_first,0,blind_first_precommit
R021,20,CASE013092,chest_xray_triage,blind_first,1,blind_first_precommit
R021,20,CASE013093,chest_xray_triage,blind_first,1,blind_first_precommit
R021,20,CASE013094,chest_xray_triage,blind_first,1,blind_first_precommit
R021,20,CASE013095,chest_xray_triage,blind_first,1,blind_first_precommit
R021,20,CASE013096,chest_xray_triage,blind_first,1,blind_first_precommit
R021,20,CASE013097,chest_xray_triage,blind_first,1,blind_first_precommit
R021,20,CASE013098,chest_xray_triage,blind_first,1,blind_first_precommit
R021,20,CASE013099,chest_xray_triage,blind_first,1,ai_not_shown
R021,20,CASE013100,chest_xray_triage,blind_first,0,blind_first_precommit
R021,21,CASE013101,chest_xray_triage,blind_first,1,blind_first_precommit
R021,21,CASE013102,chest_xray_triage,blind_first,0,blind_first_precommit
R021,21,CASE013103,chest_xray_triage,blind_first,1,blind_first_precommit
R021,21,CASE013104,chest_xray_triage,blind_first,1,blind_first_precommit
R021,21,CASE013105,chest_xray_triage,blind_first,1,blind_first_precommit
R021,21,CASE013106,chest_xray_triage,blind_first,1,blind_first_precommit
R021,21,CASE013107,chest_xray_triage,blind_first,1,blind_first_precommit
R021,21,CASE013108,chest_xray_triage,blind_first,1,blind_first_precommit
R021,21,CASE013109,chest_xray_triage,blind_first,1,blind_first_precommit
R021,21,CASE013110,chest_xray_triage,blind_first,1,blind_first_precommit
R021,21,CASE013111,chest_xray_triage,blind_first,1,blind_first_precommit
R021,21,CASE013112,chest_xray_triage,blind_first,1,blind_first_precommit
R021,21,CASE013113,chest_xray_triage,blind_first,1,blind_first_precommit
R021,21,CASE013114,chest_xray_triage,blind_first,1,blind_first_precommit
R021,21,CASE013115,chest_xray_triage,blind_first,1,blind_first_precommit
R021,21,CASE013116,chest_xray_triage,blind_first,1,blind_first_precommit
R021,21,CASE013117,chest_xray_triage,blind_first,1,blind_first_precommit
R021,21,CASE013118,chest_xray_triage,blind_first,1,blind_first_precommit
R021,21,CASE013119,chest_xray_triage,blind_first,1,blind_first_precommit
R021,21,CASE013120,chest_xray_triage,blind_first,1,blind_first_precommit
R021,21,CASE013121,chest_xray_triage,blind_first,1,blind_first_precommit
R021,21,CASE013122,chest_xray_triage,blind_first,0,blind_first_precommit
R021,21,CASE013123,chest_xray_triage,blind_first,1,blind_first_precommit
R021,21,CASE013124,chest_xray_triage,blind_first,1,blind_first_precommit
R021,21,CASE013125,chest_xray_triage,blind_first,1,blind_first_precommit
R021,22,CASE013126,chest_xray_triage,blind_first,1,blind_first_precommit
R021,22,CASE013127,chest_xray_triage,blind_first,1,blind_first_precommit
R021,22,CASE013128,chest_xray_triage,blind_first,1,blind_first_precommit
R021,22,CASE013129,chest_xray_triage,blind_first,1,blind_first_precommit
R021,22,CASE013130,chest_xray_triage,blind_first,1,blind_first_precommit
R021,22,CASE013131,chest_xray_triage,blind_first,1,blind_first_precommit
R021,22,CASE013132,chest_xray_triage,blind_first,1,blind_first_precommit
R021,22,CASE013133,chest_xray_triage,blind_first,0,blind_first_precommit
R021,22,CASE013134,chest_xray_triage,blind_first,1,blind_first_precommit
R021,22,CASE013135,chest_xray_triage,blind_first,1,blind_first_precommit
R021,22,CASE013136,chest_xray_triage,blind_first,1,blind_first_precommit
R021,22,CASE013137,chest_xray_triage,blind_first,1,blind_first_precommit
R021,22,CASE013138,chest_xray_triage,blind_first,1,blind_first_precommit
R021,22,CASE013139,chest_xray_triage,blind_first,1,blind_first_precommit
R021,22,CASE013140,chest_xray_triage,blind_first,1,blind_first_precommit
R021,22,CASE013141,chest_xray_triage,blind_first,1,blind_first_precommit
R021,22,CASE013142,chest_xray_triage,blind_first,1,blind_first_precommit
R021,22,CASE013143,chest_xray_triage,blind_first,1,blind_first_precommit
R021,22,CASE013144,chest_xray_triage,blind_first,1,ai_not_shown
R021,22,CASE013145,chest_xray_triage,blind_first,0,blind_first_precommit
R021,22,CASE013146,chest_xray_triage,blind_first,1,blind_first_precommit
R021,22,CASE013147,chest_xray_triage,blind_first,1,blind_first_precommit
R021,22,CASE013148,chest_xray_triage,blind_first,1,blind_first_precommit
R021,22,CASE013149,chest_xray_triage,blind_first,1,blind_first_precommit
R021,22,CASE013150,chest_xray_triage,blind_first,1,blind_first_precommit
R021,23,CASE013151,chest_xray_triage,blind_first,1,blind_first_precommit
R021,23,CASE013152,chest_xray_triage,blind_first,1,blind_first_precommit
R021,23,CASE013153,chest_xray_triage,blind_first,1,blind_first_precommit
R021,23,CASE013154,chest_xray_triage,blind_first,1,blind_first_precommit
R021,23,CASE013155,chest_xray_triage,blind_first,0,blind_first_precommit
R021,23,CASE013156,chest_xray_triage,blind_first,1,blind_first_precommit
R021,23,CASE013157,chest_xray_triage,blind_first,1,blind_first_precommit
R021,23,CASE013158,chest_xray_triage,blind_first,1,blind_first_precommit
R021,23,CASE013159,chest_xray_triage,blind_first,1,blind_first_precommit
R021,23,CASE013160,chest_xray_triage,blind_first,1,blind_first_precommit
R021,23,CASE013161,chest_xray_triage,blind_first,1,blind_first_precommit
R021,23,CASE013162,chest_xray_triage,blind_first,1,blind_first_precommit
R021,23,CASE013163,chest_xray_triage,blind_first,1,blind_first_precommit
R021,23,CASE013164,chest_xray_triage,blind_first,1,blind_first_precommit
R021,23,CASE013165,chest_xray_triage,blind_first,1,blind_first_precommit
R021,23,CASE013166,chest_xray_triage,blind_first,1,blind_first_precommit
R021,23,CASE013167,chest_xray_triage,blind_first,1,blind_first_precommit
R021,23,CASE013168,chest_xray_triage,blind_first,1,blind_first_precommit
R021,23,CASE013169,chest_xray_triage,blind_first,1,ai_not_shown
R021,23,CASE013170,chest_xray_triage,blind_first,1,blind_first_precommit
R021,23,CASE013171,chest_xray_triage,blind_first,1,blind_first_precommit
R021,23,CASE013172,chest_xray_triage,blind_first,1,blind_first_precommit
R021,23,CASE013173,chest_xray_triage,blind_first,1,blind_first_precommit
R021,23,CASE013174,chest_xray_triage,blind_first,1,blind_first_precommit
R021,23,CASE013175,chest_xray_triage,blind_first,1,blind_first_precommit
R021,24,CASE013176,chest_xray_triage,blind_first,0,blind_first_precommit
R021,24,CASE013177,chest_xray_triage,blind_first,1,blind_first_precommit
R021,24,CASE013178,chest_xray_triage,blind_first,1,blind_first_precommit
R021,24,CASE013179,chest_xray_triage,blind_first,1,blind_first_precommit
R021,24,CASE013180,chest_xray_triage,blind_first,1,blind_first_precommit
R021,24,CASE013181,chest_xray_triage,blind_first,1,blind_first_precommit
R021,24,CASE013182,chest_xray_triage,blind_first,1,blind_first_precommit
R021,24,CASE013183,chest_xray_triage,blind_first,1,blind_first_precommit
R021,24,CASE013184,chest_xray_triage,blind_first,1,blind_first_precommit
R021,24,CASE013185,chest_xray_triage,blind_first,1,blind_first_precommit
R021,24,CASE013186,chest_xray_triage,blind_first,1,blind_first_precommit
R021,24,CASE013187,chest_xray_triage,blind_first,1,blind_first_precommit
R021,24,CASE013188,chest_xray_triage,blind_first,1,ai_not_shown
R021,24,CASE013189,chest_xray_triage,blind_first,1,blind_first_precommit
R021,24,CASE013190,chest_xray_triage,blind_first,1,blind_first_precommit
R021,24,CASE013191,chest_xray_triage,blind_first,1,ai_not_shown
R021,24,CASE013192,chest_xray_triage,blind_first,1,blind_first_precommit
R021,24,CASE013193,chest_xray_triage,blind_first,1,blind_first_precommit
R021,24,CASE013194,chest_xray_triage,blind_first,1,blind_first_precommit
R021,24,CASE013195,chest_xray_triage,blind_first,1,blind_first_precommit
R021,24,CASE013196,chest_xray_triage,blind_first,1,blind_first_precommit
R021,24,CASE013197,chest_xray_triage,blind_first,1,blind_first_precommit
R021,24,CASE013198,chest_xray_triage,blind_first,1,ai_not_shown
R021,24,CASE013199,chest_xray_triage,blind_first,1,blind_first_precommit
R021,24,CASE013200,chest_xray_triage,blind_first,1,blind_first_precommit
R022,1,CASE013201,chest_xray_triage,withheld_ai,1,ai_not_shown
R022,1,CASE013202,chest_xray_triage,withheld_ai,1,ai_not_shown
R022,1,CASE013203,chest_xray_triage,withheld_ai,1,ai_not_shown
R022,1,CASE013204,chest_xray_triage,withheld_ai,1,ai_not_shown
R022,1,CASE013205,chest_xray_triage,withheld_ai,1,ai_not_shown
R022,2,CASE013231,chest_xray_triage,withheld_ai,0,ai_not_shown
R022,2,CASE013234,chest_xray_triage,withheld_ai,1,ai_not_shown
R022,2,CASE013239,chest_xray_triage,withheld_ai,1,ai_not_shown
R022,2,CASE013244,chest_xray_triage,withheld_ai,1,ai_not_shown
R022,2,CASE013246,chest_xray_triage,withheld_ai,1,ai_not_shown
R022,3,CASE013258,chest_xray_triage,withheld_ai,1,ai_not_shown
R022,3,CASE013263,chest_xray_triage,withheld_ai,1,ai_not_shown
R022,3,CASE013269,chest_xray_triage,withheld_ai,1,ai_not_shown
R022,4,CASE013278,chest_xray_triage,withheld_ai,1,ai_not_shown
R022,4,CASE013282,chest_xray_triage,withheld_ai,1,ai_not_shown
R022,4,CASE013286,chest_xray_triage,withheld_ai,1,ai_not_shown
R022,4,CASE013287,chest_xray_triage,withheld_ai,0,ai_not_shown
R022,4,CASE013299,chest_xray_triage,withheld_ai,1,ai_not_shown
R022,5,CASE013304,chest_xray_triage,withheld_ai,1,ai_not_shown
R022,5,CASE013305,chest_xray_triage,withheld_ai,1,ai_not_shown
R022,5,CASE013306,chest_xray_triage,withheld_ai,1,ai_not_shown
R022,5,CASE013314,chest_xray_triage,withheld_ai,1,ai_not_shown
R022,6,CASE013330,chest_xray_triage,withheld_ai,0,ai_not_shown
R022,6,CASE013332,chest_xray_triage,withheld_ai,1,ai_not_shown
R022,6,CASE013337,chest_xray_triage,withheld_ai,1,ai_not_shown
R022,6,CASE013348,chest_xray_triage,withheld_ai,1,ai_not_shown
R022,6,CASE013349,chest_xray_triage,withheld_ai,1,ai_not_shown
R022,7,CASE013357,chest_xray_triage,withheld_ai,1,ai_not_shown
R022,7,CASE013361,chest_xray_triage,withheld_ai,1,ai_not_shown
R022,8,CASE013380,chest_xray_triage,withheld_ai,0,ai_not_shown
R022,8,CASE013385,chest_xray_triage,withheld_ai,1,ai_not_shown
R022,8,CASE013387,chest_xray_triage,withheld_ai,1,ai_not_shown
R022,8,CASE013388,chest_xray_triage,withheld_ai,1,ai_not_shown
R022,8,CASE013391,chest_xray_triage,withheld_ai,1,ai_not_shown
R022,8,CASE013396,chest_xray_triage,withheld_ai,1,ai_not_shown
R022,8,CASE013400,chest_xray_triage,withheld_ai,0,ai_not_shown
R022,9,CASE013405,chest_xray_triage,withheld_ai,0,ai_not_shown
R022,9,CASE013412,chest_xray_triage,withheld_ai,1,ai_not_shown
R022,9,CASE013413,chest_xray_triage,withheld_ai,1,ai_not_shown
R022,10,CASE013436,chest_xray_triage,withheld_ai,1,ai_not_shown
R022,10,CASE013448,chest_xray_triage,withheld_ai,1,ai_not_shown
R022,11,CASE013452,chest_xray_triage,withheld_ai,1,ai_not_shown
R022,11,CASE013459,chest_xray_triage,withheld_ai,1,ai_not_shown
R022,11,CASE013463,chest_xray_triage,withheld_ai,1,ai_not_shown
R022,11,CASE013466,chest_xray_triage,withheld_ai,1,ai_not_shown
R022,11,CASE013472,chest_xray_triage,withheld_ai,1,ai_not_shown
R022,12,CASE013479,chest_xray_triage,withheld_ai,1,ai_not_shown
R022,12,CASE013488,chest_xray_triage,withheld_ai,1,ai_not_shown
R022,12,CASE013492,chest_xray_triage,withheld_ai,1,ai_not_shown
R022,12,CASE013495,chest_xray_triage,withheld_ai,0,ai_not_shown
R022,12,CASE013497,chest_xray_triage,withheld_ai,1,ai_not_shown
R022,13,CASE013505,chest_xray_triage,withheld_ai,1,ai_not_shown
R022,13,CASE013510,chest_xray_triage,withheld_ai,1,ai_not_shown
R022,13,CASE013514,chest_xray_triage,withheld_ai,1,ai_not_shown
R022,13,CASE013516,chest_xray_triage,withheld_ai,0,ai_not_shown
R022,13,CASE013517,chest_xray_triage,withheld_ai,1,ai_not_shown
R022,13,CASE013518,chest_xray_triage,withheld_ai,1,ai_not_shown
R022,13,CASE013521,chest_xray_triage,withheld_ai,1,ai_not_shown
R022,14,CASE013528,chest_xray_triage,withheld_ai,1,ai_not_shown
R022,14,CASE013532,chest_xray_triage,withheld_ai,1,ai_not_shown
R022,14,CASE013533,chest_xray_triage,withheld_ai,1,ai_not_shown
R022,14,CASE013535,chest_xray_triage,withheld_ai,1,ai_not_shown
R022,14,CASE013544,chest_xray_triage,withheld_ai,1,ai_not_shown
R022,15,CASE013551,chest_xray_triage,withheld_ai,1,ai_not_shown
R022,15,CASE013552,chest_xray_triage,withheld_ai,1,ai_not_shown
R022,15,CASE013561,chest_xray_triage,withheld_ai,0,ai_not_shown
R022,15,CASE013572,chest_xray_triage,withheld_ai,1,ai_not_shown
R022,15,CASE013575,chest_xray_triage,withheld_ai,1,ai_not_shown
R022,16,CASE013588,chest_xray_triage,withheld_ai,0,ai_not_shown
R022,16,CASE013593,chest_xray_triage,withheld_ai,0,ai_not_shown
R022,16,CASE013594,chest_xray_triage,withheld_ai,1,ai_not_shown
R022,17,CASE013602,chest_xray_triage,withheld_ai,1,ai_not_shown
R022,17,CASE013605,chest_xray_triage,withheld_ai,1,ai_not_shown
R022,17,CASE013606,chest_xray_triage,withheld_ai,1,ai_not_shown
R022,17,CASE013612,chest_xray_triage,withheld_ai,1,ai_not_shown
R022,17,CASE013614,chest_xray_triage,withheld_ai,1,ai_not_shown
R022,17,CASE013618,chest_xray_triage,withheld_ai,1,ai_not_shown
R022,17,CASE013619,chest_xray_triage,withheld_ai,1,ai_not_shown
R022,18,CASE013633,chest_xray_triage,withheld_ai,1,ai_not_shown
R022,18,CASE013638,chest_xray_triage,withheld_ai,1,ai_not_shown
R022,18,CASE013639,chest_xray_triage,withheld_ai,1,ai_not_shown
R022,18,CASE013641,chest_xray_triage,withheld_ai,1,ai_not_shown
R022,18,CASE013648,chest_xray_triage,withheld_ai,1,ai_not_shown
R022,19,CASE013654,chest_xray_triage,withheld_ai,1,ai_not_shown
R022,19,CASE013657,chest_xray_triage,withheld_ai,1,ai_not_shown
R022,19,CASE013668,chest_xray_triage,withheld_ai,1,ai_not_shown
R022,19,CASE013672,chest_xray_triage,withheld_ai,1,ai_not_shown
R022,20,CASE013677,chest_xray_triage,withheld_ai,1,ai_not_shown
R022,20,CASE013681,chest_xray_triage,withheld_ai,1,ai_not_shown
R022,20,CASE013689,chest_xray_triage,withheld_ai,0,ai_not_shown
R022,20,CASE013691,chest_xray_triage,withheld_ai,1,ai_not_shown
R022,20,CASE013697,chest_xray_triage,withheld_ai,1,ai_not_shown
R022,20,CASE013698,chest_xray_triage,withheld_ai,1,ai_not_shown
R022,20,CASE013699,chest_xray_triage,withheld_ai,1,ai_not_shown
R022,21,CASE013703,chest_xray_triage,withheld_ai,1,ai_not_shown
R022,21,CASE013718,chest_xray_triage,withheld_ai,0,ai_not_shown
R022,21,CASE013720,chest_xray_triage,withheld_ai,0,ai_not_shown
R022,21,CASE013723,chest_xray_triage,withheld_ai,1,ai_not_shown
R022,21,CASE013724,chest_xray_triage,withheld_ai,1,ai_not_shown
R022,22,CASE013726,chest_xray_triage,withheld_ai,1,ai_not_shown
R022,22,CASE013731,chest_xray_triage,withheld_ai,1,ai_not_shown
R022,22,CASE013733,chest_xray_triage,withheld_ai,1,ai_not_shown
R022,22,CASE013735,chest_xray_triage,withheld_ai,1,ai_not_shown
R022,22,CASE013736,chest_xray_triage,withheld_ai,1,ai_not_shown
R022,22,CASE013739,chest_xray_triage,withheld_ai,1,ai_not_shown
R022,22,CASE013741,chest_xray_triage,withheld_ai,1,ai_not_shown
R022,22,CASE013748,chest_xray_triage,withheld_ai,0,ai_not_shown
R022,22,CASE013750,chest_xray_triage,withheld_ai,1,ai_not_shown
R022,23,CASE013759,chest_xray_triage,withheld_ai,1,ai_not_shown
R022,23,CASE013760,chest_xray_triage,withheld_ai,1,ai_not_shown
R022,23,CASE013761,chest_xray_triage,withheld_ai,0,ai_not_shown
R022,23,CASE013763,chest_xray_triage,withheld_ai,1,ai_not_shown
R022,23,CASE013767,chest_xray_triage,withheld_ai,1,ai_not_shown
R022,23,CASE013770,chest_xray_triage,withheld_ai,1,ai_not_shown
R022,23,CASE013773,chest_xray_triage,withheld_ai,1,ai_not_shown
R022,24,CASE013779,chest_xray_triage,withheld_ai,1,ai_not_shown
R022,24,CASE013780,chest_xray_triage,withheld_ai,1,ai_not_shown
R022,24,CASE013786,chest_xray_triage,withheld_ai,0,ai_not_shown
R022,24,CASE013787,chest_xray_triage,withheld_ai,1,ai_not_shown
R022,24,CASE013798,chest_xray_triage,withheld_ai,1,ai_not_shown
R023,1,CASE013804,chest_xray_triage,disagreement_prompt,1,ai_not_shown
R023,1,CASE013809,chest_xray_triage,disagreement_prompt,1,ai_not_shown
R023,2,CASE013837,chest_xray_triage,disagreement_prompt,1,ai_not_shown
R023,2,CASE013844,chest_xray_triage,disagreement_prompt,1,ai_not_shown
R023,3,CASE013863,chest_xray_triage,disagreement_prompt,0,ai_not_shown
R023,3,CASE013868,chest_xray_triage,disagreement_prompt,1,ai_not_shown
R023,4,CASE013880,chest_xray_triage,disagreement_prompt,1,ai_not_shown
R023,4,CASE013897,chest_xray_triage,disagreement_prompt,1,ai_not_shown
R023,4,CASE013900,chest_xray_triage,disagreement_prompt,0,ai_not_shown
R023,8,CASE013987,chest_xray_triage,disagreement_prompt,1,ai_not_shown
R023,8,CASE013988,chest_xray_triage,disagreement_prompt,1,ai_not_shown
R023,8,CASE013990,chest_xray_triage,disagreement_prompt,1,ai_not_shown
R023,9,CASE014012,chest_xray_triage,disagreement_prompt,1,ai_not_shown
R023,9,CASE014024,chest_xray_triage,disagreement_prompt,1,ai_not_shown
R023,10,CASE014049,chest_xray_triage,disagreement_prompt,1,ai_not_shown
R023,11,CASE014051,chest_xray_triage,disagreement_prompt,0,ai_not_shown
R023,13,CASE014107,chest_xray_triage,disagreement_prompt,1,ai_not_shown
R023,13,CASE014113,chest_xray_triage,disagreement_prompt,0,ai_not_shown
R023,13,CASE014118,chest_xray_triage,disagreement_prompt,1,ai_not_shown
R023,13,CASE014122,chest_xray_triage,disagreement_prompt,1,ai_not_shown
R023,15,CASE014159,chest_xray_triage,disagreement_prompt,1,ai_not_shown
R023,15,CASE014162,chest_xray_triage,disagreement_prompt,1,ai_not_shown
R023,15,CASE014174,chest_xray_triage,disagreement_prompt,1,ai_not_shown
R023,16,CASE014186,chest_xray_triage,disagreement_prompt,0,ai_not_shown
R023,16,CASE014188,chest_xray_triage,disagreement_prompt,1,ai_not_shown
R023,17,CASE014219,chest_xray_triage,disagreement_prompt,0,ai_not_shown
R023,17,CASE014223,chest_xray_triage,disagreement_prompt,0,ai_not_shown
R023,18,CASE014247,chest_xray_triage,disagreement_prompt,1,ai_not_shown
R023,19,CASE014253,chest_xray_triage,disagreement_prompt,1,ai_not_shown
R023,19,CASE014258,chest_xray_triage,disagreement_prompt,1,ai_not_shown
R023,19,CASE014260,chest_xray_triage,disagreement_prompt,1,ai_not_shown
R023,19,CASE014270,chest_xray_triage,disagreement_prompt,1,ai_not_shown
R023,19,CASE014271,chest_xray_triage,disagreement_prompt,1,ai_not_shown
R023,19,CASE014272,chest_xray_triage,disagreement_prompt,1,ai_not_shown
R023,19,CASE014273,chest_xray_triage,disagreement_prompt,1,ai_not_shown
R023,20,CASE014285,chest_xray_triage,disagreement_prompt,1,ai_not_shown
R023,20,CASE014298,chest_xray_triage,disagreement_prompt,1,ai_not_shown
R023,21,CASE014301,chest_xray_triage,disagreement_prompt,1,ai_not_shown
R023,21,CASE014312,chest_xray_triage,disagreement_prompt,1,ai_not_shown
R023,21,CASE014321,chest_xray_triage,disagreement_prompt,0,ai_not_shown
R023,21,CASE014322,chest_xray_triage,disagreement_prompt,0,ai_not_shown
R023,23,CASE014360,chest_xray_triage,disagreement_prompt,1,ai_not_shown
R023,23,CASE014373,chest_xray_triage,disagreement_prompt,1,ai_not_shown
R023,24,CASE014386,chest_xray_triage,disagreement_prompt,1,ai_not_shown
R024,1,CASE014425,chest_xray_triage,control_always_ai,1,ai_not_shown
R024,3,CASE014456,chest_xray_triage,control_always_ai,1,ai_not_shown
R024,4,CASE014476,chest_xray_triage,control_always_ai,0,ai_not_shown
R024,4,CASE014490,chest_xray_triage,control_always_ai,1,ai_not_shown
R024,5,CASE014508,chest_xray_triage,control_always_ai,1,ai_not_shown
R024,5,CASE014509,chest_xray_triage,control_always_ai,0,ai_not_shown
R024,5,CASE014520,chest_xray_triage,control_always_ai,0,ai_not_shown
R024,5,CASE014525,chest_xray_triage,control_always_ai,1,ai_not_shown
R024,6,CASE014527,chest_xray_triage,control_always_ai,0,ai_not_shown
R024,7,CASE014551,chest_xray_triage,control_always_ai,0,ai_not_shown
R024,7,CASE014563,chest_xray_triage,control_always_ai,0,ai_not_shown
R024,8,CASE014576,chest_xray_triage,control_always_ai,1,ai_not_shown
R024,8,CASE014580,chest_xray_triage,control_always_ai,1,ai_not_shown
R024,8,CASE014591,chest_xray_triage,control_always_ai,1,ai_not_shown
R024,8,CASE014595,chest_xray_triage,control_always_ai,0,ai_not_shown
R024,9,CASE014611,chest_xray_triage,control_always_ai,1,ai_not_shown
R024,9,CASE014613,chest_xray_triage,control_always_ai,1,ai_not_shown
R024,13,CASE014722,chest_xray_triage,control_always_ai,1,ai_not_shown
R024,14,CASE014736,chest_xray_triage,control_always_ai,1,ai_not_shown
R024,14,CASE014739,chest_xray_triage,control_always_ai,1,ai_not_shown
R024,14,CASE014745,chest_xray_triage,control_always_ai,1,ai_not_shown
R024,14,CASE014750,chest_xray_triage,control_always_ai,1,ai_not_shown
R024,16,CASE014784,chest_xray_triage,control_always_ai,1,ai_not_shown
R024,17,CASE014816,chest_xray_triage,control_always_ai,0,ai_not_shown
R024,17,CASE014820,chest_xray_triage,control_always_ai,0,ai_not_shown
R024,17,CASE014824,chest_xray_triage,control_always_ai,1,ai_not_shown
R024,18,CASE014826,chest_xray_triage,control_always_ai,0,ai_not_shown
R024,18,CASE014835,chest_xray_triage,control_always_ai,0,ai_not_shown
R024,18,CASE014837,chest_xray_triage,control_always_ai,1,ai_not_shown
R024,18,CASE014845,chest_xray_triage,control_always_ai,0,ai_not_shown
R024,19,CASE014851,chest_xray_triage,control_always_ai,0,ai_not_shown
R024,19,CASE014862,chest_xray_triage,control_always_ai,0,ai_not_shown
R024,21,CASE014919,chest_xray_triage,control_always_ai,1,ai_not_shown
R024,23,CASE014965,chest_xray_triage,control_always_ai,0,ai_not_shown
R024,23,CASE014973,chest_xray_triage,control_always_ai,0,ai_not_shown
R024,24,CASE014977,chest_xray_triage,control_always_ai,0,ai_not_shown
R025,1,CASE015001,chest_xray_triage,blind_first,1,ai_not_shown
R025,1,CASE015002,chest_xray_triage,blind_first,1,blind_first_precommit
R025,1,CASE015003,chest_xray_triage,blind_first,1,blind_first_precommit
R025,1,CASE015004,chest_xray_triage,blind_first,1,blind_first_precommit
R025,1,CASE015005,chest_xray_triage,blind_first,1,ai_not_shown
R025,1,CASE015006,chest_xray_triage,blind_first,1,blind_first_precommit
R025,1,CASE015007,chest_xray_triage,blind_first,1,ai_not_shown
R025,1,CASE015008,chest_xray_triage,blind_first,1,blind_first_precommit
R025,1,CASE015009,chest_xray_triage,blind_first,0,ai_not_shown
R025,1,CASE015010,chest_xray_triage,blind_first,1,ai_not_shown
R025,1,CASE015011,chest_xray_triage,blind_first,1,blind_first_precommit
R025,1,CASE015012,chest_xray_triage,blind_first,1,blind_first_precommit
R025,1,CASE015013,chest_xray_triage,blind_first,1,blind_first_precommit
R025,1,CASE015014,chest_xray_triage,blind_first,1,blind_first_precommit
R025,1,CASE015015,chest_xray_triage,blind_first,1,blind_first_precommit
R025,1,CASE015016,chest_xray_triage,blind_first,1,blind_first_precommit
R025,1,CASE015017,chest_xray_triage,blind_first,1,blind_first_precommit
R025,1,CASE015018,chest_xray_triage,blind_first,1,blind_first_precommit
R025,1,CASE015019,chest_xray_triage,blind_first,1,blind_first_precommit
R025,1,CASE015020,chest_xray_triage,blind_first,1,ai_not_shown
R025,1,CASE015021,chest_xray_triage,blind_first,1,blind_first_precommit
R025,1,CASE015022,chest_xray_triage,blind_first,1,blind_first_precommit
R025,1,CASE015023,chest_xray_triage,blind_first,1,blind_first_precommit
R025,1,CASE015024,chest_xray_triage,blind_first,0,blind_first_precommit
R025,1,CASE015025,chest_xray_triage,blind_first,1,blind_first_precommit
R025,2,CASE015026,chest_xray_triage,blind_first,1,blind_first_precommit
R025,2,CASE015027,chest_xray_triage,blind_first,1,blind_first_precommit
R025,2,CASE015028,chest_xray_triage,blind_first,0,blind_first_precommit
R025,2,CASE015029,chest_xray_triage,blind_first,1,blind_first_precommit
R025,2,CASE015030,chest_xray_triage,blind_first,0,ai_not_shown
R025,2,CASE015031,chest_xray_triage,blind_first,1,blind_first_precommit
R025,2,CASE015032,chest_xray_triage,blind_first,1,blind_first_precommit
R025,2,CASE015033,chest_xray_triage,blind_first,1,blind_first_precommit
R025,2,CASE015034,chest_xray_triage,blind_first,1,blind_first_precommit
R025,2,CASE015035,chest_xray_triage,blind_first,1,blind_first_precommit
R025,2,CASE015036,chest_xray_triage,blind_first,1,blind_first_precommit
R025,2,CASE015037,chest_xray_triage,blind_first,1,blind_first_precommit
R025,2,CASE015038,chest_xray_triage,blind_first,1,blind_first_precommit
R025,2,CASE015039,chest_xray_triage,blind_first,1,blind_first_precommit
R025,2,CASE015040,chest_xray_triage,blind_first,1,blind_first_precommit
R025,2,CASE015041,chest_xray_triage,blind_first,1,blind_first_precommit
R025,2,CASE015042,chest_xray_triage,blind_first,1,blind_first_precommit
R025,2,CASE015043,chest_xray_triage,blind_first,1,blind_first_precommit
R025,2,CASE015044,chest_xray_triage,blind_first,1,blind_first_precommit
R025,2,CASE015045,chest_xray_triage,blind_first,1,ai_not_shown
R025,2,CASE015046,chest_xray_triage,blind_first,1,blind_first_precommit
R025,2,CASE015047,chest_xray_triage,blind_first,1,blind_first_precommit
R025,2,CASE015048,chest_xray_triage,blind_first,1,blind_first_precommit
R025,2,CASE015049,chest_xray_triage,blind_first,1,blind_first_precommit
R025,2,CASE015050,chest_xray_triage,blind_first,0,blind_first_precommit
R025,3,CASE015051,chest_xray_triage,blind_first,1,blind_first_precommit
R025,3,CASE015052,chest_xray_triage,blind_first,0,blind_first_precommit
R025,3,CASE015053,chest_xray_triage,blind_first,1,ai_not_shown
R025,3,CASE015054,chest_xray_triage,blind_first,1,blind_first_precommit
R025,3,CASE015055,chest_xray_triage,blind_first,1,blind_first_precommit
R025,3,CASE015056,chest_xray_triage,blind_first,1,blind_first_precommit
R025,3,CASE015057,chest_xray_triage,blind_first,1,blind_first_precommit
R025,3,CASE015058,chest_xray_triage,blind_first,1,blind_first_precommit
R025,3,CASE015059,chest_xray_triage,blind_first,1,blind_first_precommit
R025,3,CASE015060,chest_xray_triage,blind_first,1,blind_first_precommit
R025,3,CASE015061,chest_xray_triage,blind_first,0,blind_first_precommit
R025,3,CASE015062,chest_xray_triage,blind_first,1,blind_first_precommit
R025,3,CASE015063,chest_xray_triage,blind_first,1,blind_first_precommit
R025,3,CASE015064,chest_xray_triage,blind_first,1,blind_first_precommit
R025,3,CASE015065,chest_xray_triage,blind_first,1,blind_first_precommit
R025,3,CASE015066,chest_xray_triage,blind_first,1,blind_first_precommit
R025,3,CASE015067,chest_xray_triage,blind_first,1,ai_not_shown
R025,3,CASE015068,chest_xray_triage,blind_first,1,blind_first_precommit
R025,3,CASE015069,chest_xray_triage,blind_first,1,blind_first_precommit
R025,3,CASE015070,chest_xray_triage,blind_first,1,blind_first_precommit
R025,3,CASE015071,chest_xray_triage,blind_first,1,blind_first_precommit
R025,3,CASE015072,chest_xray_triage,blind_first,1,blind_first_precommit
R025,3,CASE015073,chest_xray_triage,blind_first,1,blind_first_precommit
R025,3,CASE015074,chest_xray_triage,blind_first,1,blind_first_precommit
R025,3,CASE015075,chest_xray_triage,blind_first,1,blind_first_precommit
R025,4,CASE015076,chest_xray_triage,blind_first,1,blind_first_precommit
R025,4,CASE015077,chest_xray_triage,blind_first,1,blind_first_precommit
R025,4,CASE015078,chest_xray_triage,blind_first,0,blind_first_precommit
R025,4,CASE015079,chest_xray_triage,blind_first,1,blind_first_precommit
R025,4,CASE015080,chest_xray_triage,blind_first,1,blind_first_precommit
R025,4,CASE015081,chest_xray_triage,blind_first,1,blind_first_precommit
R025,4,CASE015082,chest_xray_triage,blind_first,1,blind_first_precommit
R025,4,CASE015083,chest_xray_triage,blind_first,1,blind_first_precommit
R025,4,CASE015084,chest_xray_triage,blind_first,1,blind_first_precommit
R025,4,CASE015085,chest_xray_triage,blind_first,1,blind_first_precommit
R025,4,CASE015086,chest_xray_triage,blind_first,1,blind_first_precommit
R025,4,CASE015087,chest_xray_triage,blind_first,1,blind_first_precommit
R025,4,CASE015088,chest_xray_triage,blind_first,1,blind_first_precommit
R025,4,CASE015089,chest_xray_triage,blind_first,0,blind_first_precommit
R025,4,CASE015090,chest_xray_triage,blind_first,1,blind_first_precommit
R025,4,CASE015091,chest_xray_triage,blind_first,1,blind_first_precommit
R025,4,CASE015092,chest_xray_triage,blind_first,1,blind_first_precommit
R025,4,CASE015093,chest_xray_triage,blind_first,1,blind_first_precommit
R025,4,CASE015094,chest_xray_triage,blind_first,1,blind_first_precommit
R025,4,CASE015095,chest_xray_triage,blind_first,0,blind_first_precommit
R025,4,CASE015096,chest_xray_triage,blind_first,0,blind_first_precommit
R025,4,CASE015097,chest_xray_triage,blind_first,1,blind_first_precommit
R025,4,CASE015098,chest_xray_triage,blind_first,1,blind_first_precommit
R025,4,CASE015099,chest_xray_triage,blind_first,1,blind_first_precommit
R025,4,CASE015100,chest_xray_triage,blind_first,1,blind_first_precommit
R025,5,CASE015101,chest_xray_triage,blind_first,1,blind_first_precommit
R025,5,CASE015102,chest_xray_triage,blind_first,1,blind_first_precommit
R025,5,CASE015103,chest_xray_triage,blind_first,1,blind_first_precommit
R025,5,CASE015104,chest_xray_triage,blind_first,0,blind_first_precommit
R025,5,CASE015105,chest_xray_triage,blind_first,1,ai_not_shown
R025,5,CASE015106,chest_xray_triage,blind_first,1,blind_first_precommit
R025,5,CASE015107,chest_xray_triage,blind_first,1,blind_first_precommit
R025,5,CASE015108,chest_xray_triage,blind_first,1,blind_first_precommit
R025,5,CASE015109,chest_xray_triage,blind_first,1,blind_first_precommit
R025,5,CASE015110,chest_xray_triage,blind_first,1,blind_first_precommit
R025,5,CASE015111,chest_xray_triage,blind_first,1,blind_first_precommit
R025,5,CASE015112,chest_xray_triage,blind_first,0,blind_first_precommit
R025,5,CASE015113,chest_xray_triage,blind_first,1,blind_first_precommit
R025,5,CASE015114,chest_xray_triage,blind_first,1,blind_first_precommit
R025,5,CASE015115,chest_xray_triage,blind_first,1,blind_first_precommit
R025,5,CASE015116,chest_xray_triage,blind_first,1,blind_first_precommit
R025,5,CASE015117,chest_xray_triage,blind_first,1,blind_first_precommit
R025,5,CASE015118,chest_xray_triage,blind_first,1,blind_first_precommit
R025,5,CASE015119,chest_xray_triage,blind_first,1,blind_first_precommit
R025,5,CASE015120,chest_xray_triage,blind_first,1,blind_first_precommit
R025,5,CASE015121,chest_xray_triage,blind_first,1,blind_first_precommit
R025,5,CASE015122,chest_xray_triage,blind_first,0,blind_first_precommit
R025,5,CASE015123,chest_xray_triage,blind_first,1,blind_first_precommit
R025,5,CASE015124,chest_xray_triage,blind_first,1,blind_first_precommit
R025,5,CASE015125,chest_xray_triage,blind_first,1,blind_first_precommit
R025,6,CASE015126,chest_xray_triage,blind_first,1,blind_first_precommit
R025,6,CASE015127,chest_xray_triage,blind_first,1,blind_first_precommit
R025,6,CASE015128,chest_xray_triage,blind_first,0,blind_first_precommit
R025,6,CASE015129,chest_xray_triage,blind_first,1,blind_first_precommit
R025,6,CASE015130,chest_xray_triage,blind_first,1,ai_not_shown
R025,6,CASE015131,chest_xray_triage,blind_first,1,blind_first_precommit
R025,6,CASE015132,chest_xray_triage,blind_first,1,blind_first_precommit
R025,6,CASE015133,chest_xray_triage,blind_first,1,blind_first_precommit
R025,6,CASE015134,chest_xray_triage,blind_first,0,blind_first_precommit
R025,6,CASE015135,chest_xray_triage,blind_first,1,blind_first_precommit
R025,6,CASE015136,chest_xray_triage,blind_first,1,blind_first_precommit
R025,6,CASE015137,chest_xray_triage,blind_first,1,blind_first_precommit
R025,6,CASE015138,chest_xray_triage,blind_first,1,blind_first_precommit
R025,6,CASE015139,chest_xray_triage,blind_first,1,blind_first_precommit
R025,6,CASE015140,chest_xray_triage,blind_first,1,blind_first_precommit
R025,6,CASE015141,chest_xray_triage,blind_first,1,blind_first_precommit
R025,6,CASE015142,chest_xray_triage,blind_first,1,blind_first_precommit
R025,6,CASE015143,chest_xray_triage,blind_first,1,ai_not_shown
R025,6,CASE015144,chest_xray_triage,blind_first,1,blind_first_precommit
R025,6,CASE015145,chest_xray_triage,blind_first,0,blind_first_precommit
R025,6,CASE015146,chest_xray_triage,blind_first,1,blind_first_precommit
R025,6,CASE015147,chest_xray_triage,blind_first,1,blind_first_precommit
R025,6,CASE015148,chest_xray_triage,blind_first,1,blind_first_precommit
R025,6,CASE015149,chest_xray_triage,blind_first,1,blind_first_precommit
R025,6,CASE015150,chest_xray_triage,blind_first,1,blind_first_precommit
R025,7,CASE015151,chest_xray_triage,blind_first,1,blind_first_precommit
R025,7,CASE015152,chest_xray_triage,blind_first,1,blind_first_precommit
R025,7,CASE015153,chest_xray_triage,blind_first,1,blind_first_precommit
R025,7,CASE015154,chest_xray_triage,blind_first,1,blind_first_precommit
R025,7,CASE015155,chest_xray_triage,blind_first,1,blind_first_precommit
R025,7,CASE015156,chest_xray_triage,blind_first,1,blind_first_precommit
R025,7,CASE015157,chest_xray_triage,blind_first,1,blind_first_precommit
R025,7,CASE015158,chest_xray_triage,blind_first,1,blind_first_precommit
R025,7,CASE015159,chest_xray_triage,blind_first,1,blind_first_precommit
R025,7,CASE015160,chest_xray_triage,blind_first,1,blind_first_precommit
R025,7,CASE015161,chest_xray_triage,blind_first,1,blind_first_precommit
R025,7,CASE015162,chest_xray_triage,blind_first,1,blind_first_precommit
R025,7,CASE015163,chest_xray_triage,blind_first,1,blind_first_precommit
R025,7,CASE015164,chest_xray_triage,blind_first,1,blind_first_precommit
R025,7,CASE015165,chest_xray_triage,blind_first,1,blind_first_precommit
R025,7,CASE015166,chest_xray_triage,blind_first,1,blind_first_precommit
R025,7,CASE015167,chest_xray_triage,blind_first,1,blind_first_precommit
R025,7,CASE015168,chest_xray_triage,blind_first,1,blind_first_precommit
R025,7,CASE015169,chest_xray_triage,blind_first,1,ai_not_shown
R025,7,CASE015170,chest_xray_triage,blind_first,1,blind_first_precommit
R025,7,CASE015171,chest_xray_triage,blind_first,1,blind_first_precommit
R025,7,CASE015172,chest_xray_triage,blind_first,1,blind_first_precommit
R025,7,CASE015173,chest_xray_triage,blind_first,1,blind_first_precommit
R025,7,CASE015174,chest_xray_triage,blind_first,1,blind_first_precommit
R025,7,CASE015175,chest_xray_triage,blind_first,1,blind_first_precommit
R025,8,CASE015176,chest_xray_triage,blind_first,1,blind_first_precommit
R025,8,CASE015177,chest_xray_triage,blind_first,1,blind_first_precommit
R025,8,CASE015178,chest_xray_triage,blind_first,1,blind_first_precommit
R025,8,CASE015179,chest_xray_triage,blind_first,1,blind_first_precommit
R025,8,CASE015180,chest_xray_triage,blind_first,1,blind_first_precommit
R025,8,CASE015181,chest_xray_triage,blind_first,1,blind_first_precommit
R025,8,CASE015182,chest_xray_triage,blind_first,1,blind_first_precommit
R025,8,CASE015183,chest_xray_triage,blind_first,1,blind_first_precommit
R025,8,CASE015184,chest_xray_triage,blind_first,1,blind_first_precommit
R025,8,CASE015185,chest_xray_triage,blind_first,1,ai_not_shown
R025,8,CASE015186,chest_xray_triage,blind_first,1,blind_first_precommit
R025,8,CASE015187,chest_xray_triage,blind_first,0,blind_first_precommit
R025,8,CASE015188,chest_xray_triage,blind_first,1,blind_first_precommit
R025,8,CASE015189,chest_xray_triage,blind_first,1,blind_first_precommit
R025,8,CASE015190,chest_xray_triage,blind_first,1,ai_not_shown
R025,8,CASE015191,chest_xray_triage,blind_first,1,blind_first_precommit
R025,8,CASE015192,chest_xray_triage,blind_first,1,blind_first_precommit
R025,8,CASE015193,chest_xray_triage,blind_first,1,blind_first_precommit
R025,8,CASE015194,chest_xray_triage,blind_first,1,blind_first_precommit
R025,8,CASE015195,chest_xray_triage,blind_first,1,blind_first_precommit
R025,8,CASE015196,chest_xray_triage,blind_first,1,blind_first_precommit
R025,8,CASE015197,chest_xray_triage,blind_first,1,blind_first_precommit
R025,8,CASE015198,chest_xray_triage,blind_first,1,blind_first_precommit
R025,8,CASE015199,chest_xray_triage,blind_first,1,blind_first_precommit
R025,8,CASE015200,chest_xray_triage,blind_first,1,blind_first_precommit
R025,9,CASE015201,chest_xray_triage,blind_first,1,blind_first_precommit
R025,9,CASE015202,chest_xray_triage,blind_first,1,blind_first_precommit
R025,9,CASE015203,chest_xray_triage,blind_first,1,ai_not_shown
R025,9,CASE015204,chest_xray_triage,blind_first,1,blind_first_precommit
R025,9,CASE015205,chest_xray_triage,blind_first,0,blind_first_precommit
R025,9,CASE015206,chest_xray_triage,blind_first,1,ai_not_shown
R025,9,CASE015207,chest_xray_triage,blind_first,0,blind_first_precommit
R025,9,CASE015208,chest_xray_triage,blind_first,1,blind_first_precommit
R025,9,CASE015209,chest_xray_triage,blind_first,1,blind_first_precommit
R025,9,CASE015210,chest_xray_triage,blind_first,1,blind_first_precommit
R025,9,CASE015211,chest_xray_triage,blind_first,1,blind_first_precommit
R025,9,CASE015212,chest_xray_triage,blind_first,0,blind_first_precommit
R025,9,CASE015213,chest_xray_triage,blind_first,0,blind_first_precommit
R025,9,CASE015214,chest_xray_triage,blind_first,1,blind_first_precommit
R025,9,CASE015215,chest_xray_triage,blind_first,1,blind_first_precommit
R025,9,CASE015216,chest_xray_triage,blind_first,1,blind_first_precommit
R025,9,CASE015217,chest_xray_triage,blind_first,0,blind_first_precommit
R025,9,CASE015218,chest_xray_triage,blind_first,1,blind_first_precommit
R025,9,CASE015219,chest_xray_triage,blind_first,1,blind_first_precommit
R025,9,CASE015220,chest_xray_triage,blind_first,0,blind_first_precommit
R025,9,CASE015221,chest_xray_triage,blind_first,1,blind_first_precommit
R025,9,CASE015222,chest_xray_triage,blind_first,1,blind_first_precommit
R025,9,CASE015223,chest_xray_triage,blind_first,0,blind_first_precommit
R025,9,CASE015224,chest_xray_triage,blind_first,1,ai_not_shown
R025,9,CASE015225,chest_xray_triage,blind_first,1,blind_first_precommit
R025,10,CASE015226,chest_xray_triage,blind_first,1,ai_not_shown
R025,10,CASE015227,chest_xray_triage,blind_first,1,blind_first_precommit
R025,10,CASE015228,chest_xray_triage,blind_first,1,blind_first_precommit
R025,10,CASE015229,chest_xray_triage,blind_first,1,blind_first_precommit
R025,10,CASE015230,chest_xray_triage,blind_first,1,blind_first_precommit
R025,10,CASE015231,chest_xray_triage,blind_first,1,blind_first_precommit
R025,10,CASE015232,chest_xray_triage,blind_first,1,blind_first_precommit
R025,10,CASE015233,chest_xray_triage,blind_first,0,blind_first_precommit
R025,10,CASE015234,chest_xray_triage,blind_first,1,blind_first_precommit
R025,10,CASE015235,chest_xray_triage,blind_first,1,blind_first_precommit
R025,10,CASE015236,chest_xray_triage,blind_first,1,blind_first_precommit
R025,10,CASE015237,chest_xray_triage,blind_first,1,blind_first_precommit
R025,10,CASE015238,chest_xray_triage,blind_first,1,blind_first_precommit
R025,10,CASE015239,chest_xray_triage,blind_first,1,blind_first_precommit
R025,10,CASE015240,chest_xray_triage,blind_first,1,blind_first_precommit
R025,10,CASE015241,chest_xray_triage,blind_first,1,blind_first_precommit
R025,10,CASE015242,chest_xray_triage,blind_first,1,blind_first_precommit
R025,10,CASE015243,chest_xray_triage,blind_first,1,blind_first_precommit
R025,10,CASE015244,chest_xray_triage,blind_first,1,blind_first_precommit
R025,10,CASE015245,chest_xray_triage,blind_first,0,blind_first_precommit
R025,10,CASE015246,chest_xray_triage,blind_first,1,blind_first_precommit
R025,10,CASE015247,chest_xray_triage,blind_first,1,blind_first_precommit
R025,10,CASE015248,chest_xray_triage,blind_first,1,blind_first_precommit
R025,10,CASE015249,chest_xray_triage,blind_first,1,blind_first_precommit
R025,10,CASE015250,chest_xray_triage,blind_first,1,blind_first_precommit
R025,11,CASE015251,chest_xray_triage,blind_first,1,blind_first_precommit
R025,11,CASE015252,chest_xray_triage,blind_first,1,blind_first_precommit
R025,11,CASE015253,chest_xray_triage,blind_first,1,blind_first_precommit
R025,11,CASE015254,chest_xray_triage,blind_first,1,blind_first_precommit
R025,11,CASE015255,chest_xray_triage,blind_first,1,ai_not_shown
R025,11,CASE015256,chest_xray_triage,blind_first,1,blind_first_precommit
R025,11,CASE015257,chest_xray_triage,blind_first,1,blind_first_precommit
R025,11,CASE015258,chest_xray_triage,blind_first,1,blind_first_precommit
R025,11,CASE015259,chest_xray_triage,blind_first,1,blind_first_precommit
R025,11,CASE015260,chest_xray_triage,blind_first,1,blind_first_precommit
R025,11,CASE015261,chest_xray_triage,blind_first,1,blind_first_precommit
R025,11,CASE015262,chest_xray_triage,blind_first,1,ai_not_shown
R025,11,CASE015263,chest_xray_triage,blind_first,1,blind_first_precommit
R025,11,CASE015264,chest_xray_triage,blind_first,1,blind_first_precommit
R025,11,CASE015265,chest_xray_triage,blind_first,1,blind_first_precommit
R025,11,CASE015266,chest_xray_triage,blind_first,1,blind_first_precommit
R025,11,CASE015267,chest_xray_triage,blind_first,1,ai_not_shown
R025,11,CASE015268,chest_xray_triage,blind_first,1,blind_first_precommit
R025,11,CASE015269,chest_xray_triage,blind_first,1,blind_first_precommit
R025,11,CASE015270,chest_xray_triage,blind_first,1,blind_first_precommit
R025,11,CASE015271,chest_xray_triage,blind_first,1,blind_first_precommit
R025,11,CASE015272,chest_xray_triage,blind_first,1,blind_first_precommit
R025,11,CASE015273,chest_xray_triage,blind_first,1,blind_first_precommit
R025,11,CASE015274,chest_xray_triage,blind_first,1,blind_first_precommit
R025,11,CASE015275,chest_xray_triage,blind_first,1,blind_first_precommit
R025,12,CASE015276,chest_xray_triage,blind_first,1,blind_first_precommit
R025,12,CASE015277,chest_xray_triage,blind_first,1,blind_first_precommit
R025,12,CASE015278,chest_xray_triage,blind_first,1,blind_first_precommit
R025,12,CASE015279,chest_xray_triage,blind_first,1,ai_not_shown
R025,12,CASE015280,chest_xray_triage,blind_first,1,blind_first_precommit
R025,12,CASE015281,chest_xray_triage,blind_first,1,blind_first_precommit
R025,12,CASE015282,chest_xray_triage,blind_first,1,blind_first_precommit
R025,12,CASE015283,chest_xray_triage,blind_first,1,blind_first_precommit
R025,12,CASE015284,chest_xray_triage,blind_first,0,blind_first_precommit
R025,12,CASE015285,chest_xray_triage,blind_first,1,blind_first_precommit
R025,12,CASE015286,chest_xray_triage,blind_first,0,blind_first_precommit
R025,12,CASE015287,chest_xray_triage,blind_first,1,ai_not_shown
R025,12,CASE015288,chest_xray_triage,blind_first,1,blind_first_precommit
R025,12,CASE015289,chest_xray_triage,blind_first,0,blind_first_precommit
R025,12,CASE015290,chest_xray_triage,blind_first,1,blind_first_precommit
R025,12,CASE015291,chest_xray_triage,blind_first,1,blind_first_precommit
R025,12,CASE015292,chest_xray_triage,blind_first,1,blind_first_precommit
R025,12,CASE015293,chest_xray_triage,blind_first,0,blind_first_precommit
R025,12,CASE015294,chest_xray_triage,blind_first,1,blind_first_precommit
R025,12,CASE015295,chest_xray_triage,blind_first,1,blind_first_precommit
R025,12,CASE015296,chest_xray_triage,blind_first,1,blind_first_precommit
R025,12,CASE015297,chest_xray_triage,blind_first,1,blind_first_precommit
R025,12,CASE015298,chest_xray_triage,blind_first,1,blind_first_precommit
R025,12,CASE015299,chest_xray_triage,blind_first,1,blind_first_precommit
R025,12,CASE015300,chest_xray_triage,blind_first,1,blind_first_precommit
R025,13,CASE015301,chest_xray_triage,blind_first,1,blind_first_precommit
R025,13,CASE015302,chest_xray_triage,blind_first,1,blind_first_precommit
R025,13,CASE015303,chest_xray_triage,blind_first,1,blind_first_precommit
R025,13,CASE015304,chest_xray_triage,blind_first,1,blind_first_precommit
R025,13,CASE015305,chest_xray_triage,blind_first,1,blind_first_precommit
R025,13,CASE015306,chest_xray_triage,blind_first,1,ai_not_shown
R025,13,CASE015307,chest_xray_triage,blind_first,1,blind_first_precommit
R025,13,CASE015308,chest_xray_triage,blind_first,1,blind_first_precommit
R025,13,CASE015309,chest_xray_triage,blind_first,1,blind_first_precommit
R025,13,CASE015310,chest_xray_triage,blind_first,1,blind_first_precommit
R025,13,CASE015311,chest_xray_triage,blind_first,1,blind_first_precommit
R025,13,CASE015312,chest_xray_triage,blind_first,0,blind_first_precommit
R025,13,CASE015313,chest_xray_triage,blind_first,0,blind_first_precommit
R025,13,CASE015314,chest_xray_triage,blind_first,1,blind_first_precommit
R025,13,CASE015315,chest_xray_triage,blind_first,1,blind_first_precommit
R025,13,CASE015316,chest_xray_triage,blind_first,1,blind_first_precommit
R025,13,CASE015317,chest_xray_triage,blind_first,1,blind_first_precommit
R025,13,CASE015318,chest_xray_triage,blind_first,1,blind_first_precommit
R025,13,CASE015319,chest_xray_triage,blind_first,1,blind_first_precommit
R025,13,CASE015320,chest_xray_triage,blind_first,1,blind_first_precommit
R025,13,CASE015321,chest_xray_triage,blind_first,0,blind_first_precommit
R025,13,CASE015322,chest_xray_triage,blind_first,1,blind_first_precommit
R025,13,CASE015323,chest_xray_triage,blind_first,0,blind_first_precommit
R025,13,CASE015324,chest_xray_triage,blind_first,1,blind_first_precommit
R025,13,CASE015325,chest_xray_triage,blind_first,1,blind_first_precommit
R025,14,CASE015326,chest_xray_triage,blind_first,1,blind_first_precommit
R025,14,CASE015327,chest_xray_triage,blind_first,0,blind_first_precommit
R025,14,CASE015328,chest_xray_triage,blind_first,1,blind_first_precommit
R025,14,CASE015329,chest_xray_triage,blind_first,1,blind_first_precommit
R025,14,CASE015330,chest_xray_triage,blind_first,1,blind_first_precommit
R025,14,CASE015331,chest_xray_triage,blind_first,1,blind_first_precommit
R025,14,CASE015332,chest_xray_triage,blind_first,1,blind_first_precommit
R025,14,CASE015333,chest_xray_triage,blind_first,1,blind_first_precommit
R025,14,CASE015334,chest_xray_triage,blind_first,1,blind_first_precommit
R025,14,CASE015335,chest_xray_triage,blind_first,1,blind_first_precommit
R025,14,CASE015336,chest_xray_triage,blind_first,1,ai_not_shown
R025,14,CASE015337,chest_xray_triage,blind_first,1,blind_first_precommit
R025,14,CASE015338,chest_xray_triage,blind_first,1,blind_first_precommit
R025,14,CASE015339,chest_xray_triage,blind_first,1,blind_first_precommit
R025,14,CASE015340,chest_xray_triage,blind_first,1,blind_first_precommit
R025,14,CASE015341,chest_xray_triage,blind_first,1,blind_first_precommit
R025,14,CASE015342,chest_xray_triage,blind_first,1,blind_first_precommit
R025,14,CASE015343,chest_xray_triage,blind_first,1,ai_not_shown
R025,14,CASE015344,chest_xray_triage,blind_first,1,blind_first_precommit
R025,14,CASE015345,chest_xray_triage,blind_first,0,blind_first_precommit
R025,14,CASE015346,chest_xray_triage,blind_first,1,blind_first_precommit
R025,14,CASE015347,chest_xray_triage,blind_first,1,blind_first_precommit
R025,14,CASE015348,chest_xray_triage,blind_first,1,blind_first_precommit
R025,14,CASE015349,chest_xray_triage,blind_first,1,blind_first_precommit
R025,14,CASE015350,chest_xray_triage,blind_first,1,blind_first_precommit
R025,15,CASE015351,chest_xray_triage,blind_first,1,blind_first_precommit
R025,15,CASE015352,chest_xray_triage,blind_first,1,blind_first_precommit
R025,15,CASE015353,chest_xray_triage,blind_first,1,blind_first_precommit
R025,15,CASE015354,chest_xray_triage,blind_first,1,blind_first_precommit
R025,15,CASE015355,chest_xray_triage,blind_first,1,blind_first_precommit
R025,15,CASE015356,chest_xray_triage,blind_first,1,blind_first_precommit
R025,15,CASE015357,chest_xray_triage,blind_first,1,blind_first_precommit
R025,15,CASE015358,chest_xray_triage,blind_first,1,blind_first_precommit
R025,15,CASE015359,chest_xray_triage,blind_first,1,blind_first_precommit
R025,15,CASE015360,chest_xray_triage,blind_first,1,blind_first_precommit
R025,15,CASE015361,chest_xray_triage,blind_first,1,blind_first_precommit
R025,15,CASE015362,chest_xray_triage,blind_first,1,blind_first_precommit
R025,15,CASE015363,chest_xray_triage,blind_first,1,ai_not_shown
R025,15,CASE015364,chest_xray_triage,blind_first,1,blind_first_precommit
R025,15,CASE015365,chest_xray_triage,blind_first,1,blind_first_precommit
R025,15,CASE015366,chest_xray_triage,blind_first,1,blind_first_precommit
R025,15,CASE015367,chest_xray_triage,blind_first,1,blind_first_precommit
R025,15,CASE015368,chest_xray_triage,blind_first,1,blind_first_precommit
R025,15,CASE015369,chest_xray_triage,blind_first,1,blind_first_precommit
R025,15,CASE015370,chest_xray_triage,blind_first,1,blind_first_precommit
R025,15,CASE015371,chest_xray_triage,blind_first,1,blind_first_precommit
R025,15,CASE015372,chest_xray_triage,blind_first,1,blind_first_precommit
R025,15,CASE015373,chest_xray_triage,blind_first,1,blind_first_precommit
R025,15,CASE015374,chest_xray_triage,blind_first,1,blind_first_precommit
R025,15,CASE015375,chest_xray_triage,blind_first,1,blind_first_precommit
R025,16,CASE015376,chest_xray_triage,blind_first,1,blind_first_precommit
R025,16,CASE015377,chest_xray_triage,blind_first,1,blind_first_precommit
R025,16,CASE015378,chest_xray_triage,blind_first,1,blind_first_precommit
R025,16,CASE015379,chest_xray_triage,blind_first,1,blind_first_precommit
R025,16,CASE015380,chest_xray_triage,blind_first,1,blind_first_precommit
R025,16,CASE015381,chest_xray_triage,blind_first,1,blind_first_precommit
R025,16,CASE015382,chest_xray_triage,blind_first,1,blind_first_precommit
R025,16,CASE015383,chest_xray_triage,blind_first,1,blind_first_precommit
R025,16,CASE015384,chest_xray_triage,blind_first,1,blind_first_precommit
R025,16,CASE015385,chest_xray_triage,blind_first,0,blind_first_precommit
R025,16,CASE015386,chest_xray_triage,blind_first,0,blind_first_precommit
R025,16,CASE015387,chest_xray_triage,blind_first,1,blind_first_precommit
R025,16,CASE015388,chest_xray_triage,blind_first,1,blind_first_precommit
R025,16,CASE015389,chest_xray_triage,blind_first,1,blind_first_precommit
R025,16,CASE015390,chest_xray_triage,blind_first,1,blind_first_precommit
R025,16,CASE015391,chest_xray_triage,blind_first,1,blind_first_precommit
R025,16,CASE015392,chest_xray_triage,blind_first,1,blind_first_precommit
R025,16,CASE015393,chest_xray_triage,blind_first,1,blind_first_precommit
R025,16,CASE015394,chest_xray_triage,blind_first,0,blind_first_precommit
R025,16,CASE015395,chest_xray_triage,blind_first,1,blind_first_precommit
R025,16,CASE015396,chest_xray_triage,blind_first,1,blind_first_precommit
R025,16,CASE015397,chest_xray_triage,blind_first,1,blind_first_precommit
R025,16,CASE015398,chest_xray_triage,blind_first,1,blind_first_precommit
R025,16,CASE015399,chest_xray_triage,blind_first,1,blind_first_precommit
R025,16,CASE015400,chest_xray_triage,blind_first,1,blind_first_precommit
R025,17,CASE015401,chest_xray_triage,blind_first,1,blind_first_precommit
R025,17,CASE015402,chest_xray_triage,blind_first,1,blind_first_precommit
R025,17,CASE015403,chest_xray_triage,blind_first,1,blind_first_precommit
R025,17,CASE015404,chest_xray_triage,blind_first,1,ai_not_shown
R025,17,CASE015405,chest_xray_triage,blind_first,1,blind_first_precommit
R025,17,CASE015406,chest_xray_triage,blind_first,1,blind_first_precommit
R025,17,CASE015407,chest_xray_triage,blind_first,1,blind_first_precommit
R025,17,CASE015408,chest_xray_triage,blind_first,1,blind_first_precommit
R025,17,CASE015409,chest_xray_triage,blind_first,1,blind_first_precommit
R025,17,CASE015410,chest_xray_triage,blind_first,1,blind_first_precommit
R025,17,CASE015411,chest_xray_triage,blind_first,1,blind_first_precommit
R025,17,CASE015412,chest_xray_triage,blind_first,1,blind_first_precommit
R025,17,CASE015413,chest_xray_triage,blind_first,1,blind_first_precommit
R025,17,CASE015414,chest_xray_triage,blind_first,1,ai_not_shown
R025,17,CASE015415,chest_xray_triage,blind_first,1,blind_first_precommit
R025,17,CASE015416,chest_xray_triage,blind_first,1,blind_first_precommit
R025,17,CASE015417,chest_xray_triage,blind_first,1,blind_first_precommit
R025,17,CASE015418,chest_xray_triage,blind_first,1,blind_first_precommit
R025,17,CASE015419,chest_xray_triage,blind_first,1,blind_first_precommit
R025,17,CASE015420,chest_xray_triage,blind_first,1,blind_first_precommit
R025,17,CASE015421,chest_xray_triage,blind_first,1,blind_first_precommit
R025,17,CASE015422,chest_xray_triage,blind_first,1,blind_first_precommit
R025,17,CASE015423,chest_xray_triage,blind_first,1,blind_first_precommit
R025,17,CASE015424,chest_xray_triage,blind_first,1,blind_first_precommit
R025,17,CASE015425,chest_xray_triage,blind_first,1,ai_not_shown
R025,18,CASE015426,chest_xray_triage,blind_first,0,blind_first_precommit
R025,18,CASE015427,chest_xray_triage,blind_first,1,ai_not_shown
R025,18,CASE015428,chest_xray_triage,blind_first,1,blind_first_precommit
R025,18,CASE015429,chest_xray_triage,blind_first,1,blind_first_precommit
R025,18,CASE015430,chest_xray_triage,blind_first,1,blind_first_precommit
R025,18,CASE015431,chest_xray_triage,blind_first,1,blind_first_precommit
R025,18,CASE015432,chest_xray_triage,blind_first,1,blind_first_precommit
R025,18,CASE015433,chest_xray_triage,blind_first,1,blind_first_precommit
R025,18,CASE015434,chest_xray_triage,blind_first,1,blind_first_precommit
R025,18,CASE015435,chest_xray_triage,blind_first,1,blind_first_precommit
R025,18,CASE015436,chest_xray_triage,blind_first,1,blind_first_precommit
R025,18,CASE015437,chest_xray_triage,blind_first,1,blind_first_precommit
R025,18,CASE015438,chest_xray_triage,blind_first,1,blind_first_precommit
R025,18,CASE015439,chest_xray_triage,blind_first,1,blind_first_precommit
R025,18,CASE015440,chest_xray_triage,blind_first,1,blind_first_precommit
R025,18,CASE015441,chest_xray_triage,blind_first,1,blind_first_precommit
R025,18,CASE015442,chest_xray_triage,blind_first,1,blind_first_precommit
R025,18,CASE015443,chest_xray_triage,blind_first,1,ai_not_shown
R025,18,CASE015444,chest_xray_triage,blind_first,1,blind_first_precommit
R025,18,CASE015445,chest_xray_triage,blind_first,1,blind_first_precommit
R025,18,CASE015446,chest_xray_triage,blind_first,1,blind_first_precommit
R025,18,CASE015447,chest_xray_triage,blind_first,1,ai_not_shown
R025,18,CASE015448,chest_xray_triage,blind_first,1,blind_first_precommit
R025,18,CASE015449,chest_xray_triage,blind_first,1,ai_not_shown
R025,18,CASE015450,chest_xray_triage,blind_first,1,blind_first_precommit
R025,19,CASE015451,chest_xray_triage,blind_first,1,blind_first_precommit
R025,19,CASE015452,chest_xray_triage,blind_first,1,blind_first_precommit
R025,19,CASE015453,chest_xray_triage,blind_first,1,blind_first_precommit
R025,19,CASE015454,chest_xray_triage,blind_first,1,blind_first_precommit
R025,19,CASE015455,chest_xray_triage,blind_first,1,blind_first_precommit
R025,19,CASE015456,chest_xray_triage,blind_first,1,blind_first_precommit
R025,19,CASE015457,chest_xray_triage,blind_first,1,blind_first_precommit
R025,19,CASE015458,chest_xray_triage,blind_first,1,blind_first_precommit
R025,19,CASE015459,chest_xray_triage,blind_first,0,blind_first_precommit
R025,19,CASE015460,chest_xray_triage,blind_first,1,blind_first_precommit
R025,19,CASE015461,chest_xray_triage,blind_first,1,blind_first_precommit
R025,19,CASE015462,chest_xray_triage,blind_first,1,blind_first_precommit
R025,19,CASE015463,chest_xray_triage,blind_first,1,blind_first_precommit
R025,19,CASE015464,chest_xray_triage,blind_first,1,blind_first_precommit
R025,19,CASE015465,chest_xray_triage,blind_first,1,blind_first_precommit
R025,19,CASE015466,chest_xray_triage,blind_first,1,blind_first_precommit
R025,19,CASE015467,chest_xray_triage,blind_first,1,blind_first_precommit
R025,19,CASE015468,chest_xray_triage,blind_first,1,blind_first_precommit
R025,19,CASE015469,chest_xray_triage,blind_first,1,blind_first_precommit
R025,19,CASE015470,chest_xray_triage,blind_first,1,blind_first_precommit
R025,19,CASE015471,chest_xray_triage,blind_first,1,blind_first_precommit
R025,19,CASE015472,chest_xray_triage,blind_first,1,blind_first_precommit
R025,19,CASE015473,chest_xray_triage,blind_first,1,blind_first_precommit
R025,19,CASE015474,chest_xray_triage,blind_first,1,ai_not_shown
R025,19,CASE015475,chest_xray_triage,blind_first,1,blind_first_precommit
R025,20,CASE015476,chest_xray_triage,blind_first,1,blind_first_precommit
R025,20,CASE015477,chest_xray_triage,blind_first,1,blind_first_precommit
R025,20,CASE015478,chest_xray_triage,blind_first,1,ai_not_shown
R025,20,CASE015479,chest_xray_triage,blind_first,1,blind_first_precommit
R025,20,CASE015480,chest_xray_triage,blind_first,1,blind_first_precommit
R025,20,CASE015481,chest_xray_triage,blind_first,1,blind_first_precommit
R025,20,CASE015482,chest_xray_triage,blind_first,1,blind_first_precommit
R025,20,CASE015483,chest_xray_triage,blind_first,0,blind_first_precommit
R025,20,CASE015484,chest_xray_triage,blind_first,1,blind_first_precommit
R025,20,CASE015485,chest_xray_triage,blind_first,1,blind_first_precommit
R025,20,CASE015486,chest_xray_triage,blind_first,1,ai_not_shown
R025,20,CASE015487,chest_xray_triage,blind_first,1,blind_first_precommit
R025,20,CASE015488,chest_xray_triage,blind_first,1,blind_first_precommit
R025,20,CASE015489,chest_xray_triage,blind_first,1,blind_first_precommit
R025,20,CASE015490,chest_xray_triage,blind_first,1,blind_first_precommit
R025,20,CASE015491,chest_xray_triage,blind_first,1,blind_first_precommit
R025,20,CASE015492,chest_xray_triage,blind_first,1,blind_first_precommit
R025,20,CASE015493,chest_xray_triage,blind_first,1,blind_first_precommit
R025,20,CASE015494,chest_xray_triage,blind_first,1,blind_first_precommit
R025,20,CASE015495,chest_xray_triage,blind_first,1,blind_first_precommit
R025,20,CASE015496,chest_xray_triage,blind_first,1,blind_first_precommit
R025,20,CASE015497,chest_xray_triage,blind_first,1,blind_first_precommit
R025,20,CASE015498,chest_xray_triage,blind_first,0,blind_first_precommit
R025,20,CASE015499,chest_xray_triage,blind_first,1,blind_first_precommit
R025,20,CASE015500,chest_xray_triage,blind_first,1,blind_first_precommit
R025,21,CASE015501,chest_xray_triage,blind_first,1,blind_first_precommit
R025,21,CASE015502,chest_xray_triage,blind_first,1,blind_first_precommit
R025,21,CASE015503,chest_xray_triage,blind_first,1,blind_first_precommit
R025,21,CASE015504,chest_xray_triage,blind_first,1,blind_first_precommit
R025,21,CASE015505,chest_xray_triage,blind_first,1,blind_first_precommit
R025,21,CASE015506,chest_xray_triage,blind_first,1,blind_first_precommit
R025,21,CASE015507,chest_xray_triage,blind_first,1,blind_first_precommit
R025,21,CASE015508,chest_xray_triage,blind_first,1,blind_first_precommit
R025,21,CASE015509,chest_xray_triage,blind_first,1,blind_first_precommit
R025,21,CASE015510,chest_xray_triage,blind_first,1,blind_first_precommit
R025,21,CASE015511,chest_xray_triage,blind_first,1,blind_first_precommit
R025,21,CASE015512,chest_xray_triage,blind_first,1,blind_first_precommit
R025,21,CASE015513,chest_xray_triage,blind_first,1,blind_first_precommit
R025,21,CASE015514,chest_xray_triage,blind_first,1,blind_first_precommit
R025,21,CASE015515,chest_xray_triage,blind_first,0,ai_not_shown
R025,21,CASE015516,chest_xray_triage,blind_first,1,blind_first_precommit
R025,21,CASE015517,chest_xray_triage,blind_first,1,blind_first_precommit
R025,21,CASE015518,chest_xray_triage,blind_first,1,ai_not_shown
R025,21,CASE015519,chest_xray_triage,blind_first,1,blind_first_precommit
R025,21,CASE015520,chest_xray_triage,blind_first,1,blind_first_precommit
R025,21,CASE015521,chest_xray_triage,blind_first,1,blind_first_precommit
R025,21,CASE015522,chest_xray_triage,blind_first,1,blind_first_precommit
R025,21,CASE015523,chest_xray_triage,blind_first,1,blind_first_precommit
R025,21,CASE015524,chest_xray_triage,blind_first,1,blind_first_precommit
R025,21,CASE015525,chest_xray_triage,blind_first,1,blind_first_precommit
R025,22,CASE015526,chest_xray_triage,blind_first,1,blind_first_precommit
R025,22,CASE015527,chest_xray_triage,blind_first,1,blind_first_precommit
R025,22,CASE015528,chest_xray_triage,blind_first,1,blind_first_precommit
R025,22,CASE015529,chest_xray_triage,blind_first,1,blind_first_precommit
R025,22,CASE015530,chest_xray_triage,blind_first,0,blind_first_precommit
R025,22,CASE015531,chest_xray_triage,blind_first,0,ai_not_shown
R025,22,CASE015532,chest_xray_triage,blind_first,1,blind_first_precommit
R025,22,CASE015533,chest_xray_triage,blind_first,1,blind_first_precommit
R025,22,CASE015534,chest_xray_triage,blind_first,1,blind_first_precommit
R025,22,CASE015535,chest_xray_triage,blind_first,1,blind_first_precommit
R025,22,CASE015536,chest_xray_triage,blind_first,1,blind_first_precommit
R025,22,CASE015537,chest_xray_triage,blind_first,1,blind_first_precommit
R025,22,CASE015538,chest_xray_triage,blind_first,1,blind_first_precommit
R025,22,CASE015539,chest_xray_triage,blind_first,1,blind_first_precommit
R025,22,CASE015540,chest_xray_triage,blind_first,1,blind_first_precommit
R025,22,CASE015541,chest_xray_triage,blind_first,1,blind_first_precommit
R025,22,CASE015542,chest_xray_triage,blind_first,1,blind_first_precommit
R025,22,CASE015543,chest_xray_triage,blind_first,1,blind_first_precommit
R025,22,CASE015544,chest_xray_triage,blind_first,1,blind_first_precommit
R025,22,CASE015545,chest_xray_triage,blind_first,1,blind_first_precommit
R025,22,CASE015546,chest_xray_triage,blind_first,1,blind_first_precommit
R025,22,CASE015547,chest_xray_triage,blind_first,1,blind_first_precommit
R025,22,CASE015548,chest_xray_triage,blind_first,1,blind_first_precommit
R025,22,CASE015549,chest_xray_triage,blind_first,1,blind_first_precommit
R025,22,CASE015550,chest_xray_triage,blind_first,1,blind_first_precommit
R025,23,CASE015551,chest_xray_triage,blind_first,1,blind_first_precommit
R025,23,CASE015552,chest_xray_triage,blind_first,1,blind_first_precommit
R025,23,CASE015553,chest_xray_triage,blind_first,1,blind_first_precommit
R025,23,CASE015554,chest_xray_triage,blind_first,1,blind_first_precommit
R025,23,CASE015555,chest_xray_triage,blind_first,1,blind_first_precommit
R025,23,CASE015556,chest_xray_triage,blind_first,1,blind_first_precommit
R025,23,CASE015557,chest_xray_triage,blind_first,1,blind_first_precommit
R025,23,CASE015558,chest_xray_triage,blind_first,1,blind_first_precommit
R025,23,CASE015559,chest_xray_triage,blind_first,1,blind_first_precommit
R025,23,CASE015560,chest_xray_triage,blind_first,1,blind_first_precommit
R025,23,CASE015561,chest_xray_triage,blind_first,1,blind_first_precommit
R025,23,CASE015562,chest_xray_triage,blind_first,1,blind_first_precommit
R025,23,CASE015563,chest_xray_triage,blind_first,1,blind_first_precommit
R025,23,CASE015564,chest_xray_triage,blind_first,1,blind_first_precommit
R025,23,CASE015565,chest_xray_triage,blind_first,1,blind_first_precommit
R025,23,CASE015566,chest_xray_triage,blind_first,0,blind_first_precommit
R025,23,CASE015567,chest_xray_triage,blind_first,1,blind_first_precommit
R025,23,CASE015568,chest_xray_triage,blind_first,1,blind_first_precommit
R025,23,CASE015569,chest_xray_triage,blind_first,1,blind_first_precommit
R025,23,CASE015570,chest_xray_triage,blind_first,1,blind_first_precommit
R025,23,CASE015571,chest_xray_triage,blind_first,1,blind_first_precommit
R025,23,CASE015572,chest_xray_triage,blind_first,1,blind_first_precommit
R025,23,CASE015573,chest_xray_triage,blind_first,1,blind_first_precommit
R025,23,CASE015574,chest_xray_triage,blind_first,1,blind_first_precommit
R025,23,CASE015575,chest_xray_triage,blind_first,1,blind_first_precommit
R025,24,CASE015576,chest_xray_triage,blind_first,1,blind_first_precommit
R025,24,CASE015577,chest_xray_triage,blind_first,1,blind_first_precommit
R025,24,CASE015578,chest_xray_triage,blind_first,1,blind_first_precommit
R025,24,CASE015579,chest_xray_triage,blind_first,1,blind_first_precommit
R025,24,CASE015580,chest_xray_triage,blind_first,1,blind_first_precommit
R025,24,CASE015581,chest_xray_triage,blind_first,1,blind_first_precommit
R025,24,CASE015582,chest_xray_triage,blind_first,1,ai_not_shown
R025,24,CASE015583,chest_xray_triage,blind_first,1,blind_first_precommit
R025,24,CASE015584,chest_xray_triage,blind_first,1,blind_first_precommit
R025,24,CASE015585,chest_xray_triage,blind_first,1,blind_first_precommit
R025,24,CASE015586,chest_xray_triage,blind_first,1,blind_first_precommit
R025,24,CASE015587,chest_xray_triage,blind_first,1,blind_first_precommit
R025,24,CASE015588,chest_xray_triage,blind_first,1,blind_first_precommit
R025,24,CASE015589,chest_xray_triage,blind_first,1,blind_first_precommit
R025,24,CASE015590,chest_xray_triage,blind_first,1,blind_first_precommit
R025,24,CASE015591,chest_xray_triage,blind_first,1,blind_first_precommit
R025,24,CASE015592,chest_xray_triage,blind_first,1,blind_first_precommit
R025,24,CASE015593,chest_xray_triage,blind_first,0,blind_first_precommit
R025,24,CASE015594,chest_xray_triage,blind_first,1,blind_first_precommit
R025,24,CASE015595,chest_xray_triage,blind_first,0,blind_first_precommit
R025,24,CASE015596,chest_xray_triage,blind_first,1,blind_first_precommit
R025,24,CASE015597,chest_xray_triage,blind_first,1,blind_first_precommit
R025,24,CASE015598,chest_xray_triage,blind_first,1,blind_first_precommit
R025,24,CASE015599,chest_xray_triage,blind_first,1,blind_first_precommit
R025,24,CASE015600,chest_xray_triage,blind_first,1,blind_first_precommit
R026,1,CASE015609,chest_xray_triage,withheld_ai,1,ai_not_shown
R026,1,CASE015614,chest_xray_triage,withheld_ai,1,ai_not_shown
R026,1,CASE015625,chest_xray_triage,withheld_ai,1,ai_not_shown
R026,2,CASE015639,chest_xray_triage,withheld_ai,1,ai_not_shown
R026,2,CASE015647,chest_xray_triage,withheld_ai,0,ai_not_shown
R026,2,CASE015648,chest_xray_triage,withheld_ai,1,ai_not_shown
R026,3,CASE015652,chest_xray_triage,withheld_ai,1,ai_not_shown
R026,3,CASE015661,chest_xray_triage,withheld_ai,1,ai_not_shown
R026,3,CASE015664,chest_xray_triage,withheld_ai,1,ai_not_shown
R026,3,CASE015674,chest_xray_triage,withheld_ai,1,ai_not_shown
R026,4,CASE015687,chest_xray_triage,withheld_ai,1,ai_not_shown
R026,5,CASE015703,chest_xray_triage,withheld_ai,1,ai_not_shown
R026,5,CASE015704,chest_xray_triage,withheld_ai,1,ai_not_shown
R026,5,CASE015707,chest_xray_triage,withheld_ai,1,ai_not_shown
R026,5,CASE015709,chest_xray_triage,withheld_ai,1,ai_not_shown
R026,5,CASE015723,chest_xray_triage,withheld_ai,1,ai_not_shown
R026,6,CASE015737,chest_xray_triage,withheld_ai,1,ai_not_shown
R026,6,CASE015738,chest_xray_triage,withheld_ai,1,ai_not_shown
R026,6,CASE015739,chest_xray_triage,withheld_ai,1,ai_not_shown
R026,6,CASE015744,chest_xray_triage,withheld_ai,1,ai_not_shown
R026,6,CASE015748,chest_xray_triage,withheld_ai,1,ai_not_shown
R026,7,CASE015757,chest_xray_triage,withheld_ai,1,ai_not_shown
R026,7,CASE015763,chest_xray_triage,withheld_ai,1,ai_not_shown
R026,7,CASE015771,chest_xray_triage,withheld_ai,1,ai_not_shown
R026,8,CASE015783,chest_xray_triage,withheld_ai,0,ai_not_shown
R026,8,CASE015799,chest_xray_triage,withheld_ai,1,ai_not_shown
R026,8,CASE015800,chest_xray_triage,withheld_ai,1,ai_not_shown
R026,9,CASE015805,chest_xray_triage,withheld_ai,1,ai_not_shown
R026,9,CASE015808,chest_xray_triage,withheld_ai,1,ai_not_shown
R026,9,CASE015813,chest_xray_triage,withheld_ai,0,ai_not_shown
R026,9,CASE015815,chest_xray_triage,withheld_ai,1,ai_not_shown
R026,10,CASE015830,chest_xray_triage,withheld_ai,1,ai_not_shown
R026,10,CASE015837,chest_xray_triage,withheld_ai,1,ai_not_shown
R026,10,CASE015839,chest_xray_triage,withheld_ai,1,ai_not_shown
R026,10,CASE015844,chest_xray_triage,withheld_ai,1,ai_not_shown
R026,10,CASE015846,chest_xray_triage,withheld_ai,1,ai_not_shown
R026,10,CASE015850,chest_xray_triage,withheld_ai,1,ai_not_shown
R026,11,CASE015853,chest_xray_triage,withheld_ai,0,ai_not_shown
R026,11,CASE015868,chest_xray_triage,withheld_ai,1,ai_not_shown
R026,11,CASE015873,chest_xray_triage,withheld_ai,1,ai_not_shown
R026,12,CASE015879,chest_xray_triage,withheld_ai,1,ai_not_shown
R026,12,CASE015883,chest_xray_triage,withheld_ai,1,ai_not_shown
R026,12,CASE015886,chest_xray_triage,withheld_ai,1,ai_not_shown
R026,13,CASE015901,chest_xray_triage,withheld_ai,1,ai_not_shown
R026,13,CASE015905,chest_xray_triage,withheld_ai,1,ai_not_shown
R026,13,CASE015924,chest_xray_triage,withheld_ai,0,ai_not_shown
R026,14,CASE015930,chest_xray_triage,withheld_ai,1,ai_not_shown
R026,14,CASE015932,chest_xray_triage,withheld_ai,1,ai_not_shown
R026,14,CASE015936,chest_xray_triage,withheld_ai,1,ai_not_shown
R026,14,CASE015937,chest_xray_triage,withheld_ai,1,ai_not_shown
R026,14,CASE015941,chest_xray_triage,withheld_ai,1,ai_not_shown
R026,15,CASE015957,chest_xray_triage,withheld_ai,1,ai_not_shown
R026,15,CASE015959,chest_xray_triage,withheld_ai,1,ai_not_shown
R026,15,CASE015962,chest_xray_triage,withheld_ai,1,ai_not_shown
R026,16,CASE015979,chest_xray_triage,withheld_ai,1,ai_not_shown
R026,16,CASE015986,chest_xray_triage,withheld_ai,1,ai_not_shown
R026,16,CASE015988,chest_xray_triage,withheld_ai,1,ai_not_shown
R026,16,CASE015998,chest_xray_triage,withheld_ai,1,ai_not_shown
R026,16,CASE016000,chest_xray_triage,withheld_ai,0,ai_not_shown
R026,17,CASE016006,chest_xray_triage,withheld_ai,0,ai_not_shown
R026,17,CASE016016,chest_xray_triage,withheld_ai,1,ai_not_shown
R026,18,CASE016026,chest_xray_triage,withheld_ai,1,ai_not_shown
R026,18,CASE016028,chest_xray_triage,withheld_ai,1,ai_not_shown
R026,18,CASE016031,chest_xray_triage,withheld_ai,1,ai_not_shown
R026,18,CASE016038,chest_xray_triage,withheld_ai,0,ai_not_shown
R026,18,CASE016039,chest_xray_triage,withheld_ai,1,ai_not_shown
R026,18,CASE016050,chest_xray_triage,withheld_ai,1,ai_not_shown
R026,19,CASE016054,chest_xray_triage,withheld_ai,1,ai_not_shown
R026,19,CASE016065,chest_xray_triage,withheld_ai,1,ai_not_shown
R026,19,CASE016066,chest_xray_triage,withheld_ai,1,ai_not_shown
R026,19,CASE016067,chest_xray_triage,withheld_ai,1,ai_not_shown
R026,19,CASE016069,chest_xray_triage,withheld_ai,1,ai_not_shown
R026,19,CASE016070,chest_xray_triage,withheld_ai,1,ai_not_shown
R026,19,CASE016073,chest_xray_triage,withheld_ai,1,ai_not_shown
R026,20,CASE016079,chest_xray_triage,withheld_ai,1,ai_not_shown
R026,20,CASE016082,chest_xray_triage,withheld_ai,1,ai_not_shown
R026,20,CASE016084,chest_xray_triage,withheld_ai,1,ai_not_shown
R026,20,CASE016086,chest_xray_triage,withheld_ai,1,ai_not_shown
R026,20,CASE016092,chest_xray_triage,withheld_ai,1,ai_not_shown
R026,20,CASE016098,chest_xray_triage,withheld_ai,1,ai_not_shown
R026,21,CASE016102,chest_xray_triage,withheld_ai,1,ai_not_shown
R026,21,CASE016104,chest_xray_triage,withheld_ai,1,ai_not_shown
R026,21,CASE016106,chest_xray_triage,withheld_ai,1,ai_not_shown
R026,21,CASE016111,chest_xray_triage,withheld_ai,1,ai_not_shown
R026,21,CASE016112,chest_xray_triage,withheld_ai,0,ai_not_shown
R026,21,CASE016114,chest_xray_triage,withheld_ai,1,ai_not_shown
R026,21,CASE016115,chest_xray_triage,withheld_ai,1,ai_not_shown
R026,21,CASE016121,chest_xray_triage,withheld_ai,1,ai_not_shown
R026,22,CASE016129,chest_xray_triage,withheld_ai,1,ai_not_shown
R026,22,CASE016134,chest_xray_triage,withheld_ai,1,ai_not_shown
R026,22,CASE016140,chest_xray_triage,withheld_ai,1,ai_not_shown
R026,22,CASE016141,chest_xray_triage,withheld_ai,1,ai_not_shown
R026,22,CASE016145,chest_xray_triage,withheld_ai,0,ai_not_shown
R026,22,CASE016146,chest_xray_triage,withheld_ai,1,ai_not_shown
R026,23,CASE016161,chest_xray_triage,withheld_ai,1,ai_not_shown
R026,23,CASE016162,chest_xray_triage,withheld_ai,1,ai_not_shown
R026,23,CASE016167,chest_xray_triage,withheld_ai,0,ai_not_shown
R026,24,CASE016176,chest_xray_triage,withheld_ai,1,ai_not_shown
R026,24,CASE016177,chest_xray_triage,withheld_ai,1,ai_not_shown
R026,24,CASE016182,chest_xray_triage,withheld_ai,1,ai_not_shown
R026,24,CASE016188,chest_xray_triage,withheld_ai,1,ai_not_shown
R026,24,CASE016191,chest_xray_triage,withheld_ai,1,ai_not_shown
R026,24,CASE016192,chest_xray_triage,withheld_ai,1,ai_not_shown
R027,4,CASE016297,chest_xray_triage,disagreement_prompt,1,ai_not_shown
R027,5,CASE016311,chest_xray_triage,disagreement_prompt,1,ai_not_shown
R027,5,CASE016312,chest_xray_triage,disagreement_prompt,1,ai_not_shown
R027,6,CASE016331,chest_xray_triage,disagreement_prompt,1,ai_not_shown
R027,6,CASE016332,chest_xray_triage,disagreement_prompt,1,ai_not_shown
R027,7,CASE016363,chest_xray_triage,disagreement_prompt,0,ai_not_shown
R027,8,CASE016393,chest_xray_triage,disagreement_prompt,1,ai_not_shown
R027,9,CASE016412,chest_xray_triage,disagreement_prompt,1,ai_not_shown
R027,9,CASE016416,chest_xray_triage,disagreement_prompt,1,ai_not_shown
R027,9,CASE016425,chest_xray_triage,disagreement_prompt,0,ai_not_shown
R027,10,CASE016428,chest_xray_triage,disagreement_prompt,1,ai_not_shown
R027,10,CASE016437,chest_xray_triage,disagreement_prompt,1,ai_not_shown
R027,10,CASE016439,chest_xray_triage,disagreement_prompt,1,ai_not_shown
R027,11,CASE016458,chest_xray_triage,disagreement_prompt,1,ai_not_shown
R027,11,CASE016459,chest_xray_triage,disagreement_prompt,1,ai_not_shown
R027,11,CASE016468,chest_xray_triage,disagreement_prompt,1,ai_not_shown
R027,12,CASE016480,chest_xray_triage,disagreement_prompt,1,ai_not_shown
R027,12,CASE016487,chest_xray_triage,disagreement_prompt,0,ai_not_shown
R027,15,CASE016551,chest_xray_triage,disagreement_prompt,1,ai_not_shown
R027,15,CASE016553,chest_xray_triage,disagreement_prompt,0,ai_not_shown
R027,15,CASE016555,chest_xray_triage,disagreement_prompt,0,ai_not_shown
R027,15,CASE016569,chest_xray_triage,disagreement_prompt,1,ai_not_shown
R027,16,CASE016583,chest_xray_triage,disagreement_prompt,1,ai_not_shown
R027,16,CASE016596,chest_xray_triage,disagreement_prompt,1,ai_not_shown
R027,17,CASE016624,chest_xray_triage,disagreement_prompt,1,ai_not_shown
R027,18,CASE016638,chest_xray_triage,disagreement_prompt,1,ai_not_shown
R027,19,CASE016655,chest_xray_triage,disagreement_prompt,0,ai_not_shown
R027,19,CASE016672,chest_xray_triage,disagreement_prompt,1,ai_not_shown
R027,20,CASE016683,chest_xray_triage,disagreement_prompt,1,ai_not_shown
R027,20,CASE016696,chest_xray_triage,disagreement_prompt,0,ai_not_shown
R027,20,CASE016700,chest_xray_triage,disagreement_prompt,1,ai_not_shown
R027,21,CASE016719,chest_xray_triage,disagreement_prompt,1,ai_not_shown
R027,21,CASE016722,chest_xray_triage,disagreement_prompt,1,ai_not_shown
R027,23,CASE016752,chest_xray_triage,disagreement_prompt,1,ai_not_shown
R027,23,CASE016755,chest_xray_triage,disagreement_prompt,1,ai_not_shown
R027,23,CASE016772,chest_xray_triage,disagreement_prompt,1,ai_not_shown
R027,24,CASE016791,chest_xray_triage,disagreement_prompt,0,ai_not_shown
R027,24,CASE016797,chest_xray_triage,disagreement_prompt,1,ai_not_shown
R027,24,CASE016798,chest_xray_triage,disagreement_prompt,1,ai_not_shown
R028,1,CASE016809,chest_xray_triage,control_always_ai,1,ai_not_shown
R028,3,CASE016854,chest_xray_triage,control_always_ai,1,ai_not_shown
R028,3,CASE016859,chest_xray_triage,control_always_ai,1,ai_not_shown
R028,5,CASE016908,chest_xray_triage,control_always_ai,1,ai_not_shown
R028,5,CASE016915,chest_xray_triage,control_always_ai,1,ai_not_shown
R028,5,CASE016921,chest_xray_triage,control_always_ai,1,ai_not_shown
R028,5,CASE016922,chest_xray_triage,control_always_ai,1,ai_not_shown
R028,6,CASE016932,chest_xray_triage,control_always_ai,1,ai_not_shown
R028,6,CASE016937,chest_xray_triage,control_always_ai,1,ai_not_shown
R028,6,CASE016944,chest_xray_triage,control_always_ai,1,ai_not_shown
R028,7,CASE016956,chest_xray_triage,control_always_ai,1,ai_not_shown
R028,7,CASE016968,chest_xray_triage,control_always_ai,1,ai_not_shown
R028,8,CASE016989,chest_xray_triage,control_always_ai,1,ai_not_shown
R028,8,CASE016990,chest_xray_triage,control_always_ai,1,ai_not_shown
R028,9,CASE017002,chest_xray_triage,control_always_ai,1,ai_not_shown
R028,9,CASE017011,chest_xray_triage,control_always_ai,1,ai_not_shown
R028,9,CASE017023,chest_xray_triage,control_always_ai,1,ai_not_shown
R028,10,CASE017043,chest_xray_triage,control_always_ai,1,ai_not_shown
R028,13,CASE017104,chest_xray_triage,control_always_ai,0,ai_not_shown
R028,14,CASE017135,chest_xray_triage,control_always_ai,1,ai_not_shown
R028,15,CASE017152,chest_xray_triage,control_always_ai,1,ai_not_shown
R028,15,CASE017160,chest_xray_triage,control_always_ai,1,ai_not_shown
R028,15,CASE017170,chest_xray_triage,control_always_ai,1,ai_not_shown
R028,16,CASE017179,chest_xray_triage,control_always_ai,1,ai_not_shown
R028,16,CASE017180,chest_xray_triage,control_always_ai,0,ai_not_shown
R028,17,CASE017211,chest_xray_triage,control_always_ai,1,ai_not_shown
R028,17,CASE017216,chest_xray_triage,control_always_ai,1,ai_not_shown
R028,17,CASE017218,chest_xray_triage,control_always_ai,1,ai_not_shown
R028,18,CASE017237,chest_xray_triage,control_always_ai,1,ai_not_shown
R028,19,CASE017273,chest_xray_triage,control_always_ai,1,ai_not_shown
R028,20,CASE017276,chest_xray_triage,control_always_ai,0,ai_not_shown
R028,20,CASE017282,chest_xray_triage,control_always_ai,1,ai_not_shown
R028,20,CASE017288,chest_xray_triage,control_always_ai,1,ai_not_shown
R028,20,CASE017296,chest_xray_triage,control_always_ai,0,ai_not_shown
R028,21,CASE017306,chest_xray_triage,control_always_ai,0,ai_not_shown
R028,21,CASE017311,chest_xray_triage,control_always_ai,1,ai_not_shown
R028,21,CASE017322,chest_xray_triage,control_always_ai,1,ai_not_shown
R028,21,CASE017325,chest_xray_triage,control_always_ai,1,ai_not_shown
R028,22,CASE017342,chest_xray_triage,control_always_ai,1,ai_not_shown
R028,22,CASE017348,chest_xray_triage,control_always_ai,1,ai_not_shown
R028,23,CASE017353,chest_xray_triage,control_always_ai,1,ai_not_shown
R028,24,CASE017400,chest_xray_triage,control_always_ai,0,ai_not_shown
R029,1,CASE017401,chest_xray_triage,blind_first,1,blind_first_precommit
R029,1,CASE017402,chest_xray_triage,blind_first,1,blind_first_precommit
R029,1,CASE017403,chest_xray_triage,blind_first,0,blind_first_precommit
R029,1,CASE017404,chest_xray_triage,blind_first,1,blind_first_precommit
R029,1,CASE017405,chest_xray_triage,blind_first,1,ai_not_shown
R029,1,CASE017406,chest_xray_triage,blind_first,1,blind_first_precommit
R029,1,CASE017407,chest_xray_triage,blind_first,1,blind_first_precommit
R029,1,CASE017408,chest_xray_triage,blind_first,0,blind_first_precommit
R029,1,CASE017409,chest_xray_triage,blind_first,1,blind_first_precommit
R029,1,CASE017410,chest_xray_triage,blind_first,0,blind_first_precommit
R029,1,CASE017411,chest_xray_triage,blind_first,1,blind_first_precommit
R029,1,CASE017412,chest_xray_triage,blind_first,1,blind_first_precommit
R029,1,CASE017413,chest_xray_triage,blind_first,0,blind_first_precommit
R029,1,CASE017414,chest_xray_triage,blind_first,1,blind_first_precommit
R029,1,CASE017415,chest_xray_triage,blind_first,1,blind_first_precommit
R029,1,CASE017416,chest_xray_triage,blind_first,1,blind_first_precommit
R029,1,CASE017417,chest_xray_triage,blind_first,1,blind_first_precommit
R029,1,CASE017418,chest_xray_triage,blind_first,0,blind_first_precommit
R029,1,CASE017419,chest_xray_triage,blind_first,1,ai_not_shown
R029,1,CASE017420,chest_xray_triage,blind_first,1,blind_first_precommit
R029,1,CASE017421,chest_xray_triage,blind_first,1,blind_first_precommit
R029,1,CASE017422,chest_xray_triage,blind_first,1,blind_first_precommit
R029,1,CASE017423,chest_xray_triage,blind_first,1,blind_first_precommit
R029,1,CASE017424,chest_xray_triage,blind_first,1,blind_first_precommit
R029,1,CASE017425,chest_xray_triage,blind_first,1,blind_first_precommit
R029,2,CASE017426,chest_xray_triage,blind_first,1,blind_first_precommit
R029,2,CASE017427,chest_xray_triage,blind_first,1,blind_first_precommit
R029,2,CASE017428,chest_xray_triage,blind_first,1,blind_first_precommit
R029,2,CASE017429,chest_xray_triage,blind_first,1,blind_first_precommit
R029,2,CASE017430,chest_xray_triage,blind_first,0,ai_not_shown
R029,2,CASE017431,chest_xray_triage,blind_first,1,ai_not_shown
R029,2,CASE017432,chest_xray_triage,blind_first,1,blind_first_precommit
R029,2,CASE017433,chest_xray_triage,blind_first,1,blind_first_precommit
R029,2,CASE017434,chest_xray_triage,blind_first,1,blind_first_precommit
R029,2,CASE017435,chest_xray_triage,blind_first,1,blind_first_precommit
R029,2,CASE017436,chest_xray_triage,blind_first,1,blind_first_precommit
R029,2,CASE017437,chest_xray_triage,blind_first,1,blind_first_precommit
R029,2,CASE017438,chest_xray_triage,blind_first,1,blind_first_precommit
R029,2,CASE017439,chest_xray_triage,blind_first,1,blind_first_precommit
R029,2,CASE017440,chest_xray_triage,blind_first,1,blind_first_precommit
R029,2,CASE017441,chest_xray_triage,blind_first,0,blind_first_precommit
R029,2,CASE017442,chest_xray_triage,blind_first,1,blind_first_precommit
R029,2,CASE017443,chest_xray_triage,blind_first,0,blind_first_precommit
R029,2,CASE017444,chest_xray_triage,blind_first,1,ai_not_shown
R029,2,CASE017445,chest_xray_triage,blind_first,0,blind_first_precommit
R029,2,CASE017446,chest_xray_triage,blind_first,1,blind_first_precommit
R029,2,CASE017447,chest_xray_triage,blind_first,1,ai_not_shown
R029,2,CASE017448,chest_xray_triage,blind_first,1,blind_first_precommit
R029,2,CASE017449,chest_xray_triage,blind_first,1,blind_first_precommit
R029,2,CASE017450,chest_xray_triage,blind_first,1,blind_first_precommit
R029,3,CASE017451,chest_xray_triage,blind_first,1,ai_not_shown
R029,3,CASE017452,chest_xray_triage,blind_first,1,blind_first_precommit
R029,3,CASE017453,chest_xray_triage,blind_first,1,blind_first_precommit
R029,3,CASE017454,chest_xray_triage,blind_first,1,blind_first_precommit
R029,3,CASE017455,chest_xray_triage,blind_first,1,blind_first_precommit
R029,3,CASE017456,chest_xray_triage,blind_first,1,blind_first_precommit
R029,3,CASE017457,chest_xray_triage,blind_first,1,blind_first_precommit
R029,3,CASE017458,chest_xray_triage,blind_first,1,blind_first_precommit
R029,3,CASE017459,chest_xray_triage,blind_first,1,blind_first_precommit
R029,3,CASE017460,chest_xray_triage,blind_first,1,blind_first_precommit
R029,3,CASE017461,chest_xray_triage,blind_first,1,blind_first_precommit
R029,3,CASE017462,chest_xray_triage,blind_first,1,blind_first_precommit
R029,3,CASE017463,chest_xray_triage,blind_first,1,blind_first_precommit
R029,3,CASE017464,chest_xray_triage,blind_first,1,ai_not_shown
R029,3,CASE017465,chest_xray_triage,blind_first,1,blind_first_precommit
R029,3,CASE017466,chest_xray_triage,blind_first,1,ai_not_shown
R029,3,CASE017467,chest_xray_triage,blind_first,1,blind_first_precommit
R029,3,CASE017468,chest_xray_triage,blind_first,1,blind_first_precommit
R029,3,CASE017469,chest_xray_triage,blind_first,1,blind_first_precommit
R029,3,CASE017470,chest_xray_triage,blind_first,0,blind_first_precommit
R029,3,CASE017471,chest_xray_triage,blind_first,1,blind_first_precommit
R029,3,CASE017472,chest_xray_triage,blind_first,1,blind_first_precommit
R029,3,CASE017473,chest_xray_triage,blind_first,1,blind_first_precommit
R029,3,CASE017474,chest_xray_triage,blind_first,1,blind_first_precommit
R029,3,CASE017475,chest_xray_triage,blind_first,1,blind_first_precommit
R029,4,CASE017476,chest_xray_triage,blind_first,0,blind_first_precommit
R029,4,CASE017477,chest_xray_triage,blind_first,0,blind_first_precommit
R029,4,CASE017478,chest_xray_triage,blind_first,1,blind_first_precommit
R029,4,CASE017479,chest_xray_triage,blind_first,1,blind_first_precommit
R029,4,CASE017480,chest_xray_triage,blind_first,0,blind_first_precommit
R029,4,CASE017481,chest_xray_triage,blind_first,0,blind_first_precommit
R029,4,CASE017482,chest_xray_triage,blind_first,1,blind_first_precommit
R029,4,CASE017483,chest_xray_triage,blind_first,1,blind_first_precommit
R029,4,CASE017484,chest_xray_triage,blind_first,0,blind_first_precommit
R029,4,CASE017485,chest_xray_triage,blind_first,1,blind_first_precommit
R029,4,CASE017486,chest_xray_triage,blind_first,1,blind_first_precommit
R029,4,CASE017487,chest_xray_triage,blind_first,1,blind_first_precommit
R029,4,CASE017488,chest_xray_triage,blind_first,1,blind_first_precommit
R029,4,CASE017489,chest_xray_triage,blind_first,0,blind_first_precommit
R029,4,CASE017490,chest_xray_triage,blind_first,1,blind_first_precommit
R029,4,CASE017491,chest_xray_triage,blind_first,1,ai_not_shown
R029,4,CASE017492,chest_xray_triage,blind_first,1,blind_first_precommit
R029,4,CASE017493,chest_xray_triage,blind_first,1,blind_first_precommit
R029,4,CASE017494,chest_xray_triage,blind_first,1,blind_first_precommit
R029,4,CASE017495,chest_xray_triage,blind_first,1,blind_first_precommit
R029,4,CASE017496,chest_xray_triage,blind_first,1,blind_first_precommit
R029,4,CASE017497,chest_xray_triage,blind_first,1,blind_first_precommit
R029,4,CASE017498,chest_xray_triage,blind_first,1,blind_first_precommit
R029,4,CASE017499,chest_xray_triage,blind_first,1,blind_first_precommit
R029,4,CASE017500,chest_xray_triage,blind_first,1,blind_first_precommit
R029,5,CASE017501,chest_xray_triage,blind_first,1,blind_first_precommit
R029,5,CASE017502,chest_xray_triage,blind_first,1,blind_first_precommit
R029,5,CASE017503,chest_xray_triage,blind_first,1,blind_first_precommit
R029,5,CASE017504,chest_xray_triage,blind_first,1,blind_first_precommit
R029,5,CASE017505,chest_xray_triage,blind_first,1,blind_first_precommit
R029,5,CASE017506,chest_xray_triage,blind_first,1,blind_first_precommit
R029,5,CASE017507,chest_xray_triage,blind_first,1,blind_first_precommit
R029,5,CASE017508,chest_xray_triage,blind_first,1,blind_first_precommit
R029,5,CASE017509,chest_xray_triage,blind_first,1,blind_first_precommit
R029,5,CASE017510,chest_xray_triage,blind_first,1,blind_first_precommit
R029,5,CASE017511,chest_xray_triage,blind_first,0,blind_first_precommit
R029,5,CASE017512,chest_xray_triage,blind_first,0,blind_first_precommit
R029,5,CASE017513,chest_xray_triage,blind_first,0,blind_first_precommit
R029,5,CASE017514,chest_xray_triage,blind_first,1,blind_first_precommit
R029,5,CASE017515,chest_xray_triage,blind_first,1,blind_first_precommit
R029,5,CASE017516,chest_xray_triage,blind_first,1,blind_first_precommit
R029,5,CASE017517,chest_xray_triage,blind_first,0,blind_first_precommit
R029,5,CASE017518,chest_xray_triage,blind_first,1,blind_first_precommit
R029,5,CASE017519,chest_xray_triage,blind_first,0,blind_first_precommit
R029,5,CASE017520,chest_xray_triage,blind_first,0,ai_not_shown
R029,5,CASE017521,chest_xray_triage,blind_first,1,blind_first_precommit
R029,5,CASE017522,chest_xray_triage,blind_first,1,blind_first_precommit
R029,5,CASE017523,chest_xray_triage,blind_first,1,blind_first_precommit
R029,5,CASE017524,chest_xray_triage,blind_first,1,blind_first_precommit
R029,5,CASE017525,chest_xray_triage,blind_first,1,blind_first_precommit
R029,6,CASE017526,chest_xray_triage,blind_first,1,blind_first_precommit
R029,6,CASE017527,chest_xray_triage,blind_first,1,blind_first_precommit
R029,6,CASE017528,chest_xray_triage,blind_first,1,blind_first_precommit
R029,6,CASE017529,chest_xray_triage,blind_first,1,blind_first_precommit
R029,6,CASE017530,chest_xray_triage,blind_first,1,blind_first_precommit
R029,6,CASE017531,chest_xray_triage,blind_first,1,ai_not_shown
R029,6,CASE017532,chest_xray_triage,blind_first,1,blind_first_precommit
R029,6,CASE017533,chest_xray_triage,blind_first,1,blind_first_precommit
R029,6,CASE017534,chest_xray_triage,blind_first,1,blind_first_precommit
R029,6,CASE017535,chest_xray_triage,blind_first,1,blind_first_precommit
R029,6,CASE017536,chest_xray_triage,blind_first,1,blind_first_precommit
R029,6,CASE017537,chest_xray_triage,blind_first,0,ai_not_shown
R029,6,CASE017538,chest_xray_triage,blind_first,1,blind_first_precommit
R029,6,CASE017539,chest_xray_triage,blind_first,1,blind_first_precommit
R029,6,CASE017540,chest_xray_triage,blind_first,1,blind_first_precommit
R029,6,CASE017541,chest_xray_triage,blind_first,0,blind_first_precommit
R029,6,CASE017542,chest_xray_triage,blind_first,1,blind_first_precommit
R029,6,CASE017543,chest_xray_triage,blind_first,1,blind_first_precommit
R029,6,CASE017544,chest_xray_triage,blind_first,1,ai_not_shown
R029,6,CASE017545,chest_xray_triage,blind_first,1,ai_not_shown
R029,6,CASE017546,chest_xray_triage,blind_first,1,blind_first_precommit
R029,6,CASE017547,chest_xray_triage,blind_first,1,blind_first_precommit
R029,6,CASE017548,chest_xray_triage,blind_first,1,blind_first_precommit
R029,6,CASE017549,chest_xray_triage,blind_first,1,ai_not_shown
R029,6,CASE017550,chest_xray_triage,blind_first,1,blind_first_precommit
R029,7,CASE017551,chest_xray_triage,blind_first,1,blind_first_precommit
R029,7,CASE017552,chest_xray_triage,blind_first,1,blind_first_precommit
R029,7,CASE017553,chest_xray_triage,blind_first,1,blind_first_precommit
R029,7,CASE017554,chest_xray_triage,blind_first,1,blind_first_precommit
R029,7,CASE017555,chest_xray_triage,blind_first,1,blind_first_precommit
R029,7,CASE017556,chest_xray_triage,blind_first,1,blind_first_precommit
R029,7,CASE017557,chest_xray_triage,blind_first,1,ai_not_shown
R029,7,CASE017558,chest_xray_triage,blind_first,1,blind_first_precommit
R029,7,CASE017559,chest_xray_triage,blind_first,1,blind_first_precommit
R029,7,CASE017560,chest_xray_triage,blind_first,1,blind_first_precommit
R029,7,CASE017561,chest_xray_triage,blind_first,1,blind_first_precommit
R029,7,CASE017562,chest_xray_triage,blind_first,1,blind_first_precommit
R029,7,CASE017563,chest_xray_triage,blind_first,1,blind_first_precommit
R029,7,CASE017564,chest_xray_triage,blind_first,1,blind_first_precommit
R029,7,CASE017565,chest_xray_triage,blind_first,0,blind_first_precommit
R029,7,CASE017566,chest_xray_triage,blind_first,1,blind_first_precommit
R029,7,CASE017567,chest_xray_triage,blind_first,1,blind_first_precommit
R029,7,CASE017568,chest_xray_triage,blind_first,1,blind_first_precommit
R029,7,CASE017569,chest_xray_triage,blind_first,0,blind_first_precommit
R029,7,CASE017570,chest_xray_triage,blind_first,1,blind_first_precommit
R029,7,CASE017571,chest_xray_triage,blind_first,1,blind_first_precommit
R029,7,CASE017572,chest_xray_triage,blind_first,1,ai_not_shown
R029,7,CASE017573,chest_xray_triage,blind_first,1,blind_first_precommit
R029,7,CASE017574,chest_xray_triage,blind_first,1,blind_first_precommit
R029,7,CASE017575,chest_xray_triage,blind_first,1,ai_not_shown
R029,8,CASE017576,chest_xray_triage,blind_first,1,blind_first_precommit
R029,8,CASE017577,chest_xray_triage,blind_first,1,blind_first_precommit
R029,8,CASE017578,chest_xray_triage,blind_first,1,blind_first_precommit
R029,8,CASE017579,chest_xray_triage,blind_first,1,blind_first_precommit
R029,8,CASE017580,chest_xray_triage,blind_first,1,blind_first_precommit
R029,8,CASE017581,chest_xray_triage,blind_first,1,blind_first_precommit
R029,8,CASE017582,chest_xray_triage,blind_first,1,blind_first_precommit
R029,8,CASE017583,chest_xray_triage,blind_first,1,blind_first_precommit
R029,8,CASE017584,chest_xray_triage,blind_first,1,blind_first_precommit
R029,8,CASE017585,chest_xray_triage,blind_first,1,blind_first_precommit
R029,8,CASE017586,chest_xray_triage,blind_first,1,blind_first_precommit
R029,8,CASE017587,chest_xray_triage,blind_first,1,blind_first_precommit
R029,8,CASE017588,chest_xray_triage,blind_first,0,blind_first_precommit
R029,8,CASE017589,chest_xray_triage,blind_first,1,blind_first_precommit
R029,8,CASE017590,chest_xray_triage,blind_first,0,blind_first_precommit
R029,8,CASE017591,chest_xray_triage,blind_first,1,blind_first_precommit
R029,8,CASE017592,chest_xray_triage,blind_first,1,blind_first_precommit
R029,8,CASE017593,chest_xray_triage,blind_first,1,blind_first_precommit
R029,8,CASE017594,chest_xray_triage,blind_first,1,blind_first_precommit
R029,8,CASE017595,chest_xray_triage,blind_first,1,blind_first_precommit
R029,8,CASE017596,chest_xray_triage,blind_first,1,blind_first_precommit
R029,8,CASE017597,chest_xray_triage,blind_first,1,blind_first_precommit
R029,8,CASE017598,chest_xray_triage,blind_first,0,blind_first_precommit
R029,8,CASE017599,chest_xray_triage,blind_first,1,blind_first_precommit
R029,8,CASE017600,chest_xray_triage,blind_first,1,blind_first_precommit
R029,9,CASE017601,chest_xray_triage,blind_first,1,blind_first_precommit
R029,9,CASE017602,chest_xray_triage,blind_first,1,blind_first_precommit
R029,9,CASE017603,chest_xray_triage,blind_first,1,blind_first_precommit
R029,9,CASE017604,chest_xray_triage,blind_first,1,blind_first_precommit
R029,9,CASE017605,chest_xray_triage,blind_first,1,ai_not_shown
R029,9,CASE017606,chest_xray_triage,blind_first,1,blind_first_precommit
R029,9,CASE017607,chest_xray_triage,blind_first,0,ai_not_shown
R029,9,CASE017608,chest_xray_triage,blind_first,1,blind_first_precommit
R029,9,CASE017609,chest_xray_triage,blind_first,1,blind_first_precommit
R029,9,CASE017610,chest_xray_triage,blind_first,1,blind_first_precommit
R029,9,CASE017611,chest_xray_triage,blind_first,1,blind_first_precommit
R029,9,CASE017612,chest_xray_triage,blind_first,0,blind_first_precommit
R029,9,CASE017613,chest_xray_triage,blind_first,1,blind_first_precommit
R029,9,CASE017614,chest_xray_triage,blind_first,1,blind_first_precommit
R029,9,CASE017615,chest_xray_triage,blind_first,1,blind_first_precommit
R029,9,CASE017616,chest_xray_triage,blind_first,1,blind_first_precommit
R029,9,CASE017617,chest_xray_triage,blind_first,1,blind_first_precommit
R029,9,CASE017618,chest_xray_triage,blind_first,1,blind_first_precommit
R029,9,CASE017619,chest_xray_triage,blind_first,1,blind_first_precommit
R029,9,CASE017620,chest_xray_triage,blind_first,1,blind_first_precommit
R029,9,CASE017621,chest_xray_triage,blind_first,1,blind_first_precommit
R029,9,CASE017622,chest_xray_triage,blind_first,1,blind_first_precommit
R029,9,CASE017623,chest_xray_triage,blind_first,1,blind_first_precommit
R029,9,CASE017624,chest_xray_triage,blind_first,1,blind_first_precommit
R029,9,CASE017625,chest_xray_triage,blind_first,0,blind_first_precommit
R029,10,CASE017626,chest_xray_triage,blind_first,1,blind_first_precommit
R029,10,CASE017627,chest_xray_triage,blind_first,1,blind_first_precommit
R029,10,CASE017628,chest_xray_triage,blind_first,1,blind_first_precommit
R029,10,CASE017629,chest_xray_triage,blind_first,1,blind_first_precommit
R029,10,CASE017630,chest_xray_triage,blind_first,1,blind_first_precommit
R029,10,CASE017631,chest_xray_triage,blind_first,1,blind_first_precommit
R029,10,CASE017632,chest_xray_triage,blind_first,1,blind_first_precommit
R029,10,CASE017633,chest_xray_triage,blind_first,1,blind_first_precommit
R029,10,CASE017634,chest_xray_triage,blind_first,1,blind_first_precommit
R029,10,CASE017635,chest_xray_triage,blind_first,1,blind_first_precommit
R029,10,CASE017636,chest_xray_triage,blind_first,1,blind_first_precommit
R029,10,CASE017637,chest_xray_triage,blind_first,1,blind_first_precommit
R029,10,CASE017638,chest_xray_triage,blind_first,1,blind_first_precommit
R029,10,CASE017639,chest_xray_triage,blind_first,0,blind_first_precommit
R029,10,CASE017640,chest_xray_triage,blind_first,1,blind_first_precommit
R029,10,CASE017641,chest_xray_triage,blind_first,1,blind_first_precommit
R029,10,CASE017642,chest_xray_triage,blind_first,1,blind_first_precommit
R029,10,CASE017643,chest_xray_triage,blind_first,0,blind_first_precommit
R029,10,CASE017644,chest_xray_triage,blind_first,1,blind_first_precommit
R029,10,CASE017645,chest_xray_triage,blind_first,1,blind_first_precommit
R029,10,CASE017646,chest_xray_triage,blind_first,1,ai_not_shown
R029,10,CASE017647,chest_xray_triage,blind_first,1,blind_first_precommit
R029,10,CASE017648,chest_xray_triage,blind_first,1,blind_first_precommit
R029,10,CASE017649,chest_xray_triage,blind_first,1,blind_first_precommit
R029,10,CASE017650,chest_xray_triage,blind_first,1,blind_first_precommit
R029,11,CASE017651,chest_xray_triage,blind_first,0,blind_first_precommit
R029,11,CASE017652,chest_xray_triage,blind_first,1,blind_first_precommit
R029,11,CASE017653,chest_xray_triage,blind_first,1,blind_first_precommit
R029,11,CASE017654,chest_xray_triage,blind_first,1,blind_first_precommit
R029,11,CASE017655,chest_xray_triage,blind_first,1,blind_first_precommit
R029,11,CASE017656,chest_xray_triage,blind_first,0,blind_first_precommit
R029,11,CASE017657,chest_xray_triage,blind_first,1,blind_first_precommit
R029,11,CASE017658,chest_xray_triage,blind_first,1,blind_first_precommit
R029,11,CASE017659,chest_xray_triage,blind_first,0,blind_first_precommit
R029,11,CASE017660,chest_xray_triage,blind_first,1,blind_first_precommit
R029,11,CASE017661,chest_xray_triage,blind_first,1,blind_first_precommit
R029,11,CASE017662,chest_xray_triage,blind_first,1,blind_first_precommit
R029,11,CASE017663,chest_xray_triage,blind_first,0,blind_first_precommit
R029,11,CASE017664,chest_xray_triage,blind_first,1,blind_first_precommit
R029,11,CASE017665,chest_xray_triage,blind_first,1,blind_first_precommit
R029,11,CASE017666,chest_xray_triage,blind_first,0,ai_not_shown
R029,11,CASE017667,chest_xray_triage,blind_first,0,blind_first_precommit
R029,11,CASE017668,chest_xray_triage,blind_first,0,blind_first_precommit
R029,11,CASE017669,chest_xray_triage,blind_first,1,blind_first_precommit
R029,11,CASE017670,chest_xray_triage,blind_first,1,blind_first_precommit
R029,11,CASE017671,chest_xray_triage,blind_first,1,blind_first_precommit
R029,11,CASE017672,chest_xray_triage,blind_first,1,blind_first_precommit
R029,11,CASE017673,chest_xray_triage,blind_first,1,blind_first_precommit
R029,11,CASE017674,chest_xray_triage,blind_first,1,blind_first_precommit
R029,11,CASE017675,chest_xray_triage,blind_first,1,blind_first_precommit
R029,12,CASE017676,chest_xray_triage,blind_first,1,blind_first_precommit
R029,12,CASE017677,chest_xray_triage,blind_first,1,blind_first_precommit
R029,12,CASE017678,chest_xray_triage,blind_first,1,blind_first_precommit
R029,12,CASE017679,chest_xray_triage,blind_first,0,blind_first_precommit
R029,12,CASE017680,chest_xray_triage,blind_first,1,blind_first_precommit
R029,12,CASE017681,chest_xray_triage,blind_first,1,blind_first_precommit
R029,12,CASE017682,chest_xray_triage,blind_first,1,blind_first_precommit
R029,12,CASE017683,chest_xray_triage,blind_first,1,blind_first_precommit
R029,12,CASE017684,chest_xray_triage,blind_first,1,blind_first_precommit
R029,12,CASE017685,chest_xray_triage,blind_first,1,blind_first_precommit
R029,12,CASE017686,chest_xray_triage,blind_first,1,blind_first_precommit
R029,12,CASE017687,chest_xray_triage,blind_first,1,blind_first_precommit
R029,12,CASE017688,chest_xray_triage,blind_first,1,blind_first_precommit
R029,12,CASE017689,chest_xray_triage,blind_first,1,blind_first_precommit
R029,12,CASE017690,chest_xray_triage,blind_first,1,ai_not_shown
R029,12,CASE017691,chest_xray_triage,blind_first,1,blind_first_precommit
R029,12,CASE017692,chest_xray_triage,blind_first,1,blind_first_precommit
R029,12,CASE017693,chest_xray_triage,blind_first,1,blind_first_precommit
R029,12,CASE017694,chest_xray_triage,blind_first,1,blind_first_precommit
R029,12,CASE017695,chest_xray_triage,blind_first,0,blind_first_precommit
R029,12,CASE017696,chest_xray_triage,blind_first,1,ai_not_shown
R029,12,CASE017697,chest_xray_triage,blind_first,1,blind_first_precommit
R029,12,CASE017698,chest_xray_triage,blind_first,1,blind_first_precommit
R029,12,CASE017699,chest_xray_triage,blind_first,1,blind_first_precommit
R029,12,CASE017700,chest_xray_triage,blind_first,1,blind_first_precommit
R029,13,CASE017701,chest_xray_triage,blind_first,1,blind_first_precommit
R029,13,CASE017702,chest_xray_triage,blind_first,1,blind_first_precommit
R029,13,CASE017703,chest_xray_triage,blind_first,1,blind_first_precommit
R029,13,CASE017704,chest_xray_triage,blind_first,1,blind_first_precommit
R029,13,CASE017705,chest_xray_triage,blind_first,0,blind_first_precommit
R029,13,CASE017706,chest_xray_triage,blind_first,1,blind_first_precommit
R029,13,CASE017707,chest_xray_triage,blind_first,1,blind_first_precommit
R029,13,CASE017708,chest_xray_triage,blind_first,1,blind_first_precommit
R029,13,CASE017709,chest_xray_triage,blind_first,1,blind_first_precommit
R029,13,CASE017710,chest_xray_triage,blind_first,1,blind_first_precommit
R029,13,CASE017711,chest_xray_triage,blind_first,0,blind_first_precommit
R029,13,CASE017712,chest_xray_triage,blind_first,1,blind_first_precommit
R029,13,CASE017713,chest_xray_triage,blind_first,1,blind_first_precommit
R029,13,CASE017714,chest_xray_triage,blind_first,1,blind_first_precommit
R029,13,CASE017715,chest_xray_triage,blind_first,1,blind_first_precommit
R029,13,CASE017716,chest_xray_triage,blind_first,0,blind_first_precommit
R029,13,CASE017717,chest_xray_triage,blind_first,1,blind_first_precommit
R029,13,CASE017718,chest_xray_triage,blind_first,1,blind_first_precommit
R029,13,CASE017719,chest_xray_triage,blind_first,1,blind_first_precommit
R029,13,CASE017720,chest_xray_triage,blind_first,1,blind_first_precommit
R029,13,CASE017721,chest_xray_triage,blind_first,1,blind_first_precommit
R029,13,CASE017722,chest_xray_triage,blind_first,1,blind_first_precommit
R029,13,CASE017723,chest_xray_triage,blind_first,1,blind_first_precommit
R029,13,CASE017724,chest_xray_triage,blind_first,0,blind_first_precommit
R029,13,CASE017725,chest_xray_triage,blind_first,0,blind_first_precommit
R029,14,CASE017726,chest_xray_triage,blind_first,1,blind_first_precommit
R029,14,CASE017727,chest_xray_triage,blind_first,1,blind_first_precommit
R029,14,CASE017728,chest_xray_triage,blind_first,1,blind_first_precommit
R029,14,CASE017729,chest_xray_triage,blind_first,1,blind_first_precommit
R029,14,CASE017730,chest_xray_triage,blind_first,1,blind_first_precommit
R029,14,CASE017731,chest_xray_triage,blind_first,1,blind_first_precommit
R029,14,CASE017732,chest_xray_triage,blind_first,1,blind_first_precommit
R029,14,CASE017733,chest_xray_triage,blind_first,1,blind_first_precommit
R029,14,CASE017734,chest_xray_triage,blind_first,1,blind_first_precommit
R029,14,CASE017735,chest_xray_triage,blind_first,1,blind_first_precommit
R029,14,CASE017736,chest_xray_triage,blind_first,1,ai_not_shown
R029,14,CASE017737,chest_xray_triage,blind_first,1,blind_first_precommit
R029,14,CASE017738,chest_xray_triage,blind_first,1,blind_first_precommit
R029,14,CASE017739,chest_xray_triage,blind_first,1,blind_first_precommit
R029,14,CASE017740,chest_xray_triage,blind_first,1,blind_first_precommit
R029,14,CASE017741,chest_xray_triage,blind_first,1,blind_first_precommit
R029,14,CASE017742,chest_xray_triage,blind_first,1,blind_first_precommit
R029,14,CASE017743,chest_xray_triage,blind_first,1,blind_first_precommit
R029,14,CASE017744,chest_xray_triage,blind_first,1,blind_first_precommit
R029,14,CASE017745,chest_xray_triage,blind_first,1,blind_first_precommit
R029,14,CASE017746,chest_xray_triage,blind_first,1,blind_first_precommit
R029,14,CASE017747,chest_xray_triage,blind_first,0,blind_first_precommit
R029,14,CASE017748,chest_xray_triage,blind_first,1,blind_first_precommit
R029,14,CASE017749,chest_xray_triage,blind_first,1,blind_first_precommit
R029,14,CASE017750,chest_xray_triage,blind_first,1,blind_first_precommit
R029,15,CASE017751,chest_xray_triage,blind_first,1,blind_first_precommit
R029,15,CASE017752,chest_xray_triage,blind_first,1,blind_first_precommit
R029,15,CASE017753,chest_xray_triage,blind_first,1,blind_first_precommit
R029,15,CASE017754,chest_xray_triage,blind_first,0,blind_first_precommit
R029,15,CASE017755,chest_xray_triage,blind_first,0,blind_first_precommit
R029,15,CASE017756,chest_xray_triage,blind_first,1,blind_first_precommit
R029,15,CASE017757,chest_xray_triage,blind_first,1,blind_first_precommit
R029,15,CASE017758,chest_xray_triage,blind_first,1,blind_first_precommit
R029,15,CASE017759,chest_xray_triage,blind_first,1,ai_not_shown
R029,15,CASE017760,chest_xray_triage,blind_first,1,blind_first_precommit
R029,15,CASE017761,chest_xray_triage,blind_first,1,blind_first_precommit
R029,15,CASE017762,chest_xray_triage,blind_first,1,blind_first_precommit
R029,15,CASE017763,chest_xray_triage,blind_first,1,blind_first_precommit
R029,15,CASE017764,chest_xray_triage,blind_first,1,ai_not_shown
R029,15,CASE017765,chest_xray_triage,blind_first,1,blind_first_precommit
R029,15,CASE017766,chest_xray_triage,blind_first,1,blind_first_precommit
R029,15,CASE017767,chest_xray_triage,blind_first,1,blind_first_precommit
R029,15,CASE017768,chest_xray_triage,blind_first,1,blind_first_precommit
R029,15,CASE017769,chest_xray_triage,blind_first,1,ai_not_shown
R029,15,CASE017770,chest_xray_triage,blind_first,1,blind_first_precommit
R029,15,CASE017771,chest_xray_triage,blind_first,0,blind_first_precommit
R029,15,CASE017772,chest_xray_triage,blind_first,1,blind_first_precommit
R029,15,CASE017773,chest_xray_triage,blind_first,1,blind_first_precommit
R029,15,CASE017774,chest_xray_triage,blind_first,1,blind_first_precommit
R029,15,CASE017775,chest_xray_triage,blind_first,0,blind_first_precommit
R029,16,CASE017776,chest_xray_triage,blind_first,1,blind_first_precommit
R029,16,CASE017777,chest_xray_triage,blind_first,0,blind_first_precommit
R029,16,CASE017778,chest_xray_triage,blind_first,1,blind_first_precommit
R029,16,CASE017779,chest_xray_triage,blind_first,0,blind_first_precommit
R029,16,CASE017780,chest_xray_triage,blind_first,1,blind_first_precommit
R029,16,CASE017781,chest_xray_triage,blind_first,1,blind_first_precommit
R029,16,CASE017782,chest_xray_triage,blind_first,1,blind_first_precommit
R029,16,CASE017783,chest_xray_triage,blind_first,1,blind_first_precommit
R029,16,CASE017784,chest_xray_triage,blind_first,1,blind_first_precommit
R029,16,CASE017785,chest_xray_triage,blind_first,1,ai_not_shown
R029,16,CASE017786,chest_xray_triage,blind_first,1,blind_first_precommit
R029,16,CASE017787,chest_xray_triage,blind_first,1,blind_first_precommit
R029,16,CASE017788,chest_xray_triage,blind_first,0,blind_first_precommit
R029,16,CASE017789,chest_xray_triage,blind_first,1,blind_first_precommit
R029,16,CASE017790,chest_xray_triage,blind_first,1,blind_first_precommit
R029,16,CASE017791,chest_xray_triage,blind_first,1,ai_not_shown
R029,16,CASE017792,chest_xray_triage,blind_first,1,blind_first_precommit
R029,16,CASE017793,chest_xray_triage,blind_first,1,blind_first_precommit
R029,16,CASE017794,chest_xray_triage,blind_first,1,blind_first_precommit
R029,16,CASE017795,chest_xray_triage,blind_first,1,ai_not_shown
R029,16,CASE017796,chest_xray_triage,blind_first,1,blind_first_precommit
R029,16,CASE017797,chest_xray_triage,blind_first,0,blind_first_precommit
R029,16,CASE017798,chest_xray_triage,blind_first,0,blind_first_precommit
R029,16,CASE017799,chest_xray_triage,blind_first,1,blind_first_precommit
R029,16,CASE017800,chest_xray_triage,blind_first,1,blind_first_precommit
R029,17,CASE017801,chest_xray_triage,blind_first,1,blind_first_precommit
R029,17,CASE017802,chest_xray_triage,blind_first,1,blind_first_precommit
R029,17,CASE017803,chest_xray_triage,blind_first,1,blind_first_precommit
R029,17,CASE017804,chest_xray_triage,blind_first,1,blind_first_precommit
R029,17,CASE017805,chest_xray_triage,blind_first,1,blind_first_precommit
R029,17,CASE017806,chest_xray_triage,blind_first,1,blind_first_precommit
R029,17,CASE017807,chest_xray_triage,blind_first,1,blind_first_precommit
R029,17,CASE017808,chest_xray_triage,blind_first,1,blind_first_precommit
R029,17,CASE017809,chest_xray_triage,blind_first,1,blind_first_precommit
R029,17,CASE017810,chest_xray_triage,blind_first,1,blind_first_precommit
R029,17,CASE017811,chest_xray_triage,blind_first,1,blind_first_precommit
R029,17,CASE017812,chest_xray_triage,blind_first,0,blind_first_precommit
R029,17,CASE017813,chest_xray_triage,blind_first,1,blind_first_precommit
R029,17,CASE017814,chest_xray_triage,blind_first,1,blind_first_precommit
R029,17,CASE017815,chest_xray_triage,blind_first,1,blind_first_precommit
R029,17,CASE017816,chest_xray_triage,blind_first,1,blind_first_precommit
R029,17,CASE017817,chest_xray_triage,blind_first,1,blind_first_precommit
R029,17,CASE017818,chest_xray_triage,blind_first,1,blind_first_precommit
R029,17,CASE017819,chest_xray_triage,blind_first,1,blind_first_precommit
R029,17,CASE017820,chest_xray_triage,blind_first,1,blind_first_precommit
R029,17,CASE017821,chest_xray_triage,blind_first,0,blind_first_precommit
R029,17,CASE017822,chest_xray_triage,blind_first,1,blind_first_precommit
R029,17,CASE017823,chest_xray_triage,blind_first,1,blind_first_precommit
R029,17,CASE017824,chest_xray_triage,blind_first,0,blind_first_precommit
R029,17,CASE017825,chest_xray_triage,blind_first,1,blind_first_precommit
R029,18,CASE017826,chest_xray_triage,blind_first,1,blind_first_precommit
R029,18,CASE017827,chest_xray_triage,blind_first,1,blind_first_precommit
R029,18,CASE017828,chest_xray_triage,blind_first,1,blind_first_precommit
R029,18,CASE017829,chest_xray_triage,blind_first,1,blind_first_precommit
R029,18,CASE017830,chest_xray_triage,blind_first,1,blind_first_precommit
R029,18,CASE017831,chest_xray_triage,blind_first,1,blind_first_precommit
R029,18,CASE017832,chest_xray_triage,blind_first,1,blind_first_precommit
R029,18,CASE017833,chest_xray_triage,blind_first,1,blind_first_precommit
R029,18,CASE017834,chest_xray_triage,blind_first,0,blind_first_precommit
R029,18,CASE017835,chest_xray_triage,blind_first,1,blind_first_precommit
R029,18,CASE017836,chest_xray_triage,blind_first,1,blind_first_precommit
R029,18,CASE017837,chest_xray_triage,blind_first,1,blind_first_precommit
R029,18,CASE017838,chest_xray_triage,blind_first,1,blind_first_precommit
R029,18,CASE017839,chest_xray_triage,blind_first,1,blind_first_precommit
R029,18,CASE017840,chest_xray_triage,blind_first,1,blind_first_precommit
R029,18,CASE017841,chest_xray_triage,blind_first,1,blind_first_precommit
R029,18,CASE017842,chest_xray_triage,blind_first,1,blind_first_precommit
R029,18,CASE017843,chest_xray_triage,blind_first,1,blind_first_precommit
R029,18,CASE017844,chest_xray_triage,blind_first,1,blind_first_precommit
R029,18,CASE017845,chest_xray_triage,blind_first,1,blind_first_precommit
R029,18,CASE017846,chest_xray_triage,blind_first,1,blind_first_precommit
R029,18,CASE017847,chest_xray_triage,blind_first,1,blind_first_precommit
R029,18,CASE017848,chest_xray_triage,blind_first,1,ai_not_shown
R029,18,CASE017849,chest_xray_triage,blind_first,1,blind_first_precommit
R029,18,CASE017850,chest_xray_triage,blind_first,1,blind_first_precommit
R029,19,CASE017851,chest_xray_triage,blind_first,1,blind_first_precommit
R029,19,CASE017852,chest_xray_triage,blind_first,1,blind_first_precommit
R029,19,CASE017853,chest_xray_triage,blind_first,1,blind_first_precommit
R029,19,CASE017854,chest_xray_triage,blind_first,1,blind_first_precommit
R029,19,CASE017855,chest_xray_triage,blind_first,0,blind_first_precommit
R029,19,CASE017856,chest_xray_triage,blind_first,1,blind_first_precommit
R029,19,CASE017857,chest_xray_triage,blind_first,1,blind_first_precommit
R029,19,CASE017858,chest_xray_triage,blind_first,1,blind_first_precommit
R029,19,CASE017859,chest_xray_triage,blind_first,1,blind_first_precommit
R029,19,CASE017860,chest_xray_triage,blind_first,1,blind_first_precommit
R029,19,CASE017861,chest_xray_triage,blind_first,1,blind_first_precommit
R029,19,CASE017862,chest_xray_triage,blind_first,1,blind_first_precommit
R029,19,CASE017863,chest_xray_triage,blind_first,0,blind_first_precommit
R029,19,CASE017864,chest_xray_triage,blind_first,1,blind_first_precommit
R029,19,CASE017865,chest_xray_triage,blind_first,1,blind_first_precommit
R029,19,CASE017866,chest_xray_triage,blind_first,1,blind_first_precommit
R029,19,CASE017867,chest_xray_triage,blind_first,1,blind_first_precommit
R029,19,CASE017868,chest_xray_triage,blind_first,1,blind_first_precommit
R029,19,CASE017869,chest_xray_triage,blind_first,1,blind_first_precommit
R029,19,CASE017870,chest_xray_triage,blind_first,0,blind_first_precommit
R029,19,CASE017871,chest_xray_triage,blind_first,0,blind_first_precommit
R029,19,CASE017872,chest_xray_triage,blind_first,1,blind_first_precommit
R029,19,CASE017873,chest_xray_triage,blind_first,1,blind_first_precommit
R029,19,CASE017874,chest_xray_triage,blind_first,1,blind_first_precommit
R029,19,CASE017875,chest_xray_triage,blind_first,1,blind_first_precommit
R029,20,CASE017876,chest_xray_triage,blind_first,1,blind_first_precommit
R029,20,CASE017877,chest_xray_triage,blind_first,1,blind_first_precommit
R029,20,CASE017878,chest_xray_triage,blind_first,1,blind_first_precommit
R029,20,CASE017879,chest_xray_triage,blind_first,1,blind_first_precommit
R029,20,CASE017880,chest_xray_triage,blind_first,1,blind_first_precommit
R029,20,CASE017881,chest_xray_triage,blind_first,1,blind_first_precommit
R029,20,CASE017882,chest_xray_triage,blind_first,1,blind_first_precommit
R029,20,CASE017883,chest_xray_triage,blind_first,0,blind_first_precommit
R029,20,CASE017884,chest_xray_triage,blind_first,0,blind_first_precommit
R029,20,CASE017885,chest_xray_triage,blind_first,1,blind_first_precommit
R029,20,CASE017886,chest_xray_triage,blind_first,1,blind_first_precommit
R029,20,CASE017887,chest_xray_triage,blind_first,1,blind_first_precommit
R029,20,CASE017888,chest_xray_triage,blind_first,1,blind_first_precommit
R029,20,CASE017889,chest_xray_triage,blind_first,1,blind_first_precommit
R029,20,CASE017890,chest_xray_triage,blind_first,1,blind_first_precommit
R029,20,CASE017891,chest_xray_triage,blind_first,1,blind_first_precommit
R029,20,CASE017892,chest_xray_triage,blind_first,0,blind_first_precommit
R029,20,CASE017893,chest_xray_triage,blind_first,1,blind_first_precommit
R029,20,CASE017894,chest_xray_triage,blind_first,1,blind_first_precommit
R029,20,CASE017895,chest_xray_triage,blind_first,1,blind_first_precommit
R029,20,CASE017896,chest_xray_triage,blind_first,1,blind_first_precommit
R029,20,CASE017897,chest_xray_triage,blind_first,1,blind_first_precommit
R029,20,CASE017898,chest_xray_triage,blind_first,0,blind_first_precommit
R029,20,CASE017899,chest_xray_triage,blind_first,1,blind_first_precommit
R029,20,CASE017900,chest_xray_triage,blind_first,1,ai_not_shown
R029,21,CASE017901,chest_xray_triage,blind_first,1,blind_first_precommit
R029,21,CASE017902,chest_xray_triage,blind_first,1,blind_first_precommit
R029,21,CASE017903,chest_xray_triage,blind_first,1,blind_first_precommit
R029,21,CASE017904,chest_xray_triage,blind_first,1,blind_first_precommit
R029,21,CASE017905,chest_xray_triage,blind_first,1,blind_first_precommit
R029,21,CASE017906,chest_xray_triage,blind_first,1,ai_not_shown
R029,21,CASE017907,chest_xray_triage,blind_first,1,blind_first_precommit
R029,21,CASE017908,chest_xray_triage,blind_first,1,blind_first_precommit
R029,21,CASE017909,chest_xray_triage,blind_first,1,blind_first_precommit
R029,21,CASE017910,chest_xray_triage,blind_first,1,blind_first_precommit
R029,21,CASE017911,chest_xray_triage,blind_first,1,ai_not_shown
R029,21,CASE017912,chest_xray_triage,blind_first,1,blind_first_precommit
R029,21,CASE017913,chest_xray_triage,blind_first,1,blind_first_precommit
R029,21,CASE017914,chest_xray_triage,blind_first,1,blind_first_precommit
R029,21,CASE017915,chest_xray_triage,blind_first,1,blind_first_precommit
R029,21,CASE017916,chest_xray_triage,blind_first,1,blind_first_precommit
R029,21,CASE017917,chest_xray_triage,blind_first,1,blind_first_precommit
R029,21,CASE017918,chest_xray_triage,blind_first,1,blind_first_precommit
R029,21,CASE017919,chest_xray_triage,blind_first,1,blind_first_precommit
R029,21,CASE017920,chest_xray_triage,blind_first,1,blind_first_precommit
R029,21,CASE017921,chest_xray_triage,blind_first,1,blind_first_precommit
R029,21,CASE017922,chest_xray_triage,blind_first,1,blind_first_precommit
R029,21,CASE017923,chest_xray_triage,blind_first,1,blind_first_precommit
R029,21,CASE017924,chest_xray_triage,blind_first,1,blind_first_precommit
R029,21,CASE017925,chest_xray_triage,blind_first,1,blind_first_precommit
R029,22,CASE017926,chest_xray_triage,blind_first,1,blind_first_precommit
R029,22,CASE017927,chest_xray_triage,blind_first,0,blind_first_precommit
R029,22,CASE017928,chest_xray_triage,blind_first,0,blind_first_precommit
R029,22,CASE017929,chest_xray_triage,blind_first,1,blind_first_precommit
R029,22,CASE017930,chest_xray_triage,blind_first,1,blind_first_precommit
R029,22,CASE017931,chest_xray_triage,blind_first,1,blind_first_precommit
R029,22,CASE017932,chest_xray_triage,blind_first,1,blind_first_precommit
R029,22,CASE017933,chest_xray_triage,blind_first,1,blind_first_precommit
R029,22,CASE017934,chest_xray_triage,blind_first,1,blind_first_precommit
R029,22,CASE017935,chest_xray_triage,blind_first,1,blind_first_precommit
R029,22,CASE017936,chest_xray_triage,blind_first,1,blind_first_precommit
R029,22,CASE017937,chest_xray_triage,blind_first,1,blind_first_precommit
R029,22,CASE017938,chest_xray_triage,blind_first,1,blind_first_precommit
R029,22,CASE017939,chest_xray_triage,blind_first,1,blind_first_precommit
R029,22,CASE017940,chest_xray_triage,blind_first,1,blind_first_precommit
R029,22,CASE017941,chest_xray_triage,blind_first,1,blind_first_precommit
R029,22,CASE017942,chest_xray_triage,blind_first,1,blind_first_precommit
R029,22,CASE017943,chest_xray_triage,blind_first,1,blind_first_precommit
R029,22,CASE017944,chest_xray_triage,blind_first,1,blind_first_precommit
R029,22,CASE017945,chest_xray_triage,blind_first,1,blind_first_precommit
R029,22,CASE017946,chest_xray_triage,blind_first,1,blind_first_precommit
R029,22,CASE017947,chest_xray_triage,blind_first,1,blind_first_precommit
R029,22,CASE017948,chest_xray_triage,blind_first,1,blind_first_precommit
R029,22,CASE017949,chest_xray_triage,blind_first,1,blind_first_precommit
R029,22,CASE017950,chest_xray_triage,blind_first,1,blind_first_precommit
R029,23,CASE017951,chest_xray_triage,blind_first,1,blind_first_precommit
R029,23,CASE017952,chest_xray_triage,blind_first,1,blind_first_precommit
R029,23,CASE017953,chest_xray_triage,blind_first,0,blind_first_precommit
R029,23,CASE017954,chest_xray_triage,blind_first,0,blind_first_precommit
R029,23,CASE017955,chest_xray_triage,blind_first,1,blind_first_precommit
R029,23,CASE017956,chest_xray_triage,blind_first,0,blind_first_precommit
R029,23,CASE017957,chest_xray_triage,blind_first,1,blind_first_precommit
R029,23,CASE017958,chest_xray_triage,blind_first,1,blind_first_precommit
R029,23,CASE017959,chest_xray_triage,blind_first,1,blind_first_precommit
R029,23,CASE017960,chest_xray_triage,blind_first,1,blind_first_precommit
R029,23,CASE017961,chest_xray_triage,blind_first,1,blind_first_precommit
R029,23,CASE017962,chest_xray_triage,blind_first,1,blind_first_precommit
R029,23,CASE017963,chest_xray_triage,blind_first,1,blind_first_precommit
R029,23,CASE017964,chest_xray_triage,blind_first,1,blind_first_precommit
R029,23,CASE017965,chest_xray_triage,blind_first,1,blind_first_precommit
R029,23,CASE017966,chest_xray_triage,blind_first,1,ai_not_shown
R029,23,CASE017967,chest_xray_triage,blind_first,0,blind_first_precommit
R029,23,CASE017968,chest_xray_triage,blind_first,1,blind_first_precommit
R029,23,CASE017969,chest_xray_triage,blind_first,0,blind_first_precommit
R029,23,CASE017970,chest_xray_triage,blind_first,1,ai_not_shown
R029,23,CASE017971,chest_xray_triage,blind_first,1,blind_first_precommit
R029,23,CASE017972,chest_xray_triage,blind_first,0,ai_not_shown
R029,23,CASE017973,chest_xray_triage,blind_first,1,blind_first_precommit
R029,23,CASE017974,chest_xray_triage,blind_first,1,blind_first_precommit
R029,23,CASE017975,chest_xray_triage,blind_first,1,blind_first_precommit
R029,24,CASE017976,chest_xray_triage,blind_first,0,blind_first_precommit
R029,24,CASE017977,chest_xray_triage,blind_first,1,blind_first_precommit
R029,24,CASE017978,chest_xray_triage,blind_first,1,blind_first_precommit
R029,24,CASE017979,chest_xray_triage,blind_first,1,ai_not_shown
R029,24,CASE017980,chest_xray_triage,blind_first,1,blind_first_precommit
R029,24,CASE017981,chest_xray_triage,blind_first,0,ai_not_shown
R029,24,CASE017982,chest_xray_triage,blind_first,1,blind_first_precommit
R029,24,CASE017983,chest_xray_triage,blind_first,1,ai_not_shown
R029,24,CASE017984,chest_xray_triage,blind_first,1,blind_first_precommit
R029,24,CASE017985,chest_xray_triage,blind_first,1,blind_first_precommit
R029,24,CASE017986,chest_xray_triage,blind_first,1,blind_first_precommit
R029,24,CASE017987,chest_xray_triage,blind_first,1,blind_first_precommit
R029,24,CASE017988,chest_xray_triage,blind_first,1,blind_first_precommit
R029,24,CASE017989,chest_xray_triage,blind_first,1,blind_first_precommit
R029,24,CASE017990,chest_xray_triage,blind_first,0,blind_first_precommit
R029,24,CASE017991,chest_xray_triage,blind_first,1,blind_first_precommit
R029,24,CASE017992,chest_xray_triage,blind_first,1,blind_first_precommit
R029,24,CASE017993,chest_xray_triage,blind_first,1,ai_not_shown
R029,24,CASE017994,chest_xray_triage,blind_first,1,blind_first_precommit
R029,24,CASE017995,chest_xray_triage,blind_first,1,blind_first_precommit
R029,24,CASE017996,chest_xray_triage,blind_first,1,blind_first_precommit
R029,24,CASE017997,chest_xray_triage,blind_first,1,blind_first_precommit
R029,24,CASE017998,chest_xray_triage,blind_first,1,blind_first_precommit
R029,24,CASE017999,chest_xray_triage,blind_first,0,blind_first_precommit
R029,24,CASE018000,chest_xray_triage,blind_first,1,blind_first_precommit
R030,1,CASE018009,chest_xray_triage,withheld_ai,1,ai_not_shown
R030,1,CASE018011,chest_xray_triage,withheld_ai,1,ai_not_shown
R030,1,CASE018020,chest_xray_triage,withheld_ai,1,ai_not_shown
R030,2,CASE018029,chest_xray_triage,withheld_ai,1,ai_not_shown
R030,2,CASE018030,chest_xray_triage,withheld_ai,0,ai_not_shown
R030,2,CASE018032,chest_xray_triage,withheld_ai,0,ai_not_shown
R030,2,CASE018034,chest_xray_triage,withheld_ai,0,ai_not_shown
R030,2,CASE018036,chest_xray_triage,withheld_ai,1,ai_not_shown
R030,2,CASE018037,chest_xray_triage,withheld_ai,0,ai_not_shown
R030,2,CASE018047,chest_xray_triage,withheld_ai,1,ai_not_shown
R030,3,CASE018057,chest_xray_triage,withheld_ai,0,ai_not_shown
R030,3,CASE018060,chest_xray_triage,withheld_ai,1,ai_not_shown
R030,3,CASE018063,chest_xray_triage,withheld_ai,1,ai_not_shown
R030,3,CASE018064,chest_xray_triage,withheld_ai,1,ai_not_shown
R030,3,CASE018066,chest_xray_triage,withheld_ai,0,ai_not_shown
R030,3,CASE018067,chest_xray_triage,withheld_ai,0,ai_not_shown
R030,4,CASE018076,chest_xray_triage,withheld_ai,1,ai_not_shown
R030,4,CASE018078,chest_xray_triage,withheld_ai,1,ai_not_shown
R030,4,CASE018082,chest_xray_triage,withheld_ai,1,ai_not_shown
R030,4,CASE018088,chest_xray_triage,withheld_ai,0,ai_not_shown
R030,4,CASE018097,chest_xray_triage,withheld_ai,1,ai_not_shown
R030,4,CASE018098,chest_xray_triage,withheld_ai,0,ai_not_shown
R030,4,CASE018099,chest_xray_triage,withheld_ai,0,ai_not_shown
R030,5,CASE018102,chest_xray_triage,withheld_ai,1,ai_not_shown
R030,5,CASE018107,chest_xray_triage,withheld_ai,1,ai_not_shown
R030,5,CASE018108,chest_xray_triage,withheld_ai,1,ai_not_shown
R030,5,CASE018110,chest_xray_triage,withheld_ai,0,ai_not_shown
R030,5,CASE018112,chest_xray_triage,withheld_ai,1,ai_not_shown
R030,5,CASE018115,chest_xray_triage,withheld_ai,1,ai_not_shown
R030,5,CASE018118,chest_xray_triage,withheld_ai,1,ai_not_shown
R030,5,CASE018122,chest_xray_triage,withheld_ai,1,ai_not_shown
R030,6,CASE018136,chest_xray_triage,withheld_ai,0,ai_not_shown
R030,6,CASE018138,chest_xray_triage,withheld_ai,1,ai_not_shown
R030,7,CASE018151,chest_xray_triage,withheld_ai,1,ai_not_shown
R030,7,CASE018158,chest_xray_triage,withheld_ai,0,ai_not_shown
R030,7,CASE018171,chest_xray_triage,withheld_ai,1,ai_not_shown
R030,7,CASE018173,chest_xray_triage,withheld_ai,0,ai_not_shown
R030,8,CASE018179,chest_xray_triage,withheld_ai,1,ai_not_shown
R030,8,CASE018183,chest_xray_triage,withheld_ai,1,ai_not_shown
R030,8,CASE018188,chest_xray_triage,withheld_ai,1,ai_not_shown
R030,8,CASE018190,chest_xray_triage,withheld_ai,1,ai_not_shown
R030,8,CASE018194,chest_xray_triage,withheld_ai,1,ai_not_shown
R030,8,CASE018195,chest_xray_triage,withheld_ai,1,ai_not_shown
R030,8,CASE018196,chest_xray_triage,withheld_ai,1,ai_not_shown
R030,9,CASE018211,chest_xray_triage,withheld_ai,1,ai_not_shown
R030,9,CASE018219,chest_xray_triage,withheld_ai,1,ai_not_shown
R030,10,CASE018226,chest_xray_triage,withheld_ai,0,ai_not_shown
R030,10,CASE018233,chest_xray_triage,withheld_ai,1,ai_not_shown
R030,10,CASE018236,chest_xray_triage,withheld_ai,1,ai_not_shown
R030,10,CASE018238,chest_xray_triage,withheld_ai,0,ai_not_shown
R030,10,CASE018243,chest_xray_triage,withheld_ai,1,ai_not_shown
R030,10,CASE018246,chest_xray_triage,withheld_ai,0,ai_not_shown
R030,11,CASE018251,chest_xray_triage,withheld_ai,1,ai_not_shown
R030,11,CASE018253,chest_xray_triage,withheld_ai,0,ai_not_shown
R030,11,CASE018260,chest_xray_triage,withheld_ai,0,ai_not_shown
R030,11,CASE018262,chest_xray_triage,withheld_ai,1,ai_not_shown
R030,11,CASE018263,chest_xray_triage,withheld_ai,1,ai_not_shown
R030,11,CASE018266,chest_xray_triage,withheld_ai,1,ai_not_shown
R030,11,CASE018267,chest_xray_triage,withheld_ai,0,ai_not_shown
R030,11,CASE018271,chest_xray_triage,withheld_ai,0,ai_not_shown
R030,11,CASE018275,chest_xray_triage,withheld_ai,0,ai_not_shown
R030,12,CASE018279,chest_xray_triage,withheld_ai,1,ai_not_shown
R030,12,CASE018286,chest_xray_triage,withheld_ai,1,ai_not_shown
R030,12,CASE018294,chest_xray_triage,withheld_ai,0,ai_not_shown
R030,12,CASE018298,chest_xray_triage,withheld_ai,1,ai_not_shown
R030,13,CASE018302,chest_xray_triage,withheld_ai,1,ai_not_shown
R030,13,CASE018303,chest_xray_triage,withheld_ai,1,ai_not_shown
R030,13,CASE018304,chest_xray_triage,withheld_ai,1,ai_not_shown
R030,13,CASE018307,chest_xray_triage,withheld_ai,0,ai_not_shown
R030,13,CASE018309,chest_xray_triage,withheld_ai,0,ai_not_shown
R030,13,CASE018316,chest_xray_triage,withheld_ai,0,ai_not_shown
R030,13,CASE018318,chest_xray_triage,withheld_ai,1,ai_not_shown
R030,13,CASE018323,chest_xray_triage,withheld_ai,1,ai_not_shown
R030,13,CASE018325,chest_xray_triage,withheld_ai,1,ai_not_shown
R030,14,CASE018331,chest_xray_triage,withheld_ai,1,ai_not_shown
R030,14,CASE018332,chest_xray_triage,withheld_ai,1,ai_not_shown
R030,14,CASE018342,chest_xray_triage,withheld_ai,1,ai_not_shown
R030,14,CASE018346,chest_xray_triage,withheld_ai,1,ai_not_shown
R030,14,CASE018348,chest_xray_triage,withheld_ai,0,ai_not_shown
R030,14,CASE018349,chest_xray_triage,withheld_ai,0,ai_not_shown
R030,15,CASE018353,chest_xray_triage,withheld_ai,1,ai_not_shown
R030,15,CASE018370,chest_xray_triage,withheld_ai,1,ai_not_shown
R030,16,CASE018380,chest_xray_triage,withheld_ai,0,ai_not_shown
R030,16,CASE018384,chest_xray_triage,withheld_ai,1,ai_not_shown
R030,16,CASE018387,chest_xray_triage,withheld_ai,0,ai_not_shown
R030,16,CASE018389,chest_xray_triage,withheld_ai,0,ai_not_shown
R030,17,CASE018402,chest_xray_triage,withheld_ai,1,ai_not_shown
R030,17,CASE018409,chest_xray_triage,withheld_ai,0,ai_not_shown
R030,17,CASE018416,chest_xray_triage,withheld_ai,1,ai_not_shown
R030,17,CASE018425,chest_xray_triage,withheld_ai,1,ai_not_shown
R030,18,CASE018442,chest_xray_triage,withheld_ai,1,ai_not_shown
R030,18,CASE018445,chest_xray_triage,withheld_ai,1,ai_not_shown
R030,18,CASE018448,chest_xray_triage,withheld_ai,1,ai_not_shown
R030,18,CASE018450,chest_xray_triage,withheld_ai,1,ai_not_shown
R030,19,CASE018453,chest_xray_triage,withheld_ai,1,ai_not_shown
R030,19,CASE018454,chest_xray_triage,withheld_ai,0,ai_not_shown
R030,19,CASE018462,chest_xray_triage,withheld_ai,1,ai_not_shown
R030,19,CASE018468,chest_xray_triage,withheld_ai,1,ai_not_shown
R030,19,CASE018469,chest_xray_triage,withheld_ai,1,ai_not_shown
R030,20,CASE018476,chest_xray_triage,withheld_ai,0,ai_not_shown
R030,20,CASE018477,chest_xray_triage,withheld_ai,1,ai_not_shown
R030,20,CASE018478,chest_xray_triage,withheld_ai,0,ai_not_shown
R030,20,CASE018482,chest_xray_triage,withheld_ai,0,ai_not_shown
R030,20,CASE018486,chest_xray_triage,withheld_ai,1,ai_not_shown
R030,20,CASE018489,chest_xray_triage,withheld_ai,0,ai_not_shown
R030,20,CASE018491,chest_xray_triage,withheld_ai,1,ai_not_shown
R030,21,CASE018503,chest_xray_triage,withheld_ai,0,ai_not_shown
R030,21,CASE018522,chest_xray_triage,withheld_ai,1,ai_not_shown
R030,22,CASE018526,chest_xray_triage,withheld_ai,0,ai_not_shown
R030,22,CASE018536,chest_xray_triage,withheld_ai,1,ai_not_shown
R030,22,CASE018538,chest_xray_triage,withheld_ai,1,ai_not_shown
R030,23,CASE018563,chest_xray_triage,withheld_ai,0,ai_not_shown
R030,23,CASE018573,chest_xray_triage,withheld_ai,1,ai_not_shown
R030,24,CASE018577,chest_xray_triage,withheld_ai,0,ai_not_shown
R030,24,CASE018579,chest_xray_triage,withheld_ai,0,ai_not_shown
R030,24,CASE018582,chest_xray_triage,withheld_ai,1,ai_not_shown
R030,24,CASE018585,chest_xray_triage,withheld_ai,0,ai_not_shown
R030,24,CASE018586,chest_xray_triage,withheld_ai,1,ai_not_shown
R030,24,CASE018590,chest_xray_triage,withheld_ai,0,ai_not_shown
R030,24,CASE018591,chest_xray_triage,withheld_ai,0,ai_not_shown
R030,24,CASE018592,chest_xray_triage,withheld_ai,1,ai_not_shown
R030,24,CASE018599,chest_xray_triage,withheld_ai,1,ai_not_shown
R031,1,CASE018616,chest_xray_triage,disagreement_prompt,1,ai_not_shown
R031,1,CASE018617,chest_xray_triage,disagreement_prompt,1,ai_not_shown
R031,2,CASE018646,chest_xray_triage,disagreement_prompt,0,ai_not_shown
R031,3,CASE018675,chest_xray_triage,disagreement_prompt,1,ai_not_shown
R031,5,CASE018719,chest_xray_triage,disagreement_prompt,1,ai_not_shown
R031,6,CASE018732,chest_xray_triage,disagreement_prompt,1,ai_not_shown
R031,6,CASE018741,chest_xray_triage,disagreement_prompt,0,ai_not_shown
R031,6,CASE018748,chest_xray_triage,disagreement_prompt,1,ai_not_shown
R031,7,CASE018756,chest_xray_triage,disagreement_prompt,0,ai_not_shown
R031,8,CASE018792,chest_xray_triage,disagreement_prompt,1,ai_not_shown
R031,9,CASE018825,chest_xray_triage,disagreement_prompt,1,ai_not_shown
R031,10,CASE018828,chest_xray_triage,disagreement_prompt,0,ai_not_shown
R031,10,CASE018844,chest_xray_triage,disagreement_prompt,1,ai_not_shown
R031,10,CASE018845,chest_xray_triage,disagreement_prompt,1,ai_not_shown
R031,11,CASE018862,chest_xray_triage,disagreement_prompt,1,ai_not_shown
R031,12,CASE018880,chest_xray_triage,disagreement_prompt,1,ai_not_shown
R031,12,CASE018892,chest_xray_triage,disagreement_prompt,0,ai_not_shown
R031,12,CASE018893,chest_xray_triage,disagreement_prompt,0,ai_not_shown
R031,13,CASE018908,chest_xray_triage,disagreement_prompt,1,ai_not_shown
R031,13,CASE018912,chest_xray_triage,disagreement_prompt,1,ai_not_shown
R031,13,CASE018916,chest_xray_triage,disagreement_prompt,0,ai_not_shown
R031,14,CASE018938,chest_xray_triage,disagreement_prompt,1,ai_not_shown
R031,14,CASE018943,chest_xray_triage,disagreement_prompt,0,ai_not_shown
R031,15,CASE018974,chest_xray_triage,disagreement_prompt,0,ai_not_shown
R031,16,CASE018978,chest_xray_triage,disagreement_prompt,1,ai_not_shown
R031,16,CASE018980,chest_xray_triage,disagreement_prompt,1,ai_not_shown
R031,17,CASE019009,chest_xray_triage,disagreement_prompt,0,ai_not_shown
R031,18,CASE019036,chest_xray_triage,disagreement_prompt,1,ai_not_shown
R031,18,CASE019047,chest_xray_triage,disagreement_prompt,1,ai_not_shown
R031,20,CASE019086,chest_xray_triage,disagreement_prompt,1,ai_not_shown
R031,20,CASE019096,chest_xray_triage,disagreement_prompt,1,ai_not_shown
R031,20,CASE019098,chest_xray_triage,disagreement_prompt,1,ai_not_shown
R031,21,CASE019108,chest_xray_triage,disagreement_prompt,1,ai_not_shown
R031,21,CASE019122,chest_xray_triage,disagreement_prompt,1,ai_not_shown
R031,22,CASE019135,chest_xray_triage,disagreement_prompt,1,ai_not_shown
R031,23,CASE019162,chest_xray_triage,disagreement_prompt,0,ai_not_shown
R031,23,CASE019167,chest_xray_triage,disagreement_prompt,0,ai_not_shown
R032,2,CASE019248,chest_xray_triage,control_always_ai,1,ai_not_shown
R032,3,CASE019258,chest_xray_triage,control_always_ai,0,ai_not_shown
R032,3,CASE019264,chest_xray_triage,control_always_ai,0,ai_not_shown
R032,4,CASE019277,chest_xray_triage,control_always_ai,1,ai_not_shown
R032,4,CASE019278,chest_xray_triage,control_always_ai,1,ai_not_shown
R032,4,CASE019298,chest_xray_triage,control_always_ai,0,ai_not_shown
R032,5,CASE019312,chest_xray_triage,control_always_ai,1,ai_not_shown
R032,6,CASE019341,chest_xray_triage,control_always_ai,1,ai_not_shown
R032,7,CASE019364,chest_xray_triage,control_always_ai,1,ai_not_shown
R032,7,CASE019370,chest_xray_triage,control_always_ai,0,ai_not_shown
R032,8,CASE019387,chest_xray_triage,control_always_ai,1,ai_not_shown
R032,8,CASE019395,chest_xray_triage,control_always_ai,1,ai_not_shown
R032,9,CASE019417,chest_xray_triage,control_always_ai,1,ai_not_shown
R032,10,CASE019426,chest_xray_triage,control_always_ai,1,ai_not_shown
R032,10,CASE019430,chest_xray_triage,control_always_ai,0,ai_not_shown
R032,10,CASE019438,chest_xray_triage,control_always_ai,0,ai_not_shown
R032,11,CASE019455,chest_xray_triage,control_always_ai,1,ai_not_shown
R032,12,CASE019490,chest_xray_triage,control_always_ai,0,ai_not_shown
R032,12,CASE019495,chest_xray_triage,control_always_ai,1,ai_not_shown
R032,13,CASE019501,chest_xray_triage,control_always_ai,0,ai_not_shown
R032,13,CASE019519,chest_xray_triage,control_always_ai,0,ai_not_shown
R032,13,CASE019523,chest_xray_triage,control_always_ai,1,ai_not_shown
R032,14,CASE019530,chest_xray_triage,control_always_ai,1,ai_not_shown
R032,15,CASE019554,chest_xray_triage,control_always_ai,0,ai_not_shown
R032,15,CASE019565,chest_xray_triage,control_always_ai,1,ai_not_shown
R032,16,CASE019576,chest_xray_triage,control_always_ai,1,ai_not_shown
R032,17,CASE019601,chest_xray_triage,control_always_ai,1,ai_not_shown
R032,17,CASE019603,chest_xray_triage,control_always_ai,1,ai_not_shown
R032,18,CASE019628,chest_xray_triage,control_always_ai,1,ai_not_shown
R032,19,CASE019667,chest_xray_triage,control_always_ai,1,ai_not_shown
R032,19,CASE019670,chest_xray_triage,control_always_ai,0,ai_not_shown
R032,20,CASE019678,chest_xray_triage,control_always_ai,0,ai_not_shown
R032,21,CASE019705,chest_xray_triage,control_always_ai,1,ai_not_shown
R032,21,CASE019723,chest_xray_triage,control_always_ai,0,ai_not_shown
R032,22,CASE019746,chest_xray_triage,control_always_ai,1,ai_not_shown
R032,23,CASE019752,chest_xray_triage,control_always_ai,1,ai_not_shown
R032,23,CASE019756,chest_xray_triage,control_always_ai,0,ai_not_shown
R032,23,CASE019772,chest_xray_triage,control_always_ai,0,ai_not_shown
R033,1,CASE019801,chest_xray_triage,blind_first,1,blind_first_precommit
R033,1,CASE019802,chest_xray_triage,blind_first,1,blind_first_precommit
R033,1,CASE019803,chest_xray_triage,blind_first,1,blind_first_precommit
R033,1,CASE019804,chest_xray_triage,blind_first,1,blind_first_precommit
R033,1,CASE019805,chest_xray_triage,blind_first,1,blind_first_precommit
R033,1,CASE019806,chest_xray_triage,blind_first,0,blind_first_precommit
R033,1,CASE019807,chest_xray_triage,blind_first,1,blind_first_precommit
R033,1,CASE019808,chest_xray_triage,blind_first,1,blind_first_precommit
R033,1,CASE019809,chest_xray_triage,blind_first,1,blind_first_precommit
R033,1,CASE019810,chest_xray_triage,blind_first,1,blind_first_precommit
R033,1,CASE019811,chest_xray_triage,blind_first,0,blind_first_precommit
R033,1,CASE019812,chest_xray_triage,blind_first,0,ai_not_shown
R033,1,CASE019813,chest_xray_triage,blind_first,1,blind_first_precommit
R033,1,CASE019814,chest_xray_triage,blind_first,1,blind_first_precommit
R033,1,CASE019815,chest_xray_triage,blind_first,1,blind_first_precommit
R033,1,CASE019816,chest_xray_triage,blind_first,1,blind_first_precommit
R033,1,CASE019817,chest_xray_triage,blind_first,1,blind_first_precommit
R033,1,CASE019818,chest_xray_triage,blind_first,1,blind_first_precommit
R033,1,CASE019819,chest_xray_triage,blind_first,1,ai_not_shown
R033,1,CASE019820,chest_xray_triage,blind_first,1,blind_first_precommit
R033,1,CASE019821,chest_xray_triage,blind_first,1,blind_first_precommit
R033,1,CASE019822,chest_xray_triage,blind_first,1,blind_first_precommit
R033,1,CASE019823,chest_xray_triage,blind_first,0,blind_first_precommit
R033,1,CASE019824,chest_xray_triage,blind_first,1,blind_first_precommit
R033,1,CASE019825,chest_xray_triage,blind_first,1,blind_first_precommit
R033,2,CASE019826,chest_xray_triage,blind_first,1,blind_first_precommit
R033,2,CASE019827,chest_xray_triage,blind_first,1,blind_first_precommit
R033,2,CASE019828,chest_xray_triage,blind_first,1,blind_first_precommit
R033,2,CASE019829,chest_xray_triage,blind_first,1,blind_first_precommit
R033,2,CASE019830,chest_xray_triage,blind_first,1,blind_first_precommit
R033,2,CASE019831,chest_xray_triage,blind_first,1,blind_first_precommit
R033,2,CASE019832,chest_xray_triage,blind_first,0,blind_first_precommit
R033,2,CASE019833,chest_xray_triage,blind_first,1,ai_not_shown
R033,2,CASE019834,chest_xray_triage,blind_first,1,blind_first_precommit
R033,2,CASE019835,chest_xray_triage,blind_first,1,blind_first_precommit
R033,2,CASE019836,chest_xray_triage,blind_first,0,blind_first_precommit
R033,2,CASE019837,chest_xray_triage,blind_first,0,blind_first_precommit
R033,2,CASE019838,chest_xray_triage,blind_first,1,blind_first_precommit
R033,2,CASE019839,chest_xray_triage,blind_first,1,blind_first_precommit
R033,2,CASE019840,chest_xray_triage,blind_first,1,blind_first_precommit
R033,2,CASE019841,chest_xray_triage,blind_first,1,blind_first_precommit
R033,2,CASE019842,chest_xray_triage,blind_first,1,blind_first_precommit
R033,2,CASE019843,chest_xray_triage,blind_first,1,blind_first_precommit
R033,2,CASE019844,chest_xray_triage,blind_first,1,blind_first_precommit
R033,2,CASE019845,chest_xray_triage,blind_first,1,blind_first_precommit
R033,2,CASE019846,chest_xray_triage,blind_first,1,blind_first_precommit
R033,2,CASE019847,chest_xray_triage,blind_first,1,blind_first_precommit
R033,2,CASE019848,chest_xray_triage,blind_first,1,blind_first_precommit
R033,2,CASE019849,chest_xray_triage,blind_first,1,blind_first_precommit
R033,2,CASE019850,chest_xray_triage,blind_first,1,blind_first_precommit
R033,3,CASE019851,chest_xray_triage,blind_first,0,blind_first_precommit
R033,3,CASE019852,chest_xray_triage,blind_first,1,blind_first_precommit
R033,3,CASE019853,chest_xray_triage,blind_first,1,blind_first_precommit
R033,3,CASE019854,chest_xray_triage,blind_first,1,blind_first_precommit
R033,3,CASE019855,chest_xray_triage,blind_first,0,blind_first_precommit
R033,3,CASE019856,chest_xray_triage,blind_first,1,blind_first_precommit
R033,3,CASE019857,chest_xray_triage,blind_first,1,blind_first_precommit
R033,3,CASE019858,chest_xray_triage,blind_first,0,blind_first_precommit
R033,3,CASE019859,chest_xray_triage,blind_first,1,blind_first_precommit
R033,3,CASE019860,chest_xray_triage,blind_first,1,blind_first_precommit
R033,3,CASE019861,chest_xray_triage,blind_first,1,blind_first_precommit
R033,3,CASE019862,chest_xray_triage,blind_first,1,blind_first_precommit
R033,3,CASE019863,chest_xray_triage,blind_first,1,blind_first_precommit
R033,3,CASE019864,chest_xray_triage,blind_first,1,blind_first_precommit
R033,3,CASE019865,chest_xray_triage,blind_first,1,blind_first_precommit
R033,3,CASE019866,chest_xray_triage,blind_first,0,blind_first_precommit
R033,3,CASE019867,chest_xray_triage,blind_first,1,blind_first_precommit
R033,3,CASE019868,chest_xray_triage,blind_first,1,blind_first_precommit
R033,3,CASE019869,chest_xray_triage,blind_first,1,blind_first_precommit
R033,3,CASE019870,chest_xray_triage,blind_first,1,blind_first_precommit
R033,3,CASE019871,chest_xray_triage,blind_first,0,blind_first_precommit
R033,3,CASE019872,chest_xray_triage,blind_first,1,blind_first_precommit
R033,3,CASE019873,chest_xray_triage,blind_first,1,blind_first_precommit
R033,3,CASE019874,chest_xray_triage,blind_first,0,blind_first_precommit
R033,3,CASE019875,chest_xray_triage,blind_first,1,blind_first_precommit
R033,4,CASE019876,chest_xray_triage,blind_first,0,blind_first_precommit
R033,4,CASE019877,chest_xray_triage,blind_first,0,blind_first_precommit
R033,4,CASE019878,chest_xray_triage,blind_first,1,blind_first_precommit
R033,4,CASE019879,chest_xray_triage,blind_first,1,blind_first_precommit
R033,4,CASE019880,chest_xray_triage,blind_first,0,blind_first_precommit
R033,4,CASE019881,chest_xray_triage,blind_first,1,blind_first_precommit
R033,4,CASE019882,chest_xray_triage,blind_first,1,blind_first_precommit
R033,4,CASE019883,chest_xray_triage,blind_first,1,ai_not_shown
R033,4,CASE019884,chest_xray_triage,blind_first,1,blind_first_precommit
R033,4,CASE019885,chest_xray_triage,blind_first,1,ai_not_shown
R033,4,CASE019886,chest_xray_triage,blind_first,0,blind_first_precommit
R033,4,CASE019887,chest_xray_triage,blind_first,1,blind_first_precommit
R033,4,CASE019888,chest_xray_triage,blind_first,1,blind_first_precommit
R033,4,CASE019889,chest_xray_triage,blind_first,1,blind_first_precommit
R033,4,CASE019890,chest_xray_triage,blind_first,1,blind_first_precommit
R033,4,CASE019891,chest_xray_triage,blind_first,1,blind_first_precommit
R033,4,CASE019892,chest_xray_triage,blind_first,1,blind_first_precommit
R033,4,CASE019893,chest_xray_triage,blind_first,0,blind_first_precommit
R033,4,CASE019894,chest_xray_triage,blind_first,0,blind_first_precommit
R033,4,CASE019895,chest_xray_triage,blind_first,1,blind_first_precommit
R033,4,CASE019896,chest_xray_triage,blind_first,1,blind_first_precommit
R033,4,CASE019897,chest_xray_triage,blind_first,1,blind_first_precommit
R033,4,CASE019898,chest_xray_triage,blind_first,0,blind_first_precommit
R033,4,CASE019899,chest_xray_triage,blind_first,1,blind_first_precommit
R033,4,CASE019900,chest_xray_triage,blind_first,1,blind_first_precommit
R033,5,CASE019901,chest_xray_triage,blind_first,1,blind_first_precommit
R033,5,CASE019902,chest_xray_triage,blind_first,1,blind_first_precommit
R033,5,CASE019903,chest_xray_triage,blind_first,0,blind_first_precommit
R033,5,CASE019904,chest_xray_triage,blind_first,1,blind_first_precommit
R033,5,CASE019905,chest_xray_triage,blind_first,1,blind_first_precommit
R033,5,CASE019906,chest_xray_triage,blind_first,1,ai_not_shown
R033,5,CASE019907,chest_xray_triage,blind_first,1,blind_first_precommit
R033,5,CASE019908,chest_xray_triage,blind_first,1,blind_first_precommit
R033,5,CASE019909,chest_xray_triage,blind_first,1,blind_first_precommit
R033,5,CASE019910,chest_xray_triage,blind_first,1,blind_first_precommit
R033,5,CASE019911,chest_xray_triage,blind_first,0,blind_first_precommit
R033,5,CASE019912,chest_xray_triage,blind_first,1,blind_first_precommit
R033,5,CASE019913,chest_xray_triage,blind_first,1,blind_first_precommit
R033,5,CASE019914,chest_xray_triage,blind_first,1,blind_first_precommit
R033,5,CASE019915,chest_xray_triage,blind_first,1,blind_first_precommit
R033,5,CASE019916,chest_xray_triage,blind_first,1,blind_first_precommit
R033,5,CASE019917,chest_xray_triage,blind_first,0,blind_first_precommit
R033,5,CASE019918,chest_xray_triage,blind_first,1,blind_first_precommit
R033,5,CASE019919,chest_xray_triage,blind_first,1,blind_first_precommit
R033,5,CASE019920,chest_xray_triage,blind_first,1,ai_not_shown
R033,5,CASE019921,chest_xray_triage,blind_first,1,blind_first_precommit
R033,5,CASE019922,chest_xray_triage,blind_first,1,blind_first_precommit
R033,5,CASE019923,chest_xray_triage,blind_first,0,blind_first_precommit
R033,5,CASE019924,chest_xray_triage,blind_first,0,blind_first_precommit
R033,5,CASE019925,chest_xray_triage,blind_first,1,blind_first_precommit
R033,6,CASE019926,chest_xray_triage,blind_first,1,blind_first_precommit
R033,6,CASE019927,chest_xray_triage,blind_first,1,blind_first_precommit
R033,6,CASE019928,chest_xray_triage,blind_first,1,blind_first_precommit
R033,6,CASE019929,chest_xray_triage,blind_first,1,blind_first_precommit
R033,6,CASE019930,chest_xray_triage,blind_first,1,blind_first_precommit
R033,6,CASE019931,chest_xray_triage,blind_first,1,blind_first_precommit
R033,6,CASE019932,chest_xray_triage,blind_first,1,blind_first_precommit
R033,6,CASE019933,chest_xray_triage,blind_first,1,blind_first_precommit
R033,6,CASE019934,chest_xray_triage,blind_first,0,blind_first_precommit
R033,6,CASE019935,chest_xray_triage,blind_first,1,blind_first_precommit
R033,6,CASE019936,chest_xray_triage,blind_first,1,blind_first_precommit
R033,6,CASE019937,chest_xray_triage,blind_first,1,blind_first_precommit
R033,6,CASE019938,chest_xray_triage,blind_first,1,blind_first_precommit
R033,6,CASE019939,chest_xray_triage,blind_first,1,blind_first_precommit
R033,6,CASE019940,chest_xray_triage,blind_first,1,blind_first_precommit
R033,6,CASE019941,chest_xray_triage,blind_first,1,blind_first_precommit
R033,6,CASE019942,chest_xray_triage,blind_first,1,blind_first_precommit
R033,6,CASE019943,chest_xray_triage,blind_first,0,blind_first_precommit
R033,6,CASE019944,chest_xray_triage,blind_first,0,blind_first_precommit
R033,6,CASE019945,chest_xray_triage,blind_first,0,blind_first_precommit
R033,6,CASE019946,chest_xray_triage,blind_first,1,blind_first_precommit
R033,6,CASE019947,chest_xray_triage,blind_first,1,blind_first_precommit
R033,6,CASE019948,chest_xray_triage,blind_first,1,blind_first_precommit
R033,6,CASE019949,chest_xray_triage,blind_first,1,blind_first_precommit
R033,6,CASE019950,chest_xray_triage,blind_first,0,ai_not_shown
R033,7,CASE019951,chest_xray_triage,blind_first,0,blind_first_precommit
R033,7,CASE019952,chest_xray_triage,blind_first,0,blind_first_precommit
R033,7,CASE019953,chest_xray_triage,blind_first,0,blind_first_precommit
R033,7,CASE019954,chest_xray_triage,blind_first,1,blind_first_precommit
R033,7,CASE019955,chest_xray_triage,blind_first,0,blind_first_precommit
R033,7,CASE019956,chest_xray_triage,blind_first,1,blind_first_precommit
R033,7,CASE019957,chest_xray_triage,blind_first,0,blind_first_precommit
R033,7,CASE019958,chest_xray_triage,blind_first,1,blind_first_precommit
R033,7,CASE019959,chest_xray_triage,blind_first,1,blind_first_precommit
R033,7,CASE019960,chest_xray_triage,blind_first,1,blind_first_precommit
R033,7,CASE019961,chest_xray_triage,blind_first,1,blind_first_precommit
R033,7,CASE019962,chest_xray_triage,blind_first,1,blind_first_precommit
R033,7,CASE019963,chest_xray_triage,blind_first,1,blind_first_precommit
R033,7,CASE019964,chest_xray_triage,blind_first,1,blind_first_precommit
R033,7,CASE019965,chest_xray_triage,blind_first,1,blind_first_precommit
R033,7,CASE019966,chest_xray_triage,blind_first,1,blind_first_precommit
R033,7,CASE019967,chest_xray_triage,blind_first,1,blind_first_precommit
R033,7,CASE019968,chest_xray_triage,blind_first,0,blind_first_precommit
R033,7,CASE019969,chest_xray_triage,blind_first,1,blind_first_precommit
R033,7,CASE019970,chest_xray_triage,blind_first,0,blind_first_precommit
R033,7,CASE019971,chest_xray_triage,blind_first,0,blind_first_precommit
R033,7,CASE019972,chest_xray_triage,blind_first,1,blind_first_precommit
R033,7,CASE019973,chest_xray_triage,blind_first,1,blind_first_precommit
R033,7,CASE019974,chest_xray_triage,blind_first,1,blind_first_precommit
R033,7,CASE019975,chest_xray_triage,blind_first,1,blind_first_precommit
R033,8,CASE019976,chest_xray_triage,blind_first,1,blind_first_precommit
R033,8,CASE019977,chest_xray_triage,blind_first,0,blind_first_precommit
R033,8,CASE019978,chest_xray_triage,blind_first,1,blind_first_precommit
R033,8,CASE019979,chest_xray_triage,blind_first,0,blind_first_precommit
R033,8,CASE019980,chest_xray_triage,blind_first,1,blind_first_precommit
R033,8,CASE019981,chest_xray_triage,blind_first,1,blind_first_precommit
R033,8,CASE019982,chest_xray_triage,blind_first,1,blind_first_precommit
R033,8,CASE019983,chest_xray_triage,blind_first,1,blind_first_precommit
R033,8,CASE019984,chest_xray_triage,blind_first,0,blind_first_precommit
R033,8,CASE019985,chest_xray_triage,blind_first,1,blind_first_precommit
R033,8,CASE019986,chest_xray_triage,blind_first,0,blind_first_precommit
R033,8,CASE019987,chest_xray_triage,blind_first,1,blind_first_precommit
R033,8,CASE019988,chest_xray_triage,blind_first,1,blind_first_precommit
R033,8,CASE019989,chest_xray_triage,blind_first,1,blind_first_precommit
R033,8,CASE019990,chest_xray_triage,blind_first,1,blind_first_precommit
R033,8,CASE019991,chest_xray_triage,blind_first,1,blind_first_precommit
R033,8,CASE019992,chest_xray_triage,blind_first,0,blind_first_precommit
R033,8,CASE019993,chest_xray_triage,blind_first,1,blind_first_precommit
R033,8,CASE019994,chest_xray_triage,blind_first,0,blind_first_precommit
R033,8,CASE019995,chest_xray_triage,blind_first,0,ai_not_shown
R033,8,CASE019996,chest_xray_triage,blind_first,1,blind_first_precommit
R033,8,CASE019997,chest_xray_triage,blind_first,1,blind_first_precommit
R033,8,CASE019998,chest_xray_triage,blind_first,1,blind_first_precommit
R033,8,CASE019999,chest_xray_triage,blind_first,1,blind_first_precommit
R033,8,CASE020000,chest_xray_triage,blind_first,1,blind_first_precommit
R033,9,CASE020001,chest_xray_triage,blind_first,1,blind_first_precommit
R033,9,CASE020002,chest_xray_triage,blind_first,0,blind_first_precommit
R033,9,CASE020003,chest_xray_triage,blind_first,1,blind_first_precommit
R033,9,CASE020004,chest_xray_triage,blind_first,1,blind_first_precommit
R033,9,CASE020005,chest_xray_triage,blind_first,1,ai_not_shown
R033,9,CASE020006,chest_xray_triage,blind_first,1,blind_first_precommit
R033,9,CASE020007,chest_xray_triage,blind_first,1,blind_first_precommit
R033,9,CASE020008,chest_xray_triage,blind_first,1,blind_first_precommit
R033,9,CASE020009,chest_xray_triage,blind_first,1,blind_first_precommit
R033,9,CASE020010,chest_xray_triage,blind_first,1,blind_first_precommit
R033,9,CASE020011,chest_xray_triage,blind_first,1,blind_first_precommit
R033,9,CASE020012,chest_xray_triage,blind_first,1,blind_first_precommit
R033,9,CASE020013,chest_xray_triage,blind_first,1,blind_first_precommit
R033,9,CASE020014,chest_xray_triage,blind_first,1,blind_first_precommit
R033,9,CASE020015,chest_xray_triage,blind_first,1,blind_first_precommit
R033,9,CASE020016,chest_xray_triage,blind_first,1,blind_first_precommit
R033,9,CASE020017,chest_xray_triage,blind_first,1,blind_first_precommit
R033,9,CASE020018,chest_xray_triage,blind_first,1,blind_first_precommit
R033,9,CASE020019,chest_xray_triage,blind_first,0,blind_first_precommit
R033,9,CASE020020,chest_xray_triage,blind_first,1,blind_first_precommit
R033,9,CASE020021,chest_xray_triage,blind_first,1,blind_first_precommit
R033,9,CASE020022,chest_xray_triage,blind_first,1,blind_first_precommit
R033,9,CASE020023,chest_xray_triage,blind_first,0,blind_first_precommit
R033,9,CASE020024,chest_xray_triage,blind_first,1,blind_first_precommit
R033,9,CASE020025,chest_xray_triage,blind_first,0,ai_not_shown
R033,10,CASE020026,chest_xray_triage,blind_first,1,blind_first_precommit
R033,10,CASE020027,chest_xray_triage,blind_first,1,blind_first_precommit
R033,10,CASE020028,chest_xray_triage,blind_first,1,blind_first_precommit
R033,10,CASE020029,chest_xray_triage,blind_first,0,blind_first_precommit
R033,10,CASE020030,chest_xray_triage,blind_first,0,blind_first_precommit
R033,10,CASE020031,chest_xray_triage,blind_first,0,ai_not_shown
R033,10,CASE020032,chest_xray_triage,blind_first,1,blind_first_precommit
R033,10,CASE020033,chest_xray_triage,blind_first,1,blind_first_precommit
R033,10,CASE020034,chest_xray_triage,blind_first,1,blind_first_precommit
R033,10,CASE020035,chest_xray_triage,blind_first,1,blind_first_precommit
R033,10,CASE020036,chest_xray_triage,blind_first,1,blind_first_precommit
R033,10,CASE020037,chest_xray_triage,blind_first,1,blind_first_precommit
R033,10,CASE020038,chest_xray_triage,blind_first,0,blind_first_precommit
R033,10,CASE020039,chest_xray_triage,blind_first,1,blind_first_precommit
R033,10,CASE020040,chest_xray_triage,blind_first,1,blind_first_precommit
R033,10,CASE020041,chest_xray_triage,blind_first,1,blind_first_precommit
R033,10,CASE020042,chest_xray_triage,blind_first,1,blind_first_precommit
R033,10,CASE020043,chest_xray_triage,blind_first,1,blind_first_precommit
R033,10,CASE020044,chest_xray_triage,blind_first,1,blind_first_precommit
R033,10,CASE020045,chest_xray_triage,blind_first,1,blind_first_precommit
R033,10,CASE020046,chest_xray_triage,blind_first,1,blind_first_precommit
R033,10,CASE020047,chest_xray_triage,blind_first,0,blind_first_precommit
R033,10,CASE020048,chest_xray_triage,blind_first,1,blind_first_precommit
R033,10,CASE020049,chest_xray_triage,blind_first,1,blind_first_precommit
R033,10,CASE020050,chest_xray_triage,blind_first,1,blind_first_precommit
R033,11,CASE020051,chest_xray_triage,blind_first,1,blind_first_precommit
R033,11,CASE020052,chest_xray_triage,blind_first,1,blind_first_precommit
R033,11,CASE020053,chest_xray_triage,blind_first,1,blind_first_precommit
R033,11,CASE020054,chest_xray_triage,blind_first,1,blind_first_precommit
R033,11,CASE020055,chest_xray_triage,blind_first,0,blind_first_precommit
R033,11,CASE020056,chest_xray_triage,blind_first,1,blind_first_precommit
R033,11,CASE020057,chest_xray_triage,blind_first,0,blind_first_precommit
R033,11,CASE020058,chest_xray_triage,blind_first,1,blind_first_precommit
R033,11,CASE020059,chest_xray_triage,blind_first,1,blind_first_precommit
R033,11,CASE020060,chest_xray_triage,blind_first,1,blind_first_precommit
R033,11,CASE020061,chest_xray_triage,blind_first,1,blind_first_precommit
R033,11,CASE020062,chest_xray_triage,blind_first,1,blind_first_precommit
R033,11,CASE020063,chest_xray_triage,blind_first,1,blind_first_precommit
R033,11,CASE020064,chest_xray_triage,blind_first,1,blind_first_precommit
R033,11,CASE020065,chest_xray_triage,blind_first,1,ai_not_shown
R033,11,CASE020066,chest_xray_triage,blind_first,1,ai_not_shown
R033,11,CASE020067,chest_xray_triage,blind_first,1,blind_first_precommit
R033,11,CASE020068,chest_xray_triage,blind_first,1,blind_first_precommit
R033,11,CASE020069,chest_xray_triage,blind_first,1,blind_first_precommit
R033,11,CASE020070,chest_xray_triage,blind_first,1,ai_not_shown
R033,11,CASE020071,chest_xray_triage,blind_first,1,blind_first_precommit
R033,11,CASE020072,chest_xray_triage,blind_first,1,blind_first_precommit
R033,11,CASE020073,chest_xray_triage,blind_first,1,blind_first_precommit
R033,11,CASE020074,chest_xray_triage,blind_first,0,blind_first_precommit
R033,11,CASE020075,chest_xray_triage,blind_first,1,blind_first_precommit
R033,12,CASE020076,chest_xray_triage,blind_first,1,blind_first_precommit
R033,12,CASE020077,chest_xray_triage,blind_first,1,blind_first_precommit
R033,12,CASE020078,chest_xray_triage,blind_first,1,ai_not_shown
R033,12,CASE020079,chest_xray_triage,blind_first,1,blind_first_precommit
R033,12,CASE020080,chest_xray_triage,blind_first,1,blind_first_precommit
R033,12,CASE020081,chest_xray_triage,blind_first,1,ai_not_shown
R033,12,CASE020082,chest_xray_triage,blind_first,1,blind_first_precommit
R033,12,CASE020083,chest_xray_triage,blind_first,1,blind_first_precommit
R033,12,CASE020084,chest_xray_triage,blind_first,1,blind_first_precommit
R033,12,CASE020085,chest_xray_triage,blind_first,1,blind_first_precommit
R033,12,CASE020086,chest_xray_triage,blind_first,0,blind_first_precommit
R033,12,CASE020087,chest_xray_triage,blind_first,1,blind_first_precommit
R033,12,CASE020088,chest_xray_triage,blind_first,1,blind_first_precommit
R033,12,CASE020089,chest_xray_triage,blind_first,1,blind_first_precommit
R033,12,CASE020090,chest_xray_triage,blind_first,1,ai_not_shown
R033,12,CASE020091,chest_xray_triage,blind_first,1,blind_first_precommit
R033,12,CASE020092,chest_xray_triage,blind_first,1,blind_first_precommit
R033,12,CASE020093,chest_xray_triage,blind_first,1,blind_first_precommit
R033,12,CASE020094,chest_xray_triage,blind_first,1,blind_first_precommit
R033,12,CASE020095,chest_xray_triage,blind_first,1,blind_first_precommit
R033,12,CASE020096,chest_xray_triage,blind_first,1,blind_first_precommit
R033,12,CASE020097,chest_xray_triage,blind_first,1,ai_not_shown
R033,12,CASE020098,chest_xray_triage,blind_first,1,blind_first_precommit
R033,12,CASE020099,chest_xray_triage,blind_first,1,blind_first_precommit
R033,12,CASE020100,chest_xray_triage,blind_first,1,blind_first_precommit
R033,13,CASE020101,chest_xray_triage,blind_first,1,blind_first_precommit
R033,13,CASE020102,chest_xray_triage,blind_first,1,blind_first_precommit
R033,13,CASE020103,chest_xray_triage,blind_first,1,blind_first_precommit
R033,13,CASE020104,chest_xray_triage,blind_first,1,blind_first_precommit
R033,13,CASE020105,chest_xray_triage,blind_first,0,blind_first_precommit
R033,13,CASE020106,chest_xray_triage,blind_first,1,blind_first_precommit
R033,13,CASE020107,chest_xray_triage,blind_first,1,blind_first_precommit
R033,13,CASE020108,chest_xray_triage,blind_first,0,blind_first_precommit
R033,13,CASE020109,chest_xray_triage,blind_first,1,blind_first_precommit
R033,13,CASE020110,chest_xray_triage,blind_first,1,ai_not_shown
R033,13,CASE020111,chest_xray_triage,blind_first,1,blind_first_precommit
R033,13,CASE020112,chest_xray_triage,blind_first,0,blind_first_precommit
R033,13,CASE020113,chest_xray_triage,blind_first,1,blind_first_precommit
R033,13,CASE020114,chest_xray_triage,blind_first,1,ai_not_shown
R033,13,CASE020115,chest_xray_triage,blind_first,1,blind_first_precommit
R033,13,CASE020116,chest_xray_triage,blind_first,0,blind_first_precommit
R033,13,CASE020117,chest_xray_triage,blind_first,0,blind_first_precommit
R033,13,CASE020118,chest_xray_triage,blind_first,1,blind_first_precommit
R033,13,CASE020119,chest_xray_triage,blind_first,1,blind_first_precommit
R033,13,CASE020120,chest_xray_triage,blind_first,1,blind_first_precommit
R033,13,CASE020121,chest_xray_triage,blind_first,1,blind_first_precommit
R033,13,CASE020122,chest_xray_triage,blind_first,1,blind_first_precommit
R033,13,CASE020123,chest_xray_triage,blind_first,1,blind_first_precommit
R033,13,CASE020124,chest_xray_triage,blind_first,1,ai_not_shown
R033,13,CASE020125,chest_xray_triage,blind_first,1,blind_first_precommit
R033,14,CASE020126,chest_xray_triage,blind_first,1,blind_first_precommit
R033,14,CASE020127,chest_xray_triage,blind_first,1,blind_first_precommit
R033,14,CASE020128,chest_xray_triage,blind_first,0,blind_first_precommit
R033,14,CASE020129,chest_xray_triage,blind_first,1,blind_first_precommit
R033,14,CASE020130,chest_xray_triage,blind_first,1,blind_first_precommit
R033,14,CASE020131,chest_xray_triage,blind_first,1,ai_not_shown
R033,14,CASE020132,chest_xray_triage,blind_first,1,blind_first_precommit
R033,14,CASE020133,chest_xray_triage,blind_first,0,blind_first_precommit
R033,14,CASE020134,chest_xray_triage,blind_first,1,ai_not_shown
R033,14,CASE020135,chest_xray_triage,blind_first,1,blind_first_precommit
R033,14,CASE020136,chest_xray_triage,blind_first,1,blind_first_precommit
R033,14,CASE020137,chest_xray_triage,blind_first,1,blind_first_precommit
R033,14,CASE020138,chest_xray_triage,blind_first,1,blind_first_precommit
R033,14,CASE020139,chest_xray_triage,blind_first,1,ai_not_shown
R033,14,CASE020140,chest_xray_triage,blind_first,1,blind_first_precommit
R033,14,CASE020141,chest_xray_triage,blind_first,1,blind_first_precommit
R033,14,CASE020142,chest_xray_triage,blind_first,1,blind_first_precommit
R033,14,CASE020143,chest_xray_triage,blind_first,1,ai_not_shown
R033,14,CASE020144,chest_xray_triage,blind_first,1,blind_first_precommit
R033,14,CASE020145,chest_xray_triage,blind_first,0,blind_first_precommit
R033,14,CASE020146,chest_xray_triage,blind_first,1,blind_first_precommit
R033,14,CASE020147,chest_xray_triage,blind_first,0,blind_first_precommit
R033,14,CASE020148,chest_xray_triage,blind_first,0,blind_first_precommit
R033,14,CASE020149,chest_xray_triage,blind_first,1,blind_first_precommit
R033,14,CASE020150,chest_xray_triage,blind_first,1,blind_first_precommit
R033,15,CASE020151,chest_xray_triage,blind_first,1,blind_first_precommit
R033,15,CASE020152,chest_xray_triage,blind_first,1,blind_first_precommit
R033,15,CASE020153,chest_xray_triage,blind_first,1,blind_first_precommit
R033,15,CASE020154,chest_xray_triage,blind_first,1,ai_not_shown
R033,15,CASE020155,chest_xray_triage,blind_first,1,blind_first_precommit
R033,15,CASE020156,chest_xray_triage,blind_first,1,blind_first_precommit
R033,15,CASE020157,chest_xray_triage,blind_first,1,blind_first_precommit
R033,15,CASE020158,chest_xray_triage,blind_first,0,blind_first_precommit
R033,15,CASE020159,chest_xray_triage,blind_first,1,blind_first_precommit
R033,15,CASE020160,chest_xray_triage,blind_first,0,blind_first_precommit
R033,15,CASE020161,chest_xray_triage,blind_first,1,blind_first_precommit
R033,15,CASE020162,chest_xray_triage,blind_first,1,blind_first_precommit
R033,15,CASE020163,chest_xray_triage,blind_first,0,blind_first_precommit
R033,15,CASE020164,chest_xray_triage,blind_first,0,blind_first_precommit
R033,15,CASE020165,chest_xray_triage,blind_first,0,blind_first_precommit
R033,15,CASE020166,chest_xray_triage,blind_first,1,blind_first_precommit
R033,15,CASE020167,chest_xray_triage,blind_first,1,blind_first_precommit
R033,15,CASE020168,chest_xray_triage,blind_first,1,blind_first_precommit
R033,15,CASE020169,chest_xray_triage,blind_first,1,blind_first_precommit
R033,15,CASE020170,chest_xray_triage,blind_first,1,blind_first_precommit
R033,15,CASE020171,chest_xray_triage,blind_first,0,ai_not_shown
R033,15,CASE020172,chest_xray_triage,blind_first,0,blind_first_precommit
R033,15,CASE020173,chest_xray_triage,blind_first,1,blind_first_precommit
R033,15,CASE020174,chest_xray_triage,blind_first,1,blind_first_precommit
R033,15,CASE020175,chest_xray_triage,blind_first,0,blind_first_precommit
R033,16,CASE020176,chest_xray_triage,blind_first,1,blind_first_precommit
R033,16,CASE020177,chest_xray_triage,blind_first,1,blind_first_precommit
R033,16,CASE020178,chest_xray_triage,blind_first,1,blind_first_precommit
R033,16,CASE020179,chest_xray_triage,blind_first,1,blind_first_precommit
R033,16,CASE020180,chest_xray_triage,blind_first,1,blind_first_precommit
R033,16,CASE020181,chest_xray_triage,blind_first,1,blind_first_precommit
R033,16,CASE020182,chest_xray_triage,blind_first,0,ai_not_shown
R033,16,CASE020183,chest_xray_triage,blind_first,1,ai_not_shown
R033,16,CASE020184,chest_xray_triage,blind_first,1,blind_first_precommit
R033,16,CASE020185,chest_xray_triage,blind_first,0,blind_first_precommit
R033,16,CASE020186,chest_xray_triage,blind_first,1,blind_first_precommit
R033,16,CASE020187,chest_xray_triage,blind_first,1,blind_first_precommit
R033,16,CASE020188,chest_xray_triage,blind_first,1,blind_first_precommit
R033,16,CASE020189,chest_xray_triage,blind_first,1,blind_first_precommit
R033,16,CASE020190,chest_xray_triage,blind_first,1,blind_first_precommit
R033,16,CASE020191,chest_xray_triage,blind_first,0,blind_first_precommit
R033,16,CASE020192,chest_xray_triage,blind_first,0,blind_first_precommit
R033,16,CASE020193,chest_xray_triage,blind_first,1,blind_first_precommit
R033,16,CASE020194,chest_xray_triage,blind_first,1,blind_first_precommit
R033,16,CASE020195,chest_xray_triage,blind_first,0,blind_first_precommit
R033,16,CASE020196,chest_xray_triage,blind_first,1,blind_first_precommit
R033,16,CASE020197,chest_xray_triage,blind_first,0,blind_first_precommit
R033,16,CASE020198,chest_xray_triage,blind_first,1,blind_first_precommit
R033,16,CASE020199,chest_xray_triage,blind_first,0,blind_first_precommit
R033,16,CASE020200,chest_xray_triage,blind_first,1,blind_first_precommit
R033,17,CASE020201,chest_xray_triage,blind_first,1,blind_first_precommit
R033,17,CASE020202,chest_xray_triage,blind_first,1,blind_first_precommit
R033,17,CASE020203,chest_xray_triage,blind_first,1,blind_first_precommit
R033,17,CASE020204,chest_xray_triage,blind_first,1,blind_first_precommit
R033,17,CASE020205,chest_xray_triage,blind_first,1,blind_first_precommit
R033,17,CASE020206,chest_xray_triage,blind_first,1,blind_first_precommit
R033,17,CASE020207,chest_xray_triage,blind_first,1,blind_first_precommit
R033,17,CASE020208,chest_xray_triage,blind_first,1,blind_first_precommit
R033,17,CASE020209,chest_xray_triage,blind_first,1,blind_first_precommit
R033,17,CASE020210,chest_xray_triage,blind_first,1,blind_first_precommit
R033,17,CASE020211,chest_xray_triage,blind_first,1,ai_not_shown
R033,17,CASE020212,chest_xray_triage,blind_first,1,blind_first_precommit
R033,17,CASE020213,chest_xray_triage,blind_first,1,ai_not_shown
R033,17,CASE020214,chest_xray_triage,blind_first,0,blind_first_precommit
R033,17,CASE020215,chest_xray_triage,blind_first,1,blind_first_precommit
R033,17,CASE020216,chest_xray_triage,blind_first,1,blind_first_precommit
R033,17,CASE020217,chest_xray_triage,blind_first,1,blind_first_precommit
R033,17,CASE020218,chest_xray_triage,blind_first,1,blind_first_precommit
R033,17,CASE020219,chest_xray_triage,blind_first,0,blind_first_precommit
R033,17,CASE020220,chest_xray_triage,blind_first,0,blind_first_precommit
R033,17,CASE020221,chest_xray_triage,blind_first,1,blind_first_precommit
R033,17,CASE020222,chest_xray_triage,blind_first,1,blind_first_precommit
R033,17,CASE020223,chest_xray_triage,blind_first,0,blind_first_precommit
R033,17,CASE020224,chest_xray_triage,blind_first,0,blind_first_precommit
R033,17,CASE020225,chest_xray_triage,blind_first,1,blind_first_precommit
R033,18,CASE020226,chest_xray_triage,blind_first,1,blind_first_precommit
R033,18,CASE020227,chest_xray_triage,blind_first,1,blind_first_precommit
R033,18,CASE020228,chest_xray_triage,blind_first,1,blind_first_precommit
R033,18,CASE020229,chest_xray_triage,blind_first,0,blind_first_precommit
R033,18,CASE020230,chest_xray_triage,blind_first,0,ai_not_shown
R033,18,CASE020231,chest_xray_triage,blind_first,1,blind_first_precommit
R033,18,CASE020232,chest_xray_triage,blind_first,1,blind_first_precommit
R033,18,CASE020233,chest_xray_triage,blind_first,1,blind_first_precommit
R033,18,CASE020234,chest_xray_triage,blind_first,0,blind_first_precommit
R033,18,CASE020235,chest_xray_triage,blind_first,1,blind_first_precommit
R033,18,CASE020236,chest_xray_triage,blind_first,1,blind_first_precommit
R033,18,CASE020237,chest_xray_triage,blind_first,1,blind_first_precommit
R033,18,CASE020238,chest_xray_triage,blind_first,1,blind_first_precommit
R033,18,CASE020239,chest_xray_triage,blind_first,1,blind_first_precommit
R033,18,CASE020240,chest_xray_triage,blind_first,1,blind_first_precommit
R033,18,CASE020241,chest_xray_triage,blind_first,1,blind_first_precommit
R033,18,CASE020242,chest_xray_triage,blind_first,1,blind_first_precommit
R033,18,CASE020243,chest_xray_triage,blind_first,1,blind_first_precommit
R033,18,CASE020244,chest_xray_triage,blind_first,1,blind_first_precommit
R033,18,CASE020245,chest_xray_triage,blind_first,1,blind_first_precommit
R033,18,CASE020246,chest_xray_triage,blind_first,1,blind_first_precommit
R033,18,CASE020247,chest_xray_triage,blind_first,1,blind_first_precommit
R033,18,CASE020248,chest_xray_triage,blind_first,1,blind_first_precommit
R033,18,CASE020249,chest_xray_triage,blind_first,0,blind_first_precommit
R033,18,CASE020250,chest_xray_triage,blind_first,1,blind_first_precommit
R033,19,CASE020251,chest_xray_triage,blind_first,0,blind_first_precommit
R033,19,CASE020252,chest_xray_triage,blind_first,1,blind_first_precommit
R033,19,CASE020253,chest_xray_triage,blind_first,1,blind_first_precommit
R033,19,CASE020254,chest_xray_triage,blind_first,1,blind_first_precommit
R033,19,CASE020255,chest_xray_triage,blind_first,1,blind_first_precommit
R033,19,CASE020256,chest_xray_triage,blind_first,1,blind_first_precommit
R033,19,CASE020257,chest_xray_triage,blind_first,0,blind_first_precommit
R033,19,CASE020258,chest_xray_triage,blind_first,1,blind_first_precommit
R033,19,CASE020259,chest_xray_triage,blind_first,1,blind_first_precommit
R033,19,CASE020260,chest_xray_triage,blind_first,1,blind_first_precommit
R033,19,CASE020261,chest_xray_triage,blind_first,1,blind_first_precommit
R033,19,CASE020262,chest_xray_triage,blind_first,1,blind_first_precommit
R033,19,CASE020263,chest_xray_triage,blind_first,0,blind_first_precommit
R033,19,CASE020264,chest_xray_triage,blind_first,1,blind_first_precommit
R033,19,CASE020265,chest_xray_triage,blind_first,1,blind_first_precommit
R033,19,CASE020266,chest_xray_triage,blind_first,1,blind_first_precommit
R033,19,CASE020267,chest_xray_triage,blind_first,1,ai_not_shown
R033,19,CASE020268,chest_xray_triage,blind_first,1,blind_first_precommit
R033,19,CASE020269,chest_xray_triage,blind_first,0,blind_first_precommit
R033,19,CASE020270,chest_xray_triage,blind_first,1,blind_first_precommit
R033,19,CASE020271,chest_xray_triage,blind_first,1,blind_first_precommit
R033,19,CASE020272,chest_xray_triage,blind_first,1,blind_first_precommit
R033,19,CASE020273,chest_xray_triage,blind_first,1,blind_first_precommit
R033,19,CASE020274,chest_xray_triage,blind_first,1,ai_not_shown
R033,19,CASE020275,chest_xray_triage,blind_first,1,blind_first_precommit
R033,20,CASE020276,chest_xray_triage,blind_first,1,blind_first_precommit
R033,20,CASE020277,chest_xray_triage,blind_first,0,blind_first_precommit
R033,20,CASE020278,chest_xray_triage,blind_first,1,blind_first_precommit
R033,20,CASE020279,chest_xray_triage,blind_first,1,blind_first_precommit
R033,20,CASE020280,chest_xray_triage,blind_first,1,blind_first_precommit
R033,20,CASE020281,chest_xray_triage,blind_first,1,blind_first_precommit
R033,20,CASE020282,chest_xray_triage,blind_first,1,blind_first_precommit
R033,20,CASE020283,chest_xray_triage,blind_first,1,blind_first_precommit
R033,20,CASE020284,chest_xray_triage,blind_first,1,ai_not_shown
R033,20,CASE020285,chest_xray_triage,blind_first,1,blind_first_precommit
R033,20,CASE020286,chest_xray_triage,blind_first,0,blind_first_precommit
R033,20,CASE020287,chest_xray_triage,blind_first,1,ai_not_shown
R033,20,CASE020288,chest_xray_triage,blind_first,1,blind_first_precommit
R033,20,CASE020289,chest_xray_triage,blind_first,1,blind_first_precommit
R033,20,CASE020290,chest_xray_triage,blind_first,0,blind_first_precommit
R033,20,CASE020291,chest_xray_triage,blind_first,1,blind_first_precommit
R033,20,CASE020292,chest_xray_triage,blind_first,1,blind_first_precommit
R033,20,CASE020293,chest_xray_triage,blind_first,1,ai_not_shown
R033,20,CASE020294,chest_xray_triage,blind_first,1,blind_first_precommit
R033,20,CASE020295,chest_xray_triage,blind_first,1,blind_first_precommit
R033,20,CASE020296,chest_xray_triage,blind_first,0,blind_first_precommit
R033,20,CASE020297,chest_xray_triage,blind_first,0,blind_first_precommit
R033,20,CASE020298,chest_xray_triage,blind_first,1,blind_first_precommit
R033,20,CASE020299,chest_xray_triage,blind_first,1,blind_first_precommit
R033,20,CASE020300,chest_xray_triage,blind_first,1,blind_first_precommit
R033,21,CASE020301,chest_xray_triage,blind_first,0,blind_first_precommit
R033,21,CASE020302,chest_xray_triage,blind_first,1,blind_first_precommit
R033,21,CASE020303,chest_xray_triage,blind_first,1,ai_not_shown
R033,21,CASE020304,chest_xray_triage,blind_first,1,blind_first_precommit
R033,21,CASE020305,chest_xray_triage,blind_first,1,blind_first_precommit
R033,21,CASE020306,chest_xray_triage,blind_first,1,ai_not_shown
R033,21,CASE020307,chest_xray_triage,blind_first,1,blind_first_precommit
R033,21,CASE020308,chest_xray_triage,blind_first,1,blind_first_precommit
R033,21,CASE020309,chest_xray_triage,blind_first,0,blind_first_precommit
R033,21,CASE020310,chest_xray_triage,blind_first,1,blind_first_precommit
R033,21,CASE020311,chest_xray_triage,blind_first,1,blind_first_precommit
R033,21,CASE020312,chest_xray_triage,blind_first,0,blind_first_precommit
R033,21,CASE020313,chest_xray_triage,blind_first,1,blind_first_precommit
R033,21,CASE020314,chest_xray_triage,blind_first,1,blind_first_precommit
R033,21,CASE020315,chest_xray_triage,blind_first,1,blind_first_precommit
R033,21,CASE020316,chest_xray_triage,blind_first,1,blind_first_precommit
R033,21,CASE020317,chest_xray_triage,blind_first,1,ai_not_shown
R033,21,CASE020318,chest_xray_triage,blind_first,1,blind_first_precommit
R033,21,CASE020319,chest_xray_triage,blind_first,1,blind_first_precommit
R033,21,CASE020320,chest_xray_triage,blind_first,1,blind_first_precommit
R033,21,CASE020321,chest_xray_triage,blind_first,1,blind_first_precommit
R033,21,CASE020322,chest_xray_triage,blind_first,1,ai_not_shown
R033,21,CASE020323,chest_xray_triage,blind_first,1,blind_first_precommit
R033,21,CASE020324,chest_xray_triage,blind_first,1,blind_first_precommit
R033,21,CASE020325,chest_xray_triage,blind_first,0,blind_first_precommit
R033,22,CASE020326,chest_xray_triage,blind_first,1,blind_first_precommit
R033,22,CASE020327,chest_xray_triage,blind_first,1,blind_first_precommit
R033,22,CASE020328,chest_xray_triage,blind_first,1,blind_first_precommit
R033,22,CASE020329,chest_xray_triage,blind_first,1,blind_first_precommit
R033,22,CASE020330,chest_xray_triage,blind_first,0,blind_first_precommit
R033,22,CASE020331,chest_xray_triage,blind_first,1,blind_first_precommit
R033,22,CASE020332,chest_xray_triage,blind_first,1,blind_first_precommit
R033,22,CASE020333,chest_xray_triage,blind_first,1,blind_first_precommit
R033,22,CASE020334,chest_xray_triage,blind_first,1,blind_first_precommit
R033,22,CASE020335,chest_xray_triage,blind_first,1,blind_first_precommit
R033,22,CASE020336,chest_xray_triage,blind_first,1,blind_first_precommit
R033,22,CASE020337,chest_xray_triage,blind_first,1,blind_first_precommit
R033,22,CASE020338,chest_xray_triage,blind_first,1,blind_first_precommit
R033,22,CASE020339,chest_xray_triage,blind_first,1,blind_first_precommit
R033,22,CASE020340,chest_xray_triage,blind_first,0,blind_first_precommit
R033,22,CASE020341,chest_xray_triage,blind_first,1,blind_first_precommit
R033,22,CASE020342,chest_xray_triage,blind_first,1,blind_first_precommit
R033,22,CASE020343,chest_xray_triage,blind_first,1,blind_first_precommit
R033,22,CASE020344,chest_xray_triage,blind_first,1,blind_first_precommit
R033,22,CASE020345,chest_xray_triage,blind_first,1,blind_first_precommit
R033,22,CASE020346,chest_xray_triage,blind_first,1,blind_first_precommit
R033,22,CASE020347,chest_xray_triage,blind_first,1,blind_first_precommit
R033,22,CASE020348,chest_xray_triage,blind_first,1,ai_not_shown
R033,22,CASE020349,chest_xray_triage,blind_first,1,blind_first_precommit
R033,22,CASE020350,chest_xray_triage,blind_first,1,blind_first_precommit
R033,23,CASE020351,chest_xray_triage,blind_first,1,blind_first_precommit
R033,23,CASE020352,chest_xray_triage,blind_first,1,blind_first_precommit
R033,23,CASE020353,chest_xray_triage,blind_first,1,blind_first_precommit
R033,23,CASE020354,chest_xray_triage,blind_first,1,blind_first_precommit
R033,23,CASE020355,chest_xray_triage,blind_first,1,blind_first_precommit
R033,23,CASE020356,chest_xray_triage,blind_first,1,blind_first_precommit
R033,23,CASE020357,chest_xray_triage,blind_first,1,blind_first_precommit
R033,23,CASE020358,chest_xray_triage,blind_first,1,ai_not_shown
R033,23,CASE020359,chest_xray_triage,blind_first,1,blind_first_precommit
R033,23,CASE020360,chest_xray_triage,blind_first,0,blind_first_precommit
R033,23,CASE020361,chest_xray_triage,blind_first,1,blind_first_precommit
R033,23,CASE020362,chest_xray_triage,blind_first,1,ai_not_shown
R033,23,CASE020363,chest_xray_triage,blind_first,1,blind_first_precommit
R033,23,CASE020364,chest_xray_triage,blind_first,1,blind_first_precommit
R033,23,CASE020365,chest_xray_triage,blind_first,1,blind_first_precommit
R033,23,CASE020366,chest_xray_triage,blind_first,1,blind_first_precommit
R033,23,CASE020367,chest_xray_triage,blind_first,1,blind_first_precommit
R033,23,CASE020368,chest_xray_triage,blind_first,1,blind_first_precommit
R033,23,CASE020369,chest_xray_triage,blind_first,1,blind_first_precommit
R033,23,CASE020370,chest_xray_triage,blind_first,1,blind_first_precommit
R033,23,CASE020371,chest_xray_triage,blind_first,1,blind_first_precommit
R033,23,CASE020372,chest_xray_triage,blind_first,1,blind_first_precommit
R033,23,CASE020373,chest_xray_triage,blind_first,1,blind_first_precommit
R033,23,CASE020374,chest_xray_triage,blind_first,1,blind_first_precommit
R033,23,CASE020375,chest_xray_triage,blind_first,1,ai_not_shown
R033,24,CASE020376,chest_xray_triage,blind_first,1,blind_first_precommit
R033,24,CASE020377,chest_xray_triage,blind_first,1,blind_first_precommit
R033,24,CASE020378,chest_xray_triage,blind_first,1,blind_first_precommit
R033,24,CASE020379,chest_xray_triage,blind_first,1,blind_first_precommit
R033,24,CASE020380,chest_xray_triage,blind_first,1,blind_first_precommit
R033,24,CASE020381,chest_xray_triage,blind_first,1,blind_first_precommit
R033,24,CASE020382,chest_xray_triage,blind_first,1,blind_first_precommit
R033,24,CASE020383,chest_xray_triage,blind_first,0,blind_first_precommit
R033,24,CASE020384,chest_xray_triage,blind_first,1,blind_first_precommit
R033,24,CASE020385,chest_xray_triage,blind_first,1,blind_first_precommit
R033,24,CASE020386,chest_xray_triage,blind_first,1,blind_first_precommit
R033,24,CASE020387,chest_xray_triage,blind_first,1,blind_first_precommit
R033,24,CASE020388,chest_xray_triage,blind_first,1,blind_first_precommit
R033,24,CASE020389,chest_xray_triage,blind_first,1,blind_first_precommit
R033,24,CASE020390,chest_xray_triage,blind_first,1,blind_first_precommit
R033,24,CASE020391,chest_xray_triage,blind_first,1,blind_first_precommit
R033,24,CASE020392,chest_xray_triage,blind_first,1,blind_first_precommit
R033,24,CASE020393,chest_xray_triage,blind_first,1,blind_first_precommit
R033,24,CASE020394,chest_xray_triage,blind_first,0,blind_first_precommit
R033,24,CASE020395,chest_xray_triage,blind_first,1,blind_first_precommit
R033,24,CASE020396,chest_xray_triage,blind_first,1,blind_first_precommit
R033,24,CASE020397,chest_xray_triage,blind_first,1,blind_first_precommit
R033,24,CASE020398,chest_xray_triage,blind_first,1,ai_not_shown
R033,24,CASE020399,chest_xray_triage,blind_first,1,blind_first_precommit
R033,24,CASE020400,chest_xray_triage,blind_first,0,blind_first_precommit
R034,1,CASE020405,chest_xray_triage,withheld_ai,1,ai_not_shown
R034,1,CASE020413,chest_xray_triage,withheld_ai,1,ai_not_shown
R034,1,CASE020414,chest_xray_triage,withheld_ai,1,ai_not_shown
R034,1,CASE020423,chest_xray_triage,withheld_ai,0,ai_not_shown
R034,1,CASE020425,chest_xray_triage,withheld_ai,0,ai_not_shown
R034,2,CASE020434,chest_xray_triage,withheld_ai,1,ai_not_shown
R034,2,CASE020435,chest_xray_triage,withheld_ai,1,ai_not_shown
R034,2,CASE020438,chest_xray_triage,withheld_ai,0,ai_not_shown
R034,2,CASE020440,chest_xray_triage,withheld_ai,1,ai_not_shown
R034,2,CASE020442,chest_xray_triage,withheld_ai,1,ai_not_shown
R034,2,CASE020443,chest_xray_triage,withheld_ai,1,ai_not_shown
R034,2,CASE020444,chest_xray_triage,withheld_ai,0,ai_not_shown
R034,2,CASE020449,chest_xray_triage,withheld_ai,1,ai_not_shown
R034,3,CASE020451,chest_xray_triage,withheld_ai,0,ai_not_shown
R034,3,CASE020459,chest_xray_triage,withheld_ai,0,ai_not_shown
R034,3,CASE020470,chest_xray_triage,withheld_ai,1,ai_not_shown
R034,3,CASE020474,chest_xray_triage,withheld_ai,1,ai_not_shown
R034,4,CASE020478,chest_xray_triage,withheld_ai,1,ai_not_shown
R034,4,CASE020481,chest_xray_triage,withheld_ai,1,ai_not_shown
R034,4,CASE020482,chest_xray_triage,withheld_ai,0,ai_not_shown
R034,4,CASE020485,chest_xray_triage,withheld_ai,0,ai_not_shown
R034,4,CASE020489,chest_xray_triage,withheld_ai,1,ai_not_shown
R034,5,CASE020509,chest_xray_triage,withheld_ai,1,ai_not_shown
R034,5,CASE020511,chest_xray_triage,withheld_ai,0,ai_not_shown
R034,5,CASE020512,chest_xray_triage,withheld_ai,1,ai_not_shown
R034,5,CASE020522,chest_xray_triage,withheld_ai,1,ai_not_shown
R034,5,CASE020525,chest_xray_triage,withheld_ai,1,ai_not_shown
R034,6,CASE020538,chest_xray_triage,withheld_ai,1,ai_not_shown
R034,6,CASE020544,chest_xray_triage,withheld_ai,1,ai_not_shown
R034,7,CASE020551,chest_xray_triage,withheld_ai,1,ai_not_shown
R034,7,CASE020558,chest_xray_triage,withheld_ai,1,ai_not_shown
R034,7,CASE020561,chest_xray_triage,withheld_ai,1,ai_not_shown
R034,7,CASE020562,chest_xray_triage,withheld_ai,1,ai_not_shown
R034,7,CASE020565,chest_xray_triage,withheld_ai,1,ai_not_shown
R034,7,CASE020567,chest_xray_triage,withheld_ai,1,ai_not_shown
R034,7,CASE020571,chest_xray_triage,withheld_ai,1,ai_not_shown
R034,8,CASE020577,chest_xray_triage,withheld_ai,1,ai_not_shown
R034,8,CASE020580,chest_xray_triage,withheld_ai,1,ai_not_shown
R034,8,CASE020595,chest_xray_triage,withheld_ai,1,ai_not_shown
R034,8,CASE020599,chest_xray_triage,withheld_ai,0,ai_not_shown
R034,9,CASE020607,chest_xray_triage,withheld_ai,1,ai_not_shown
R034,9,CASE020615,chest_xray_triage,withheld_ai,0,ai_not_shown
R034,9,CASE020619,chest_xray_triage,withheld_ai,0,ai_not_shown
R034,10,CASE020636,chest_xray_triage,withheld_ai,0,ai_not_shown
R034,10,CASE020639,chest_xray_triage,withheld_ai,1,ai_not_shown
R034,10,CASE020641,chest_xray_triage,withheld_ai,0,ai_not_shown
R034,10,CASE020650,chest_xray_triage,withheld_ai,1,ai_not_shown
R034,11,CASE020653,chest_xray_triage,withheld_ai,1,ai_not_shown
R034,11,CASE020666,chest_xray_triage,withheld_ai,1,ai_not_shown
R034,11,CASE020674,chest_xray_triage,withheld_ai,0,ai_not_shown
R034,12,CASE020686,chest_xray_triage,withheld_ai,1,ai_not_shown
R034,12,CASE020687,chest_xray_triage,withheld_ai,1,ai_not_shown
R034,12,CASE020688,chest_xray_triage,withheld_ai,0,ai_not_shown
R034,12,CASE020693,chest_xray_triage,withheld_ai,1,ai_not_shown
R034,13,CASE020710,chest_xray_triage,withheld_ai,0,ai_not_shown
R034,13,CASE020711,chest_xray_triage,withheld_ai,0,ai_not_shown
R034,13,CASE020716,chest_xray_triage,withheld_ai,1,ai_not_shown
R034,14,CASE020729,chest_xray_triage,withheld_ai,1,ai_not_shown
R034,15,CASE020753,chest_xray_triage,withheld_ai,0,ai_not_shown
R034,15,CASE020754,chest_xray_triage,withheld_ai,1,ai_not_shown
R034,15,CASE020755,chest_xray_triage,withheld_ai,1,ai_not_shown
R034,15,CASE020758,chest_xray_triage,withheld_ai,0,ai_not_shown
R034,15,CASE020761,chest_xray_triage,withheld_ai,0,ai_not_shown
R034,15,CASE020763,chest_xray_triage,withheld_ai,1,ai_not_shown
R034,15,CASE020765,chest_xray_triage,withheld_ai,0,ai_not_shown
R034,15,CASE020775,chest_xray_triage,withheld_ai,0,ai_not_shown
R034,16,CASE020778,chest_xray_triage,withheld_ai,0,ai_not_shown
R034,16,CASE020780,chest_xray_triage,withheld_ai,0,ai_not_shown
R034,16,CASE020785,chest_xray_triage,withheld_ai,0,ai_not_shown
R034,17,CASE020806,chest_xray_triage,withheld_ai,1,ai_not_shown
R034,17,CASE020807,chest_xray_triage,withheld_ai,1,ai_not_shown
R034,17,CASE020814,chest_xray_triage,withheld_ai,1,ai_not_shown
R034,17,CASE020815,chest_xray_triage,withheld_ai,1,ai_not_shown
R034,17,CASE020822,chest_xray_triage,withheld_ai,1,ai_not_shown
R034,18,CASE020826,chest_xray_triage,withheld_ai,1,ai_not_shown
R034,18,CASE020827,chest_xray_triage,withheld_ai,0,ai_not_shown
R034,18,CASE020832,chest_xray_triage,withheld_ai,1,ai_not_shown
R034,18,CASE020837,chest_xray_triage,withheld_ai,0,ai_not_shown
R034,18,CASE020839,chest_xray_triage,withheld_ai,0,ai_not_shown
R034,19,CASE020857,chest_xray_triage,withheld_ai,0,ai_not_shown
R034,19,CASE020859,chest_xray_triage,withheld_ai,0,ai_not_shown
R034,19,CASE020861,chest_xray_triage,withheld_ai,1,ai_not_shown
R034,19,CASE020867,chest_xray_triage,withheld_ai,1,ai_not_shown
R034,19,CASE020874,chest_xray_triage,withheld_ai,1,ai_not_shown
R034,20,CASE020879,chest_xray_triage,withheld_ai,1,ai_not_shown
R034,20,CASE020883,chest_xray_triage,withheld_ai,1,ai_not_shown
R034,20,CASE020884,chest_xray_triage,withheld_ai,1,ai_not_shown
R034,21,CASE020901,chest_xray_triage,withheld_ai,1,ai_not_shown
R034,21,CASE020911,chest_xray_triage,withheld_ai,0,ai_not_shown
R034,21,CASE020913,chest_xray_triage,withheld_ai,0,ai_not_shown
R034,21,CASE020916,chest_xray_triage,withheld_ai,1,ai_not_shown
R034,21,CASE020918,chest_xray_triage,withheld_ai,1,ai_not_shown
R034,21,CASE020919,chest_xray_triage,withheld_ai,1,ai_not_shown
R034,22,CASE020930,chest_xray_triage,withheld_ai,1,ai_not_shown
R034,22,CASE020941,chest_xray_triage,withheld_ai,0,ai_not_shown
R034,23,CASE020954,chest_xray_triage,withheld_ai,0,ai_not_shown
R034,23,CASE020956,chest_xray_triage,withheld_ai,1,ai_not_shown
R034,23,CASE020958,chest_xray_triage,withheld_ai,1,ai_not_shown
R034,23,CASE020960,chest_xray_triage,withheld_ai,1,ai_not_shown
R034,23,CASE020963,chest_xray_triage,withheld_ai,1,ai_not_shown
R034,23,CASE020966,chest_xray_triage,withheld_ai,1,ai_not_shown
R034,24,CASE020981,chest_xray_triage,withheld_ai,0,ai_not_shown
R034,24,CASE020983,chest_xray_triage,withheld_ai,0,ai_not_shown
R034,24,CASE020985,chest_xray_triage,withheld_ai,1,ai_not_shown
R034,24,CASE020989,chest_xray_triage,withheld_ai,1,ai_not_shown
R034,24,CASE020991,chest_xray_triage,withheld_ai,0,ai_not_shown
R034,24,CASE021000,chest_xray_triage,withheld_ai,0,ai_not_shown
R035,1,CASE021008,chest_xray_triage,disagreement_prompt,1,ai_not_shown
R035,2,CASE021038,chest_xray_triage,disagreement_prompt,1,ai_not_shown
R035,3,CASE021062,chest_xray_triage,disagreement_prompt,1,ai_not_shown
R035,4,CASE021078,chest_xray_triage,disagreement_prompt,1,ai_not_shown
R035,4,CASE021082,chest_xray_triage,disagreement_prompt,0,ai_not_shown
R035,4,CASE021084,chest_xray_triage,disagreement_prompt,1,ai_not_shown
R035,4,CASE021100,chest_xray_triage,disagreement_prompt,0,ai_not_shown
R035,5,CASE021121,chest_xray_triage,disagreement_prompt,1,ai_not_shown
R035,6,CASE021128,chest_xray_triage,disagreement_prompt,1,ai_not_shown
R035,6,CASE021129,chest_xray_triage,disagreement_prompt,1,ai_not_shown
R035,6,CASE021133,chest_xray_triage,disagreement_prompt,1,ai_not_shown
R035,6,CASE021138,chest_xray_triage,disagreement_prompt,1,ai_not_shown
R035,7,CASE021165,chest_xray_triage,disagreement_prompt,1,ai_not_shown
R035,7,CASE021171,chest_xray_triage,disagreement_prompt,1,ai_not_shown
R035,9,CASE021217,chest_xray_triage,disagreement_prompt,1,ai_not_shown
R035,9,CASE021222,chest_xray_triage,disagreement_prompt,1,ai_not_shown
R035,10,CASE021235,chest_xray_triage,disagreement_prompt,1,ai_not_shown
R035,10,CASE021243,chest_xray_triage,disagreement_prompt,1,ai_not_shown
R035,11,CASE021263,chest_xray_triage,disagreement_prompt,1,ai_not_shown
R035,12,CASE021276,chest_xray_triage,disagreement_prompt,0,ai_not_shown
R035,12,CASE021287,chest_xray_triage,disagreement_prompt,1,ai_not_shown
R035,15,CASE021369,chest_xray_triage,disagreement_prompt,1,ai_not_shown
R035,15,CASE021370,chest_xray_triage,disagreement_prompt,1,ai_not_shown
R035,16,CASE021385,chest_xray_triage,disagreement_prompt,1,ai_not_shown
R035,17,CASE021407,chest_xray_triage,disagreement_prompt,1,ai_not_shown
R035,17,CASE021413,chest_xray_triage,disagreement_prompt,1,ai_not_shown
R035,18,CASE021442,chest_xray_triage,disagreement_prompt,1,ai_not_shown
R035,19,CASE021462,chest_xray_triage,disagreement_prompt,1,ai_not_shown
R035,19,CASE021467,chest_xray_triage,disagreement_prompt,1,ai_not_shown
R035,19,CASE021468,chest_xray_triage,disagreement_prompt,1,ai_not_shown
R035,19,CASE021473,chest_xray_triage,disagreement_prompt,0,ai_not_shown
R035,20,CASE021476,chest_xray_triage,disagreement_prompt,1,ai_not_shown
R035,20,CASE021479,chest_xray_triage,disagreement_prompt,1,ai_not_shown
R035,20,CASE021495,chest_xray_triage,disagreement_prompt,1,ai_not_shown
R035,20,CASE021497,chest_xray_triage,disagreement_prompt,1,ai_not_shown
R035,21,CASE021501,chest_xray_triage,disagreement_prompt,1,ai_not_shown
R035,22,CASE021529,chest_xray_triage,disagreement_prompt,1,ai_not_shown
R035,22,CASE021538,chest_xray_triage,disagreement_prompt,0,ai_not_shown
R035,23,CASE021569,chest_xray_triage,disagreement_prompt,1,ai_not_shown
R035,23,CASE021571,chest_xray_triage,disagreement_prompt,1,ai_not_shown
R036,1,CASE021624,chest_xray_triage,control_always_ai,1,ai_not_shown
R036,3,CASE021670,chest_xray_triage,control_always_ai,1,ai_not_shown
R036,4,CASE021684,chest_xray_triage,control_always_ai,1,ai_not_shown
R036,4,CASE021700,chest_xray_triage,control_always_ai,1,ai_not_shown
R036,5,CASE021704,chest_xray_triage,control_always_ai,1,ai_not_shown
R036,5,CASE021705,chest_xray_triage,control_always_ai,0,ai_not_shown
R036,5,CASE021710,chest_xray_triage,control_always_ai,0,ai_not_shown
R036,7,CASE021755,chest_xray_triage,control_always_ai,1,ai_not_shown
R036,7,CASE021762,chest_xray_triage,control_always_ai,1,ai_not_shown
R036,7,CASE021770,chest_xray_triage,control_always_ai,1,ai_not_shown
R036,7,CASE021772,chest_xray_triage,control_always_ai,0,ai_not_shown
R036,8,CASE021792,chest_xray_triage,control_always_ai,1,ai_not_shown
R036,8,CASE021795,chest_xray_triage,control_always_ai,1,ai_not_shown
R036,8,CASE021798,chest_xray_triage,control_always_ai,1,ai_not_shown
R036,9,CASE021803,chest_xray_triage,control_always_ai,1,ai_not_shown
R036,9,CASE021808,chest_xray_triage,control_always_ai,0,ai_not_shown
R036,10,CASE021834,chest_xray_triage,control_always_ai,1,ai_not_shown
R036,11,CASE021871,chest_xray_triage,control_always_ai,1,ai_not_shown
R036,12,CASE021886,chest_xray_triage,control_always_ai,1,ai_not_shown
R036,13,CASE021907,chest_xray_triage,control_always_ai,1,ai_not_shown
R036,13,CASE021911,chest_xray_triage,control_always_ai,1,ai_not_shown
R036,13,CASE021924,chest_xray_triage,control_always_ai,0,ai_not_shown
R036,14,CASE021926,chest_xray_triage,control_always_ai,1,ai_not_shown
R036,16,CASE021979,chest_xray_triage,control_always_ai,1,ai_not_shown
R036,17,CASE022018,chest_xray_triage,control_always_ai,0,ai_not_shown
R036,17,CASE022024,chest_xray_triage,control_always_ai,0,ai_not_shown
R036,18,CASE022026,chest_xray_triage,control_always_ai,0,ai_not_shown
R036,18,CASE022034,chest_xray_triage,control_always_ai,1,ai_not_shown
R036,19,CASE022058,chest_xray_triage,control_always_ai,0,ai_not_shown
R036,19,CASE022066,chest_xray_triage,control_always_ai,1,ai_not_shown
R036,20,CASE022076,chest_xray_triage,control_always_ai,0,ai_not_shown
R036,20,CASE022086,chest_xray_triage,control_always_ai,0,ai_not_shown
R036,20,CASE022087,chest_xray_triage,control_always_ai,0,ai_not_shown
R036,20,CASE022095,chest_xray_triage,control_always_ai,0,ai_not_shown
R036,20,CASE022098,chest_xray_triage,control_always_ai,0,ai_not_shown
R036,21,CASE022103,chest_xray_triage,control_always_ai,0,ai_not_shown
R036,21,CASE022117,chest_xray_triage,control_always_ai,1,ai_not_shown
R036,21,CASE022125,chest_xray_triage,control_always_ai,1,ai_not_shown
R036,22,CASE022129,chest_xray_triage,control_always_ai,0,ai_not_shown
R036,22,CASE022131,chest_xray_triage,control_always_ai,0,ai_not_shown
R036,22,CASE022132,chest_xray_triage,control_always_ai,0,ai_not_shown
R036,23,CASE022152,chest_xray_triage,control_always_ai,0,ai_not_shown
R036,23,CASE022159,chest_xray_triage,control_always_ai,1,ai_not_shown
R036,23,CASE022165,chest_xray_triage,control_always_ai,0,ai_not_shown
R036,23,CASE022172,chest_xray_triage,control_always_ai,1,ai_not_shown
R036,24,CASE022188,chest_xray_triage,control_always_ai,1,ai_not_shown
R037,1,CASE022201,chest_xray_triage,blind_first,1,blind_first_precommit
R037,1,CASE022202,chest_xray_triage,blind_first,1,blind_first_precommit
R037,1,CASE022203,chest_xray_triage,blind_first,1,blind_first_precommit
R037,1,CASE022204,chest_xray_triage,blind_first,0,blind_first_precommit
R037,1,CASE022205,chest_xray_triage,blind_first,1,blind_first_precommit
R037,1,CASE022206,chest_xray_triage,blind_first,0,blind_first_precommit
R037,1,CASE022207,chest_xray_triage,blind_first,0,blind_first_precommit
R037,1,CASE022208,chest_xray_triage,blind_first,1,blind_first_precommit
R037,1,CASE022209,chest_xray_triage,blind_first,0,ai_not_shown
R037,1,CASE022210,chest_xray_triage,blind_first,1,blind_first_precommit
R037,1,CASE022211,chest_xray_triage,blind_first,1,blind_first_precommit
R037,1,CASE022212,chest_xray_triage,blind_first,0,blind_first_precommit
R037,1,CASE022213,chest_xray_triage,blind_first,1,blind_first_precommit
R037,1,CASE022214,chest_xray_triage,blind_first,1,ai_not_shown
R037,1,CASE022215,chest_xray_triage,blind_first,1,blind_first_precommit
R037,1,CASE022216,chest_xray_triage,blind_first,0,blind_first_precommit
R037,1,CASE022217,chest_xray_triage,blind_first,0,blind_first_precommit
R037,1,CASE022218,chest_xray_triage,blind_first,1,blind_first_precommit
R037,1,CASE022219,chest_xray_triage,blind_first,1,blind_first_precommit
R037,1,CASE022220,chest_xray_triage,blind_first,1,ai_not_shown
R037,1,CASE022221,chest_xray_triage,blind_first,0,blind_first_precommit
R037,1,CASE022222,chest_xray_triage,blind_first,0,ai_not_shown
R037,1,CASE022223,chest_xray_triage,blind_first,1,blind_first_precommit
R037,1,CASE022224,chest_xray_triage,blind_first,0,blind_first_precommit
R037,1,CASE022225,chest_xray_triage,blind_first,1,blind_first_precommit
R037,2,CASE022226,chest_xray_triage,blind_first,1,blind_first_precommit
R037,2,CASE022227,chest_xray_triage,blind_first,0,blind_first_precommit
R037,2,CASE022228,chest_xray_triage,blind_first,1,blind_first_precommit
R037,2,CASE022229,chest_xray_triage,blind_first,1,blind_first_precommit
R037,2,CASE022230,chest_xray_triage,blind_first,1,blind_first_precommit
R037,2,CASE022231,chest_xray_triage,blind_first,0,blind_first_precommit
R037,2,CASE022232,chest_xray_triage,blind_first,1,blind_first_precommit
R037,2,CASE022233,chest_xray_triage,blind_first,1,blind_first_precommit
R037,2,CASE022234,chest_xray_triage,blind_first,1,blind_first_precommit
R037,2,CASE022235,chest_xray_triage,blind_first,1,blind_first_precommit
R037,2,CASE022236,chest_xray_triage,blind_first,1,ai_not_shown
R037,2,CASE022237,chest_xray_triage,blind_first,1,blind_first_precommit
R037,2,CASE022238,chest_xray_triage,blind_first,0,blind_first_precommit
R037,2,CASE022239,chest_xray_triage,blind_first,1,blind_first_precommit
R037,2,CASE022240,chest_xray_triage,blind_first,0,blind_first_precommit
R037,2,CASE022241,chest_xray_triage,blind_first,0,blind_first_precommit
R037,2,CASE022242,chest_xray_triage,blind_first,0,blind_first_precommit
R037,2,CASE022243,chest_xray_triage,blind_first,0,blind_first_precommit
R037,2,CASE022244,chest_xray_triage,blind_first,0,blind_first_precommit
R037,2,CASE022245,chest_xray_triage,blind_first,1,blind_first_precommit
R037,2,CASE022246,chest_xray_triage,blind_first,1,ai_not_shown
R037,2,CASE022247,chest_xray_triage,blind_first,1,blind_first_precommit
R037,2,CASE022248,chest_xray_triage,blind_first,0,blind_first_precommit
R037,2,CASE022249,chest_xray_triage,blind_first,0,blind_first_precommit
R037,2,CASE022250,chest_xray_triage,blind_first,1,blind_first_precommit
R037,3,CASE022251,chest_xray_triage,blind_first,1,blind_first_precommit
R037,3,CASE022252,chest_xray_triage,blind_first,1,blind_first_precommit
R037,3,CASE022253,chest_xray_triage,blind_first,1,blind_first_precommit
R037,3,CASE022254,chest_xray_triage,blind_first,0,ai_not_shown
R037,3,CASE022255,chest_xray_triage,blind_first,0,blind_first_precommit
R037,3,CASE022256,chest_xray_triage,blind_first,0,blind_first_precommit
R037,3,CASE022257,chest_xray_triage,blind_first,1,blind_first_precommit
R037,3,CASE022258,chest_xray_triage,blind_first,1,blind_first_precommit
R037,3,CASE022259,chest_xray_triage,blind_first,1,blind_first_precommit
R037,3,CASE022260,chest_xray_triage,blind_first,1,blind_first_precommit
R037,3,CASE022261,chest_xray_triage,blind_first,0,blind_first_precommit
R037,3,CASE022262,chest_xray_triage,blind_first,0,blind_first_precommit
R037,3,CASE022263,chest_xray_triage,blind_first,1,blind_first_precommit
R037,3,CASE022264,chest_xray_triage,blind_first,1,blind_first_precommit
R037,3,CASE022265,chest_xray_triage,blind_first,0,blind_first_precommit
R037,3,CASE022266,chest_xray_triage,blind_first,0,blind_first_precommit
R037,3,CASE022267,chest_xray_triage,blind_first,0,blind_first_precommit
R037,3,CASE022268,chest_xray_triage,blind_first,0,blind_first_precommit
R037,3,CASE022269,chest_xray_triage,blind_first,1,blind_first_precommit
R037,3,CASE022270,chest_xray_triage,blind_first,0,blind_first_precommit
R037,3,CASE022271,chest_xray_triage,blind_first,1,blind_first_precommit
R037,3,CASE022272,chest_xray_triage,blind_first,1,blind_first_precommit
R037,3,CASE022273,chest_xray_triage,blind_first,1,blind_first_precommit
R037,3,CASE022274,chest_xray_triage,blind_first,1,blind_first_precommit
R037,3,CASE022275,chest_xray_triage,blind_first,1,blind_first_precommit
R037,4,CASE022276,chest_xray_triage,blind_first,1,blind_first_precommit
R037,4,CASE022277,chest_xray_triage,blind_first,1,ai_not_shown
R037,4,CASE022278,chest_xray_triage,blind_first,0,blind_first_precommit
R037,4,CASE022279,chest_xray_triage,blind_first,1,blind_first_precommit
R037,4,CASE022280,chest_xray_triage,blind_first,1,blind_first_precommit
R037,4,CASE022281,chest_xray_triage,blind_first,1,ai_not_shown
R037,4,CASE022282,chest_xray_triage,blind_first,1,blind_first_precommit
R037,4,CASE022283,chest_xray_triage,blind_first,0,blind_first_precommit
R037,4,CASE022284,chest_xray_triage,blind_first,1,blind_first_precommit
R037,4,CASE022285,chest_xray_triage,blind_first,1,blind_first_precommit
R037,4,CASE022286,chest_xray_triage,blind_first,1,blind_first_precommit
R037,4,CASE022287,chest_xray_triage,blind_first,1,blind_first_precommit
R037,4,CASE022288,chest_xray_triage,blind_first,1,blind_first_precommit
R037,4,CASE022289,chest_xray_triage,blind_first,1,blind_first_precommit
R037,4,CASE022290,chest_xray_triage,blind_first,1,blind_first_precommit
R037,4,CASE022291,chest_xray_triage,blind_first,0,blind_first_precommit
R037,4,CASE022292,chest_xray_triage,blind_first,0,blind_first_precommit
R037,4,CASE022293,chest_xray_triage,blind_first,1,blind_first_precommit
R037,4,CASE022294,chest_xray_triage,blind_first,1,blind_first_precommit
R037,4,CASE022295,chest_xray_triage,blind_first,0,blind_first_precommit
R037,4,CASE022296,chest_xray_triage,blind_first,0,blind_first_precommit
R037,4,CASE022297,chest_xray_triage,blind_first,1,blind_first_precommit
R037,4,CASE022298,chest_xray_triage,blind_first,1,blind_first_precommit
R037,4,CASE022299,chest_xray_triage,blind_first,0,blind_first_precommit
R037,4,CASE022300,chest_xray_triage,blind_first,1,blind_first_precommit
R037,5,CASE022301,chest_xray_triage,blind_first,1,blind_first_precommit
R037,5,CASE022302,chest_xray_triage,blind_first,1,blind_first_precommit
R037,5,CASE022303,chest_xray_triage,blind_first,1,blind_first_precommit
R037,5,CASE022304,chest_xray_triage,blind_first,1,blind_first_precommit
R037,5,CASE022305,chest_xray_triage,blind_first,0,blind_first_precommit
R037,5,CASE022306,chest_xray_triage,blind_first,0,blind_first_precommit
R037,5,CASE022307,chest_xray_triage,blind_first,0,blind_first_precommit
R037,5,CASE022308,chest_xray_triage,blind_first,0,blind_first_precommit
R037,5,CASE022309,chest_xray_triage,blind_first,1,blind_first_precommit
R037,5,CASE022310,chest_xray_triage,blind_first,1,ai_not_shown
R037,5,CASE022311,chest_xray_triage,blind_first,1,blind_first_precommit
R037,5,CASE022312,chest_xray_triage,blind_first,1,blind_first_precommit
R037,5,CASE022313,chest_xray_triage,blind_first,1,blind_first_precommit
R037,5,CASE022314,chest_xray_triage,blind_first,0,blind_first_precommit
R037,5,CASE022315,chest_xray_triage,blind_first,0,blind_first_precommit
R037,5,CASE022316,chest_xray_triage,blind_first,1,blind_first_precommit
R037,5,CASE022317,chest_xray_triage,blind_first,0,blind_first_precommit
R037,5,CASE022318,chest_xray_triage,blind_first,0,blind_first_precommit
R037,5,CASE022319,chest_xray_triage,blind_first,1,blind_first_precommit
R037,5,CASE022320,chest_xray_triage,blind_first,1,blind_first_precommit
R037,5,CASE022321,chest_xray_triage,blind_first,1,blind_first_precommit
R037,5,CASE022322,chest_xray_triage,blind_first,1,blind_first_precommit
R037,5,CASE022323,chest_xray_triage,blind_first,0,blind_first_precommit
R037,5,CASE022324,chest_xray_triage,blind_first,1,blind_first_precommit
R037,5,CASE022325,chest_xray_triage,blind_first,1,blind_first_precommit
R037,6,CASE022326,chest_xray_triage,blind_first,1,blind_first_precommit
R037,6,CASE022327,chest_xray_triage,blind_first,1,blind_first_precommit
R037,6,CASE022328,chest_xray_triage,blind_first,0,blind_first_precommit
R037,6,CASE022329,chest_xray_triage,blind_first,0,blind_first_precommit
R037,6,CASE022330,chest_xray_triage,blind_first,1,blind_first_precommit
R037,6,CASE022331,chest_xray_triage,blind_first,0,blind_first_precommit
R037,6,CASE022332,chest_xray_triage,blind_first,1,ai_not_shown
R037,6,CASE022333,chest_xray_triage,blind_first,1,blind_first_precommit
R037,6,CASE022334,chest_xray_triage,blind_first,1,blind_first_precommit
R037,6,CASE022335,chest_xray_triage,blind_first,1,blind_first_precommit
R037,6,CASE022336,chest_xray_triage,blind_first,1,blind_first_precommit
R037,6,CASE022337,chest_xray_triage,blind_first,0,blind_first_precommit
R037,6,CASE022338,chest_xray_triage,blind_first,0,blind_first_precommit
R037,6,CASE022339,chest_xray_triage,blind_first,0,blind_first_precommit
R037,6,CASE022340,chest_xray_triage,blind_first,1,blind_first_precommit
R037,6,CASE022341,chest_xray_triage,blind_first,0,blind_first_precommit
R037,6,CASE022342,chest_xray_triage,blind_first,1,blind_first_precommit
R037,6,CASE022343,chest_xray_triage,blind_first,0,ai_not_shown
R037,6,CASE022344,chest_xray_triage,blind_first,1,blind_first_precommit
R037,6,CASE022345,chest_xray_triage,blind_first,1,blind_first_precommit
R037,6,CASE022346,chest_xray_triage,blind_first,1,blind_first_precommit
R037,6,CASE022347,chest_xray_triage,blind_first,1,blind_first_precommit
R037,6,CASE022348,chest_xray_triage,blind_first,1,blind_first_precommit
R037,6,CASE022349,chest_xray_triage,blind_first,0,blind_first_precommit
R037,6,CASE022350,chest_xray_triage,blind_first,0,blind_first_precommit
R037,7,CASE022351,chest_xray_triage,blind_first,1,blind_first_precommit
R037,7,CASE022352,chest_xray_triage,blind_first,1,blind_first_precommit
R037,7,CASE022353,chest_xray_triage,blind_first,1,blind_first_precommit
R037,7,CASE022354,chest_xray_triage,blind_first,0,blind_first_precommit
R037,7,CASE022355,chest_xray_triage,blind_first,0,blind_first_precommit
R037,7,CASE022356,chest_xray_triage,blind_first,0,blind_first_precommit
R037,7,CASE022357,chest_xray_triage,blind_first,0,blind_first_precommit
R037,7,CASE022358,chest_xray_triage,blind_first,1,blind_first_precommit
R037,7,CASE022359,chest_xray_triage,blind_first,0,blind_first_precommit
R037,7,CASE022360,chest_xray_triage,blind_first,1,blind_first_precommit
R037,7,CASE022361,chest_xray_triage,blind_first,1,blind_first_precommit
R037,7,CASE022362,chest_xray_triage,blind_first,1,blind_first_precommit
R037,7,CASE022363,chest_xray_triage,blind_first,1,blind_first_precommit
R037,7,CASE022364,chest_xray_triage,blind_first,1,blind_first_precommit
R037,7,CASE022365,chest_xray_triage,blind_first,1,blind_first_precommit
R037,7,CASE022366,chest_xray_triage,blind_first,1,blind_first_precommit
R037,7,CASE022367,chest_xray_triage,blind_first,1,blind_first_precommit
R037,7,CASE022368,chest_xray_triage,blind_first,0,blind_first_precommit
R037,7,CASE022369,chest_xray_triage,blind_first,0,blind_first_precommit
R037,7,CASE022370,chest_xray_triage,blind_first,0,blind_first_precommit
R037,7,CASE022371,chest_xray_triage,blind_first,0,blind_first_precommit
R037,7,CASE022372,chest_xray_triage,blind_first,1,blind_first_precommit
R037,7,CASE022373,chest_xray_triage,blind_first,0,blind_first_precommit
R037,7,CASE022374,chest_xray_triage,blind_first,0,blind_first_precommit
R037,7,CASE022375,chest_xray_triage,blind_first,0,blind_first_precommit
R037,8,CASE022376,chest_xray_triage,blind_first,0,blind_first_precommit
R037,8,CASE022377,chest_xray_triage,blind_first,1,blind_first_precommit
R037,8,CASE022378,chest_xray_triage,blind_first,0,blind_first_precommit
R037,8,CASE022379,chest_xray_triage,blind_first,0,blind_first_precommit
R037,8,CASE022380,chest_xray_triage,blind_first,1,blind_first_precommit
R037,8,CASE022381,chest_xray_triage,blind_first,1,blind_first_precommit
R037,8,CASE022382,chest_xray_triage,blind_first,1,blind_first_precommit
R037,8,CASE022383,chest_xray_triage,blind_first,1,blind_first_precommit
R037,8,CASE022384,chest_xray_triage,blind_first,1,blind_first_precommit
R037,8,CASE022385,chest_xray_triage,blind_first,0,blind_first_precommit
R037,8,CASE022386,chest_xray_triage,blind_first,1,blind_first_precommit
R037,8,CASE022387,chest_xray_triage,blind_first,0,blind_first_precommit
R037,8,CASE022388,chest_xray_triage,blind_first,1,blind_first_precommit
R037,8,CASE022389,chest_xray_triage,blind_first,0,blind_first_precommit
R037,8,CASE022390,chest_xray_triage,blind_first,1,ai_not_shown
R037,8,CASE022391,chest_xray_triage,blind_first,1,blind_first_precommit
R037,8,CASE022392,chest_xray_triage,blind_first,1,blind_first_precommit
R037,8,CASE022393,chest_xray_triage,blind_first,1,blind_first_precommit
R037,8,CASE022394,chest_xray_triage,blind_first,0,blind_first_precommit
R037,8,CASE022395,chest_xray_triage,blind_first,1,blind_first_precommit
R037,8,CASE022396,chest_xray_triage,blind_first,1,blind_first_precommit
R037,8,CASE022397,chest_xray_triage,blind_first,1,blind_first_precommit
R037,8,CASE022398,chest_xray_triage,blind_first,1,blind_first_precommit
R037,8,CASE022399,chest_xray_triage,blind_first,1,blind_first_precommit
R037,8,CASE022400,chest_xray_triage,blind_first,0,blind_first_precommit
R037,9,CASE022401,chest_xray_triage,blind_first,1,blind_first_precommit
R037,9,CASE022402,chest_xray_triage,blind_first,1,blind_first_precommit
R037,9,CASE022403,chest_xray_triage,blind_first,1,blind_first_precommit
R037,9,CASE022404,chest_xray_triage,blind_first,1,blind_first_precommit
R037,9,CASE022405,chest_xray_triage,blind_first,1,blind_first_precommit
R037,9,CASE022406,chest_xray_triage,blind_first,1,blind_first_precommit
R037,9,CASE022407,chest_xray_triage,blind_first,0,blind_first_precommit
R037,9,CASE022408,chest_xray_triage,blind_first,0,ai_not_shown
R037,9,CASE022409,chest_xray_triage,blind_first,1,blind_first_precommit
R037,9,CASE022410,chest_xray_triage,blind_first,1,blind_first_precommit
R037,9,CASE022411,chest_xray_triage,blind_first,1,blind_first_precommit
R037,9,CASE022412,chest_xray_triage,blind_first,1,blind_first_precommit
R037,9,CASE022413,chest_xray_triage,blind_first,1,blind_first_precommit
R037,9,CASE022414,chest_xray_triage,blind_first,0,blind_first_precommit
R037,9,CASE022415,chest_xray_triage,blind_first,1,blind_first_precommit
R037,9,CASE022416,chest_xray_triage,blind_first,1,blind_first_precommit
R037,9,CASE022417,chest_xray_triage,blind_first,1,blind_first_precommit
R037,9,CASE022418,chest_xray_triage,blind_first,1,blind_first_precommit
R037,9,CASE022419,chest_xray_triage,blind_first,1,blind_first_precommit
R037,9,CASE022420,chest_xray_triage,blind_first,1,blind_first_precommit
R037,9,CASE022421,chest_xray_triage,blind_first,0,blind_first_precommit
R037,9,CASE022422,chest_xray_triage,blind_first,0,blind_first_precommit
R037,9,CASE022423,chest_xray_triage,blind_first,1,blind_first_precommit
R037,9,CASE022424,chest_xray_triage,blind_first,0,blind_first_precommit
R037,9,CASE022425,chest_xray_triage,blind_first,1,blind_first_precommit
R037,10,CASE022426,chest_xray_triage,blind_first,1,ai_not_shown
R037,10,CASE022427,chest_xray_triage,blind_first,1,blind_first_precommit
R037,10,CASE022428,chest_xray_triage,blind_first,1,blind_first_precommit
R037,10,CASE022429,chest_xray_triage,blind_first,1,blind_first_precommit
R037,10,CASE022430,chest_xray_triage,blind_first,0,blind_first_precommit
R037,10,CASE022431,chest_xray_triage,blind_first,1,blind_first_precommit
R037,10,CASE022432,chest_xray_triage,blind_first,0,blind_first_precommit
R037,10,CASE022433,chest_xray_triage,blind_first,1,blind_first_precommit
R037,10,CASE022434,chest_xray_triage,blind_first,1,blind_first_precommit
R037,10,CASE022435,chest_xray_triage,blind_first,1,blind_first_precommit
R037,10,CASE022436,chest_xray_triage,blind_first,1,blind_first_precommit
R037,10,CASE022437,chest_xray_triage,blind_first,1,blind_first_precommit
R037,10,CASE022438,chest_xray_triage,blind_first,1,blind_first_precommit
R037,10,CASE022439,chest_xray_triage,blind_first,0,blind_first_precommit
R037,10,CASE022440,chest_xray_triage,blind_first,0,blind_first_precommit
R037,10,CASE022441,chest_xray_triage,blind_first,0,blind_first_precommit
R037,10,CASE022442,chest_xray_triage,blind_first,1,blind_first_precommit
R037,10,CASE022443,chest_xray_triage,blind_first,1,ai_not_shown
R037,10,CASE022444,chest_xray_triage,blind_first,1,blind_first_precommit
R037,10,CASE022445,chest_xray_triage,blind_first,1,blind_first_precommit
R037,10,CASE022446,chest_xray_triage,blind_first,0,ai_not_shown
R037,10,CASE022447,chest_xray_triage,blind_first,0,blind_first_precommit
R037,10,CASE022448,chest_xray_triage,blind_first,0,blind_first_precommit
R037,10,CASE022449,chest_xray_triage,blind_first,1,blind_first_precommit
R037,10,CASE022450,chest_xray_triage,blind_first,0,blind_first_precommit
R037,11,CASE022451,chest_xray_triage,blind_first,0,blind_first_precommit
R037,11,CASE022452,chest_xray_triage,blind_first,1,ai_not_shown
R037,11,CASE022453,chest_xray_triage,blind_first,1,blind_first_precommit
R037,11,CASE022454,chest_xray_triage,blind_first,0,blind_first_precommit
R037,11,CASE022455,chest_xray_triage,blind_first,0,ai_not_shown
R037,11,CASE022456,chest_xray_triage,blind_first,1,blind_first_precommit
R037,11,CASE022457,chest_xray_triage,blind_first,1,blind_first_precommit
R037,11,CASE022458,chest_xray_triage,blind_first,1,ai_not_shown
R037,11,CASE022459,chest_xray_triage,blind_first,0,blind_first_precommit
R037,11,CASE022460,chest_xray_triage,blind_first,0,blind_first_precommit
R037,11,CASE022461,chest_xray_triage,blind_first,0,ai_not_shown
R037,11,CASE022462,chest_xray_triage,blind_first,0,blind_first_precommit
R037,11,CASE022463,chest_xray_triage,blind_first,1,blind_first_precommit
R037,11,CASE022464,chest_xray_triage,blind_first,1,blind_first_precommit
R037,11,CASE022465,chest_xray_triage,blind_first,1,blind_first_precommit
R037,11,CASE022466,chest_xray_triage,blind_first,0,blind_first_precommit
R037,11,CASE022467,chest_xray_triage,blind_first,0,blind_first_precommit
R037,11,CASE022468,chest_xray_triage,blind_first,1,blind_first_precommit
R037,11,CASE022469,chest_xray_triage,blind_first,1,blind_first_precommit
R037,11,CASE022470,chest_xray_triage,blind_first,1,blind_first_precommit
R037,11,CASE022471,chest_xray_triage,blind_first,1,blind_first_precommit
R037,11,CASE022472,chest_xray_triage,blind_first,0,ai_not_shown
R037,11,CASE022473,chest_xray_triage,blind_first,1,blind_first_precommit
R037,11,CASE022474,chest_xray_triage,blind_first,1,blind_first_precommit
R037,11,CASE022475,chest_xray_triage,blind_first,1,blind_first_precommit
R037,12,CASE022476,chest_xray_triage,blind_first,0,blind_first_precommit
R037,12,CASE022477,chest_xray_triage,blind_first,0,blind_first_precommit
R037,12,CASE022478,chest_xray_triage,blind_first,0,blind_first_precommit
R037,12,CASE022479,chest_xray_triage,blind_first,0,blind_first_precommit
R037,12,CASE022480,chest_xray_triage,blind_first,0,ai_not_shown
R037,12,CASE022481,chest_xray_triage,blind_first,0,blind_first_precommit
R037,12,CASE022482,chest_xray_triage,blind_first,0,blind_first_precommit
R037,12,CASE022483,chest_xray_triage,blind_first,1,blind_first_precommit
R037,12,CASE022484,chest_xray_triage,blind_first,1,blind_first_precommit
R037,12,CASE022485,chest_xray_triage,blind_first,0,blind_first_precommit
R037,12,CASE022486,chest_xray_triage,blind_first,1,blind_first_precommit
R037,12,CASE022487,chest_xray_triage,blind_first,0,blind_first_precommit
R037,12,CASE022488,chest_xray_triage,blind_first,0,blind_first_precommit
R037,12,CASE022489,chest_xray_triage,blind_first,0,blind_first_precommit
R037,12,CASE022490,chest_xray_triage,blind_first,0,blind_first_precommit
R037,12,CASE022491,chest_xray_triage,blind_first,0,blind_first_precommit
R037,12,CASE022492,chest_xray_triage,blind_first,0,blind_first_precommit
R037,12,CASE022493,chest_xray_triage,blind_first,1,blind_first_precommit
R037,12,CASE022494,chest_xray_triage,blind_first,1,blind_first_precommit
R037,12,CASE022495,chest_xray_triage,blind_first,0,blind_first_precommit
R037,12,CASE022496,chest_xray_triage,blind_first,0,blind_first_precommit
R037,12,CASE022497,chest_xray_triage,blind_first,1,blind_first_precommit
R037,12,CASE022498,chest_xray_triage,blind_first,0,blind_first_precommit
R037,12,CASE022499,chest_xray_triage,blind_first,1,blind_first_precommit
R037,12,CASE022500,chest_xray_triage,blind_first,0,blind_first_precommit
R037,13,CASE022501,chest_xray_triage,blind_first,1,ai_not_shown
R037,13,CASE022502,chest_xray_triage,blind_first,1,blind_first_precommit
R037,13,CASE022503,chest_xray_triage,blind_first,1,blind_first_precommit
R037,13,CASE022504,chest_xray_triage,blind_first,0,blind_first_precommit
R037,13,CASE022505,chest_xray_triage,blind_first,1,blind_first_precommit
R037,13,CASE022506,chest_xray_triage,blind_first,1,blind_first_precommit
R037,13,CASE022507,chest_xray_triage,blind_first,1,blind_first_precommit
R037,13,CASE022508,chest_xray_triage,blind_first,0,blind_first_precommit
R037,13,CASE022509,chest_xray_triage,blind_first,1,blind_first_precommit
R037,13,CASE022510,chest_xray_triage,blind_first,1,blind_first_precommit
R037,13,CASE022511,chest_xray_triage,blind_first,1,blind_first_precommit
R037,13,CASE022512,chest_xray_triage,blind_first,1,blind_first_precommit
R037,13,CASE022513,chest_xray_triage,blind_first,1,blind_first_precommit
R037,13,CASE022514,chest_xray_triage,blind_first,1,blind_first_precommit
R037,13,CASE022515,chest_xray_triage,blind_first,0,ai_not_shown
R037,13,CASE022516,chest_xray_triage,blind_first,1,blind_first_precommit
R037,13,CASE022517,chest_xray_triage,blind_first,0,blind_first_precommit
R037,13,CASE022518,chest_xray_triage,blind_first,1,blind_first_precommit
R037,13,CASE022519,chest_xray_triage,blind_first,0,blind_first_precommit
R037,13,CASE022520,chest_xray_triage,blind_first,0,ai_not_shown
R037,13,CASE022521,chest_xray_triage,blind_first,0,blind_first_precommit
R037,13,CASE022522,chest_xray_triage,blind_first,0,blind_first_precommit
R037,13,CASE022523,chest_xray_triage,blind_first,1,blind_first_precommit
R037,13,CASE022524,chest_xray_triage,blind_first,0,blind_first_precommit
R037,13,CASE022525,chest_xray_triage,blind_first,1,blind_first_precommit
R037,14,CASE022526,chest_xray_triage,blind_first,1,blind_first_precommit
R037,14,CASE022527,chest_xray_triage,blind_first,0,blind_first_precommit
R037,14,CASE022528,chest_xray_triage,blind_first,1,blind_first_precommit
R037,14,CASE022529,chest_xray_triage,blind_first,1,blind_first_precommit
R037,14,CASE022530,chest_xray_triage,blind_first,0,blind_first_precommit
R037,14,CASE022531,chest_xray_triage,blind_first,1,blind_first_precommit
R037,14,CASE022532,chest_xray_triage,blind_first,1,blind_first_precommit
R037,14,CASE022533,chest_xray_triage,blind_first,0,blind_first_precommit
R037,14,CASE022534,chest_xray_triage,blind_first,1,blind_first_precommit
R037,14,CASE022535,chest_xray_triage,blind_first,0,blind_first_precommit
R037,14,CASE022536,chest_xray_triage,blind_first,1,blind_first_precommit
R037,14,CASE022537,chest_xray_triage,blind_first,0,blind_first_precommit
R037,14,CASE022538,chest_xray_triage,blind_first,1,blind_first_precommit
R037,14,CASE022539,chest_xray_triage,blind_first,1,blind_first_precommit
R037,14,CASE022540,chest_xray_triage,blind_first,0,blind_first_precommit
R037,14,CASE022541,chest_xray_triage,blind_first,1,blind_first_precommit
R037,14,CASE022542,chest_xray_triage,blind_first,0,blind_first_precommit
R037,14,CASE022543,chest_xray_triage,blind_first,1,blind_first_precommit
R037,14,CASE022544,chest_xray_triage,blind_first,1,blind_first_precommit
R037,14,CASE022545,chest_xray_triage,blind_first,0,blind_first_precommit
R037,14,CASE022546,chest_xray_triage,blind_first,1,blind_first_precommit
R037,14,CASE022547,chest_xray_triage,blind_first,0,blind_first_precommit
R037,14,CASE022548,chest_xray_triage,blind_first,0,blind_first_precommit
R037,14,CASE022549,chest_xray_triage,blind_first,0,blind_first_precommit
R037,14,CASE022550,chest_xray_triage,blind_first,1,blind_first_precommit
R037,15,CASE022551,chest_xray_triage,blind_first,1,blind_first_precommit
R037,15,CASE022552,chest_xray_triage,blind_first,1,blind_first_precommit
R037,15,CASE022553,chest_xray_triage,blind_first,1,blind_first_precommit
R037,15,CASE022554,chest_xray_triage,blind_first,1,blind_first_precommit
R037,15,CASE022555,chest_xray_triage,blind_first,1,blind_first_precommit
R037,15,CASE022556,chest_xray_triage,blind_first,0,blind_first_precommit
R037,15,CASE022557,chest_xray_triage,blind_first,0,blind_first_precommit
R037,15,CASE022558,chest_xray_triage,blind_first,0,ai_not_shown
R037,15,CASE022559,chest_xray_triage,blind_first,1,blind_first_precommit
R037,15,CASE022560,chest_xray_triage,blind_first,0,blind_first_precommit
R037,15,CASE022561,chest_xray_triage,blind_first,1,blind_first_precommit
R037,15,CASE022562,chest_xray_triage,blind_first,1,blind_first_precommit
R037,15,CASE022563,chest_xray_triage,blind_first,0,blind_first_precommit
R037,15,CASE022564,chest_xray_triage,blind_first,0,blind_first_precommit
R037,15,CASE022565,chest_xray_triage,blind_first,1,blind_first_precommit
R037,15,CASE022566,chest_xray_triage,blind_first,1,blind_first_precommit
R037,15,CASE022567,chest_xray_triage,blind_first,1,blind_first_precommit
R037,15,CASE022568,chest_xray_triage,blind_first,1,blind_first_precommit
R037,15,CASE022569,chest_xray_triage,blind_first,1,blind_first_precommit
R037,15,CASE022570,chest_xray_triage,blind_first,0,blind_first_precommit
R037,15,CASE022571,chest_xray_triage,blind_first,1,blind_first_precommit
R037,15,CASE022572,chest_xray_triage,blind_first,1,blind_first_precommit
R037,15,CASE022573,chest_xray_triage,blind_first,1,blind_first_precommit
R037,15,CASE022574,chest_xray_triage,blind_first,1,blind_first_precommit
R037,15,CASE022575,chest_xray_triage,blind_first,1,blind_first_precommit
R037,16,CASE022576,chest_xray_triage,blind_first,1,blind_first_precommit
R037,16,CASE022577,chest_xray_triage,blind_first,0,blind_first_precommit
R037,16,CASE022578,chest_xray_triage,blind_first,1,blind_first_precommit
R037,16,CASE022579,chest_xray_triage,blind_first,0,blind_first_precommit
R037,16,CASE022580,chest_xray_triage,blind_first,1,blind_first_precommit
R037,16,CASE022581,chest_xray_triage,blind_first,0,blind_first_precommit
R037,16,CASE022582,chest_xray_triage,blind_first,1,blind_first_precommit
R037,16,CASE022583,chest_xray_triage,blind_first,1,blind_first_precommit
R037,16,CASE022584,chest_xray_triage,blind_first,0,blind_first_precommit
R037,16,CASE022585,chest_xray_triage,blind_first,1,blind_first_precommit
R037,16,CASE022586,chest_xray_triage,blind_first,1,blind_first_precommit
R037,16,CASE022587,chest_xray_triage,blind_first,1,blind_first_precommit
R037,16,CASE022588,chest_xray_triage,blind_first,0,blind_first_precommit
R037,16,CASE022589,chest_xray_triage,blind_first,0,blind_first_precommit
R037,16,CASE022590,chest_xray_triage,blind_first,1,blind_first_precommit
R037,16,CASE022591,chest_xray_triage,blind_first,1,blind_first_precommit
R037,16,CASE022592,chest_xray_triage,blind_first,0,ai_not_shown
R037,16,CASE022593,chest_xray_triage,blind_first,0,blind_first_precommit
R037,16,CASE022594,chest_xray_triage,blind_first,0,blind_first_precommit
R037,16,CASE022595,chest_xray_triage,blind_first,1,blind_first_precommit
R037,16,CASE022596,chest_xray_triage,blind_first,1,blind_first_precommit
R037,16,CASE022597,chest_xray_triage,blind_first,1,blind_first_precommit
R037,16,CASE022598,chest_xray_triage,blind_first,0,blind_first_precommit
R037,16,CASE022599,chest_xray_triage,blind_first,1,blind_first_precommit
R037,16,CASE022600,chest_xray_triage,blind_first,1,blind_first_precommit
R037,17,CASE022601,chest_xray_triage,blind_first,1,blind_first_precommit
R037,17,CASE022602,chest_xray_triage,blind_first,0,blind_first_precommit
R037,17,CASE022603,chest_xray_triage,blind_first,0,ai_not_shown
R037,17,CASE022604,chest_xray_triage,blind_first,1,blind_first_precommit
R037,17,CASE022605,chest_xray_triage,blind_first,0,blind_first_precommit
R037,17,CASE022606,chest_xray_triage,blind_first,0,blind_first_precommit
R037,17,CASE022607,chest_xray_triage,blind_first,0,blind_first_precommit
R037,17,CASE022608,chest_xray_triage,blind_first,0,blind_first_precommit
R037,17,CASE022609,chest_xray_triage,blind_first,1,blind_first_precommit
R037,17,CASE022610,chest_xray_triage,blind_first,1,blind_first_precommit
R037,17,CASE022611,chest_xray_triage,blind_first,0,blind_first_precommit
R037,17,CASE022612,chest_xray_triage,blind_first,1,blind_first_precommit
R037,17,CASE022613,chest_xray_triage,blind_first,0,blind_first_precommit
R037,17,CASE022614,chest_xray_triage,blind_first,0,blind_first_precommit
R037,17,CASE022615,chest_xray_triage,blind_first,1,blind_first_precommit
R037,17,CASE022616,chest_xray_triage,blind_first,1,blind_first_precommit
R037,17,CASE022617,chest_xray_triage,blind_first,1,blind_first_precommit
R037,17,CASE022618,chest_xray_triage,blind_first,0,blind_first_precommit
R037,17,CASE022619,chest_xray_triage,blind_first,0,blind_first_precommit
R037,17,CASE022620,chest_xray_triage,blind_first,0,ai_not_shown
R037,17,CASE022621,chest_xray_triage,blind_first,0,blind_first_precommit
R037,17,CASE022622,chest_xray_triage,blind_first,0,blind_first_precommit
R037,17,CASE022623,chest_xray_triage,blind_first,1,blind_first_precommit
R037,17,CASE022624,chest_xray_triage,blind_first,1,blind_first_precommit
R037,17,CASE022625,chest_xray_triage,blind_first,0,blind_first_precommit
R037,18,CASE022626,chest_xray_triage,blind_first,0,blind_first_precommit
R037,18,CASE022627,chest_xray_triage,blind_first,1,blind_first_precommit
R037,18,CASE022628,chest_xray_triage,blind_first,1,blind_first_precommit
R037,18,CASE022629,chest_xray_triage,blind_first,0,blind_first_precommit
R037,18,CASE022630,chest_xray_triage,blind_first,1,blind_first_precommit
R037,18,CASE022631,chest_xray_triage,blind_first,1,blind_first_precommit
R037,18,CASE022632,chest_xray_triage,blind_first,0,blind_first_precommit
R037,18,CASE022633,chest_xray_triage,blind_first,0,blind_first_precommit
R037,18,CASE022634,chest_xray_triage,blind_first,0,blind_first_precommit
R037,18,CASE022635,chest_xray_triage,blind_first,0,blind_first_precommit
R037,18,CASE022636,chest_xray_triage,blind_first,0,blind_first_precommit
R037,18,CASE022637,chest_xray_triage,blind_first,1,blind_first_precommit
R037,18,CASE022638,chest_xray_triage,blind_first,1,blind_first_precommit
R037,18,CASE022639,chest_xray_triage,blind_first,0,blind_first_precommit
R037,18,CASE022640,chest_xray_triage,blind_first,1,blind_first_precommit
R037,18,CASE022641,chest_xray_triage,blind_first,1,blind_first_precommit
R037,18,CASE022642,chest_xray_triage,blind_first,1,blind_first_precommit
R037,18,CASE022643,chest_xray_triage,blind_first,1,blind_first_precommit
R037,18,CASE022644,chest_xray_triage,blind_first,1,blind_first_precommit
R037,18,CASE022645,chest_xray_triage,blind_first,0,blind_first_precommit
R037,18,CASE022646,chest_xray_triage,blind_first,1,blind_first_precommit
R037,18,CASE022647,chest_xray_triage,blind_first,0,blind_first_precommit
R037,18,CASE022648,chest_xray_triage,blind_first,1,blind_first_precommit
R037,18,CASE022649,chest_xray_triage,blind_first,1,blind_first_precommit
R037,18,CASE022650,chest_xray_triage,blind_first,0,blind_first_precommit
R037,19,CASE022651,chest_xray_triage,blind_first,1,blind_first_precommit
R037,19,CASE022652,chest_xray_triage,blind_first,1,blind_first_precommit
R037,19,CASE022653,chest_xray_triage,blind_first,1,blind_first_precommit
R037,19,CASE022654,chest_xray_triage,blind_first,1,blind_first_precommit
R037,19,CASE022655,chest_xray_triage,blind_first,1,blind_first_precommit
R037,19,CASE022656,chest_xray_triage,blind_first,1,blind_first_precommit
R037,19,CASE022657,chest_xray_triage,blind_first,0,blind_first_precommit
R037,19,CASE022658,chest_xray_triage,blind_first,1,blind_first_precommit
R037,19,CASE022659,chest_xray_triage,blind_first,1,blind_first_precommit
R037,19,CASE022660,chest_xray_triage,blind_first,1,blind_first_precommit
R037,19,CASE022661,chest_xray_triage,blind_first,1,blind_first_precommit
R037,19,CASE022662,chest_xray_triage,blind_first,0,blind_first_precommit
R037,19,CASE022663,chest_xray_triage,blind_first,1,blind_first_precommit
R037,19,CASE022664,chest_xray_triage,blind_first,1,blind_first_precommit
R037,19,CASE022665,chest_xray_triage,blind_first,1,blind_first_precommit
R037,19,CASE022666,chest_xray_triage,blind_first,0,blind_first_precommit
R037,19,CASE022667,chest_xray_triage,blind_first,1,blind_first_precommit
R037,19,CASE022668,chest_xray_triage,blind_first,1,ai_not_shown
R037,19,CASE022669,chest_xray_triage,blind_first,1,blind_first_precommit
R037,19,CASE022670,chest_xray_triage,blind_first,1,blind_first_precommit
R037,19,CASE022671,chest_xray_triage,blind_first,1,blind_first_precommit
R037,19,CASE022672,chest_xray_triage,blind_first,0,blind_first_precommit
R037,19,CASE022673,chest_xray_triage,blind_first,1,blind_first_precommit
R037,19,CASE022674,chest_xray_triage,blind_first,0,blind_first_precommit
R037,19,CASE022675,chest_xray_triage,blind_first,0,blind_first_precommit
R037,20,CASE022676,chest_xray_triage,blind_first,0,blind_first_precommit
R037,20,CASE022677,chest_xray_triage,blind_first,0,blind_first_precommit
R037,20,CASE022678,chest_xray_triage,blind_first,0,blind_first_precommit
R037,20,CASE022679,chest_xray_triage,blind_first,1,blind_first_precommit
R037,20,CASE022680,chest_xray_triage,blind_first,0,blind_first_precommit
R037,20,CASE022681,chest_xray_triage,blind_first,1,blind_first_precommit
R037,20,CASE022682,chest_xray_triage,blind_first,1,blind_first_precommit
R037,20,CASE022683,chest_xray_triage,blind_first,1,blind_first_precommit
R037,20,CASE022684,chest_xray_triage,blind_first,1,blind_first_precommit
R037,20,CASE022685,chest_xray_triage,blind_first,1,blind_first_precommit
R037,20,CASE022686,chest_xray_triage,blind_first,0,blind_first_precommit
R037,20,CASE022687,chest_xray_triage,blind_first,1,blind_first_precommit
R037,20,CASE022688,chest_xray_triage,blind_first,1,blind_first_precommit
R037,20,CASE022689,chest_xray_triage,blind_first,1,blind_first_precommit
R037,20,CASE022690,chest_xray_triage,blind_first,1,blind_first_precommit
R037,20,CASE022691,chest_xray_triage,blind_first,0,blind_first_precommit
R037,20,CASE022692,chest_xray_triage,blind_first,1,blind_first_precommit
R037,20,CASE022693,chest_xray_triage,blind_first,0,blind_first_precommit
R037,20,CASE022694,chest_xray_triage,blind_first,1,blind_first_precommit
R037,20,CASE022695,chest_xray_triage,blind_first,0,blind_first_precommit
R037,20,CASE022696,chest_xray_triage,blind_first,1,blind_first_precommit
R037,20,CASE022697,chest_xray_triage,blind_first,0,blind_first_precommit
R037,20,CASE022698,chest_xray_triage,blind_first,1,blind_first_precommit
R037,20,CASE022699,chest_xray_triage,blind_first,1,blind_first_precommit
R037,20,CASE022700,chest_xray_triage,blind_first,1,blind_first_precommit
R037,21,CASE022701,chest_xray_triage,blind_first,1,blind_first_precommit
R037,21,CASE022702,chest_xray_triage,blind_first,0,blind_first_precommit
R037,21,CASE022703,chest_xray_triage,blind_first,1,blind_first_precommit
R037,21,CASE022704,chest_xray_triage,blind_first,0,blind_first_precommit
R037,21,CASE022705,chest_xray_triage,blind_first,0,blind_first_precommit
R037,21,CASE022706,chest_xray_triage,blind_first,1,blind_first_precommit
R037,21,CASE022707,chest_xray_triage,blind_first,1,blind_first_precommit
R037,21,CASE022708,chest_xray_triage,blind_first,0,blind_first_precommit
R037,21,CASE022709,chest_xray_triage,blind_first,1,blind_first_precommit
R037,21,CASE022710,chest_xray_triage,blind_first,1,blind_first_precommit
R037,21,CASE022711,chest_xray_triage,blind_first,1,blind_first_precommit
R037,21,CASE022712,chest_xray_triage,blind_first,0,blind_first_precommit
R037,21,CASE022713,chest_xray_triage,blind_first,1,blind_first_precommit
R037,21,CASE022714,chest_xray_triage,blind_first,0,blind_first_precommit
R037,21,CASE022715,chest_xray_triage,blind_first,1,blind_first_precommit
R037,21,CASE022716,chest_xray_triage,blind_first,1,blind_first_precommit
R037,21,CASE022717,chest_xray_triage,blind_first,1,blind_first_precommit
R037,21,CASE022718,chest_xray_triage,blind_first,0,blind_first_precommit
R037,21,CASE022719,chest_xray_triage,blind_first,0,blind_first_precommit
R037,21,CASE022720,chest_xray_triage,blind_first,0,blind_first_precommit
R037,21,CASE022721,chest_xray_triage,blind_first,1,blind_first_precommit
R037,21,CASE022722,chest_xray_triage,blind_first,1,blind_first_precommit
R037,21,CASE022723,chest_xray_triage,blind_first,0,ai_not_shown
R037,21,CASE022724,chest_xray_triage,blind_first,0,blind_first_precommit
R037,21,CASE022725,chest_xray_triage,blind_first,0,blind_first_precommit
R037,22,CASE022726,chest_xray_triage,blind_first,1,blind_first_precommit
R037,22,CASE022727,chest_xray_triage,blind_first,1,ai_not_shown
R037,22,CASE022728,chest_xray_triage,blind_first,0,blind_first_precommit
R037,22,CASE022729,chest_xray_triage,blind_first,1,blind_first_precommit
R037,22,CASE022730,chest_xray_triage,blind_first,1,ai_not_shown
R037,22,CASE022731,chest_xray_triage,blind_first,1,blind_first_precommit
R037,22,CASE022732,chest_xray_triage,blind_first,0,blind_first_precommit
R037,22,CASE022733,chest_xray_triage,blind_first,1,blind_first_precommit
R037,22,CASE022734,chest_xray_triage,blind_first,0,blind_first_precommit
R037,22,CASE022735,chest_xray_triage,blind_first,0,blind_first_precommit
R037,22,CASE022736,chest_xray_triage,blind_first,1,blind_first_precommit
R037,22,CASE022737,chest_xray_triage,blind_first,1,blind_first_precommit
R037,22,CASE022738,chest_xray_triage,blind_first,0,blind_first_precommit
R037,22,CASE022739,chest_xray_triage,blind_first,1,blind_first_precommit
R037,22,CASE022740,chest_xray_triage,blind_first,0,blind_first_precommit
R037,22,CASE022741,chest_xray_triage,blind_first,0,blind_first_precommit
R037,22,CASE022742,chest_xray_triage,blind_first,1,blind_first_precommit
R037,22,CASE022743,chest_xray_triage,blind_first,0,blind_first_precommit
R037,22,CASE022744,chest_xray_triage,blind_first,0,blind_first_precommit
R037,22,CASE022745,chest_xray_triage,blind_first,0,blind_first_precommit
R037,22,CASE022746,chest_xray_triage,blind_first,1,blind_first_precommit
R037,22,CASE022747,chest_xray_triage,blind_first,1,blind_first_precommit
R037,22,CASE022748,chest_xray_triage,blind_first,0,blind_first_precommit
R037,22,CASE022749,chest_xray_triage,blind_first,0,blind_first_precommit
R037,22,CASE022750,chest_xray_triage,blind_first,0,blind_first_precommit
R037,23,CASE022751,chest_xray_triage,blind_first,0,blind_first_precommit
R037,23,CASE022752,chest_xray_triage,blind_first,0,blind_first_precommit
R037,23,CASE022753,chest_xray_triage,blind_first,0,ai_not_shown
R037,23,CASE022754,chest_xray_triage,blind_first,1,blind_first_precommit
R037,23,CASE022755,chest_xray_triage,blind_first,1,blind_first_precommit
R037,23,CASE022756,chest_xray_triage,blind_first,1,blind_first_precommit
R037,23,CASE022757,chest_xray_triage,blind_first,0,blind_first_precommit
R037,23,CASE022758,chest_xray_triage,blind_first,0,blind_first_precommit
R037,23,CASE022759,chest_xray_triage,blind_first,1,blind_first_precommit
R037,23,CASE022760,chest_xray_triage,blind_first,1,blind_first_precommit
R037,23,CASE022761,chest_xray_triage,blind_first,0,blind_first_precommit
R037,23,CASE022762,chest_xray_triage,blind_first,1,blind_first_precommit
R037,23,CASE022763,chest_xray_triage,blind_first,1,blind_first_precommit
R037,23,CASE022764,chest_xray_triage,blind_first,1,blind_first_precommit
R037,23,CASE022765,chest_xray_triage,blind_first,0,blind_first_precommit
R037,23,CASE022766,chest_xray_triage,blind_first,1,blind_first_precommit
R037,23,CASE022767,chest_xray_triage,blind_first,1,ai_not_shown
R037,23,CASE022768,chest_xray_triage,blind_first,0,ai_not_shown
R037,23,CASE022769,chest_xray_triage,blind_first,1,blind_first_precommit
R037,23,CASE022770,chest_xray_triage,blind_first,0,blind_first_precommit
R037,23,CASE022771,chest_xray_triage,blind_first,1,blind_first_precommit
R037,23,CASE022772,chest_xray_triage,blind_first,1,blind_first_precommit
R037,23,CASE022773,chest_xray_triage,blind_first,1,blind_first_precommit
R037,23,CASE022774,chest_xray_triage,blind_first,1,blind_first_precommit
R037,23,CASE022775,chest_xray_triage,blind_first,1,blind_first_precommit
R037,24,CASE022776,chest_xray_triage,blind_first,1,blind_first_precommit
R037,24,CASE022777,chest_xray_triage,blind_first,1,blind_first_precommit
R037,24,CASE022778,chest_xray_triage,blind_first,1,blind_first_precommit
R037,24,CASE022779,chest_xray_triage,blind_first,0,blind_first_precommit
R037,24,CASE022780,chest_xray_triage,blind_first,0,ai_not_shown
R037,24,CASE022781,chest_xray_triage,blind_first,1,blind_first_precommit
R037,24,CASE022782,chest_xray_triage,blind_first,0,blind_first_precommit
R037,24,CASE022783,chest_xray_triage,blind_first,0,blind_first_precommit
R037,24,CASE022784,chest_xray_triage,blind_first,0,blind_first_precommit
R037,24,CASE022785,chest_xray_triage,blind_first,1,blind_first_precommit
R037,24,CASE022786,chest_xray_triage,blind_first,0,blind_first_precommit
R037,24,CASE022787,chest_xray_triage,blind_first,1,blind_first_precommit
R037,24,CASE022788,chest_xray_triage,blind_first,1,blind_first_precommit
R037,24,CASE022789,chest_xray_triage,blind_first,0,blind_first_precommit
R037,24,CASE022790,chest_xray_triage,blind_first,1,blind_first_precommit
R037,24,CASE022791,chest_xray_triage,blind_first,0,blind_first_precommit
R037,24,CASE022792,chest_xray_triage,blind_first,1,blind_first_precommit
R037,24,CASE022793,chest_xray_triage,blind_first,0,blind_first_precommit
R037,24,CASE022794,chest_xray_triage,blind_first,0,ai_not_shown
R037,24,CASE022795,chest_xray_triage,blind_first,0,blind_first_precommit
R037,24,CASE022796,chest_xray_triage,blind_first,0,blind_first_precommit
R037,24,CASE022797,chest_xray_triage,blind_first,1,blind_first_precommit
R037,24,CASE022798,chest_xray_triage,blind_first,0,blind_first_precommit
R037,24,CASE022799,chest_xray_triage,blind_first,0,blind_first_precommit
R037,24,CASE022800,chest_xray_triage,blind_first,1,blind_first_precommit
R038,1,CASE022801,chest_xray_triage,withheld_ai,1,ai_not_shown
R038,1,CASE022802,chest_xray_triage,withheld_ai,1,ai_not_shown
R038,1,CASE022805,chest_xray_triage,withheld_ai,1,ai_not_shown
R038,1,CASE022807,chest_xray_triage,withheld_ai,1,ai_not_shown
R038,1,CASE022810,chest_xray_triage,withheld_ai,1,ai_not_shown
R038,1,CASE022812,chest_xray_triage,withheld_ai,0,ai_not_shown
R038,1,CASE022818,chest_xray_triage,withheld_ai,1,ai_not_shown
R038,1,CASE022821,chest_xray_triage,withheld_ai,1,ai_not_shown
R038,1,CASE022824,chest_xray_triage,withheld_ai,1,ai_not_shown
R038,2,CASE022849,chest_xray_triage,withheld_ai,1,ai_not_shown
R038,3,CASE022858,chest_xray_triage,withheld_ai,1,ai_not_shown
R038,3,CASE022862,chest_xray_triage,withheld_ai,0,ai_not_shown
R038,3,CASE022864,chest_xray_triage,withheld_ai,1,ai_not_shown
R038,3,CASE022868,chest_xray_triage,withheld_ai,1,ai_not_shown
R038,3,CASE022874,chest_xray_triage,withheld_ai,1,ai_not_shown
R038,4,CASE022885,chest_xray_triage,withheld_ai,1,ai_not_shown
R038,5,CASE022901,chest_xray_triage,withheld_ai,1,ai_not_shown
R038,5,CASE022922,chest_xray_triage,withheld_ai,1,ai_not_shown
R038,5,CASE022924,chest_xray_triage,withheld_ai,1,ai_not_shown
R038,6,CASE022939,chest_xray_triage,withheld_ai,1,ai_not_shown
R038,6,CASE022941,chest_xray_triage,withheld_ai,1,ai_not_shown
R038,6,CASE022946,chest_xray_triage,withheld_ai,1,ai_not_shown
R038,7,CASE022960,chest_xray_triage,withheld_ai,1,ai_not_shown
R038,7,CASE022963,chest_xray_triage,withheld_ai,1,ai_not_shown
R038,7,CASE022964,chest_xray_triage,withheld_ai,1,ai_not_shown
R038,8,CASE022978,chest_xray_triage,withheld_ai,1,ai_not_shown
R038,8,CASE022985,chest_xray_triage,withheld_ai,1,ai_not_shown
R038,8,CASE022996,chest_xray_triage,withheld_ai,1,ai_not_shown
R038,8,CASE022997,chest_xray_triage,withheld_ai,0,ai_not_shown
R038,8,CASE022999,chest_xray_triage,withheld_ai,1,ai_not_shown
R038,9,CASE023006,chest_xray_triage,withheld_ai,0,ai_not_shown
R038,9,CASE023019,chest_xray_triage,withheld_ai,1,ai_not_shown
R038,9,CASE023022,chest_xray_triage,withheld_ai,1,ai_not_shown
R038,10,CASE023027,chest_xray_triage,withheld_ai,1,ai_not_shown
R038,10,CASE023028,chest_xray_triage,withheld_ai,1,ai_not_shown
R038,10,CASE023034,chest_xray_triage,withheld_ai,1,ai_not_shown
R038,10,CASE023038,chest_xray_triage,withheld_ai,1,ai_not_shown
R038,10,CASE023042,chest_xray_triage,withheld_ai,1,ai_not_shown
R038,10,CASE023048,chest_xray_triage,withheld_ai,1,ai_not_shown
R038,10,CASE023050,chest_xray_triage,withheld_ai,1,ai_not_shown
R038,11,CASE023056,chest_xray_triage,withheld_ai,1,ai_not_shown
R038,11,CASE023061,chest_xray_triage,withheld_ai,1,ai_not_shown
R038,11,CASE023064,chest_xray_triage,withheld_ai,1,ai_not_shown
R038,11,CASE023066,chest_xray_triage,withheld_ai,1,ai_not_shown
R038,11,CASE023067,chest_xray_triage,withheld_ai,1,ai_not_shown
R038,11,CASE023070,chest_xray_triage,withheld_ai,1,ai_not_shown
R038,11,CASE023071,chest_xray_triage,withheld_ai,1,ai_not_shown
R038,12,CASE023078,chest_xray_triage,withheld_ai,1,ai_not_shown
R038,12,CASE023081,chest_xray_triage,withheld_ai,1,ai_not_shown
R038,12,CASE023091,chest_xray_triage,withheld_ai,1,ai_not_shown
R038,13,CASE023104,chest_xray_triage,withheld_ai,1,ai_not_shown
R038,13,CASE023106,chest_xray_triage,withheld_ai,1,ai_not_shown
R038,13,CASE023113,chest_xray_triage,withheld_ai,0,ai_not_shown
R038,13,CASE023117,chest_xray_triage,withheld_ai,1,ai_not_shown
R038,13,CASE023119,chest_xray_triage,withheld_ai,1,ai_not_shown
R038,13,CASE023122,chest_xray_triage,withheld_ai,1,ai_not_shown
R038,13,CASE023125,chest_xray_triage,withheld_ai,0,ai_not_shown
R038,14,CASE023126,chest_xray_triage,withheld_ai,1,ai_not_shown
R038,14,CASE023131,chest_xray_triage,withheld_ai,1,ai_not_shown
R038,14,CASE023133,chest_xray_triage,withheld_ai,1,ai_not_shown
R038,14,CASE023140,chest_xray_triage,withheld_ai,1,ai_not_shown
R038,14,CASE023142,chest_xray_triage,withheld_ai,0,ai_not_shown
R038,14,CASE023143,chest_xray_triage,withheld_ai,1,ai_not_shown
R038,14,CASE023145,chest_xray_triage,withheld_ai,1,ai_not_shown
R038,15,CASE023151,chest_xray_triage,withheld_ai,1,ai_not_shown
R038,15,CASE023155,chest_xray_triage,withheld_ai,1,ai_not_shown
R038,15,CASE023160,chest_xray_triage,withheld_ai,1,ai_not_shown
R038,15,CASE023170,chest_xray_triage,withheld_ai,1,ai_not_shown
R038,16,CASE023183,chest_xray_triage,withheld_ai,0,ai_not_shown
R038,16,CASE023184,chest_xray_triage,withheld_ai,0,ai_not_shown
R038,16,CASE023198,chest_xray_triage,withheld_ai,1,ai_not_shown
R038,16,CASE023200,chest_xray_triage,withheld_ai,1,ai_not_shown
R038,17,CASE023201,chest_xray_triage,withheld_ai,1,ai_not_shown
R038,17,CASE023207,chest_xray_triage,withheld_ai,0,ai_not_shown
R038,17,CASE023217,chest_xray_triage,withheld_ai,1,ai_not_shown
R038,17,CASE023221,chest_xray_triage,withheld_ai,1,ai_not_shown
R038,17,CASE023223,chest_xray_triage,withheld_ai,1,ai_not_shown
R038,18,CASE023246,chest_xray_triage,withheld_ai,1,ai_not_shown
R038,18,CASE023248,chest_xray_triage,withheld_ai,1,ai_not_shown
R038,19,CASE023251,chest_xray_triage,withheld_ai,0,ai_not_shown
R038,19,CASE023266,chest_xray_triage,withheld_ai,1,ai_not_shown
R038,19,CASE023268,chest_xray_triage,withheld_ai,0,ai_not_shown
R038,19,CASE023271,chest_xray_triage,withheld_ai,1,ai_not_shown
R038,20,CASE023277,chest_xray_triage,withheld_ai,1,ai_not_shown
R038,20,CASE023288,chest_xray_triage,withheld_ai,1,ai_not_shown
R038,20,CASE023293,chest_xray_triage,withheld_ai,1,ai_not_shown
R038,20,CASE023294,chest_xray_triage,withheld_ai,1,ai_not_shown
R038,20,CASE023297,chest_xray_triage,withheld_ai,1,ai_not_shown
R038,21,CASE023302,chest_xray_triage,withheld_ai,1,ai_not_shown
R038,21,CASE023308,chest_xray_triage,withheld_ai,1,ai_not_shown
R038,21,CASE023311,chest_xray_triage,withheld_ai,1,ai_not_shown
R038,21,CASE023323,chest_xray_triage,withheld_ai,1,ai_not_shown
R038,22,CASE023332,chest_xray_triage,withheld_ai,1,ai_not_shown
R038,22,CASE023336,chest_xray_triage,withheld_ai,0,ai_not_shown
R038,22,CASE023339,chest_xray_triage,withheld_ai,1,ai_not_shown
R038,22,CASE023347,chest_xray_triage,withheld_ai,1,ai_not_shown
R038,23,CASE023353,chest_xray_triage,withheld_ai,1,ai_not_shown
R038,23,CASE023359,chest_xray_triage,withheld_ai,1,ai_not_shown
R038,24,CASE023384,chest_xray_triage,withheld_ai,1,ai_not_shown
R038,24,CASE023387,chest_xray_triage,withheld_ai,1,ai_not_shown
R038,24,CASE023388,chest_xray_triage,withheld_ai,1,ai_not_shown
R038,24,CASE023400,chest_xray_triage,withheld_ai,1,ai_not_shown
R039,1,CASE023409,chest_xray_triage,disagreement_prompt,1,ai_not_shown
R039,1,CASE023415,chest_xray_triage,disagreement_prompt,1,ai_not_shown
R039,1,CASE023425,chest_xray_triage,disagreement_prompt,1,ai_not_shown
R039,2,CASE023437,chest_xray_triage,disagreement_prompt,1,ai_not_shown
R039,3,CASE023455,chest_xray_triage,disagreement_prompt,1,ai_not_shown
R039,3,CASE023467,chest_xray_triage,disagreement_prompt,1,ai_not_shown
R039,3,CASE023475,chest_xray_triage,disagreement_prompt,0,ai_not_shown
R039,4,CASE023484,chest_xray_triage,disagreement_prompt,1,ai_not_shown
R039,4,CASE023490,chest_xray_triage,disagreement_prompt,1,ai_not_shown
R039,4,CASE023494,chest_xray_triage,disagreement_prompt,1,ai_not_shown
R039,5,CASE023525,chest_xray_triage,disagreement_prompt,0,ai_not_shown
R039,6,CASE023529,chest_xray_triage,disagreement_prompt,1,ai_not_shown
R039,6,CASE023534,chest_xray_triage,disagreement_prompt,1,ai_not_shown
R039,6,CASE023537,chest_xray_triage,disagreement_prompt,1,ai_not_shown
R039,6,CASE023542,chest_xray_triage,disagreement_prompt,1,ai_not_shown
R039,7,CASE023568,chest_xray_triage,disagreement_prompt,1,ai_not_shown
R039,8,CASE023588,chest_xray_triage,disagreement_prompt,1,ai_not_shown
R039,8,CASE023590,chest_xray_triage,disagreement_prompt,0,ai_not_shown
R039,9,CASE023608,chest_xray_triage,disagreement_prompt,1,ai_not_shown
R039,9,CASE023619,chest_xray_triage,disagreement_prompt,1,ai_not_shown
R039,9,CASE023624,chest_xray_triage,disagreement_prompt,1,ai_not_shown
R039,10,CASE023628,chest_xray_triage,disagreement_prompt,1,ai_not_shown
R039,11,CASE023652,chest_xray_triage,disagreement_prompt,1,ai_not_shown
R039,12,CASE023688,chest_xray_triage,disagreement_prompt,0,ai_not_shown
R039,14,CASE023726,chest_xray_triage,disagreement_prompt,1,ai_not_shown
R039,14,CASE023730,chest_xray_triage,disagreement_prompt,1,ai_not_shown
R039,14,CASE023734,chest_xray_triage,disagreement_prompt,0,ai_not_shown
R039,14,CASE023735,chest_xray_triage,disagreement_prompt,1,ai_not_shown
R039,14,CASE023744,chest_xray_triage,disagreement_prompt,1,ai_not_shown
R039,14,CASE023747,chest_xray_triage,disagreement_prompt,1,ai_not_shown
R039,15,CASE023754,chest_xray_triage,disagreement_prompt,1,ai_not_shown
R039,15,CASE023758,chest_xray_triage,disagreement_prompt,1,ai_not_shown
R039,16,CASE023799,chest_xray_triage,disagreement_prompt,1,ai_not_shown
R039,17,CASE023806,chest_xray_triage,disagreement_prompt,0,ai_not_shown
R039,19,CASE023869,chest_xray_triage,disagreement_prompt,1,ai_not_shown
R039,22,CASE023941,chest_xray_triage,disagreement_prompt,1,ai_not_shown
R039,24,CASE023987,chest_xray_triage,disagreement_prompt,1,ai_not_shown
R040,1,CASE024008,chest_xray_triage,control_always_ai,1,ai_not_shown
R040,1,CASE024016,chest_xray_triage,control_always_ai,1,ai_not_shown
R040,1,CASE024020,chest_xray_triage,control_always_ai,1,ai_not_shown
R040,3,CASE024051,chest_xray_triage,control_always_ai,0,ai_not_shown
R040,3,CASE024055,chest_xray_triage,control_always_ai,1,ai_not_shown
R040,3,CASE024061,chest_xray_triage,control_always_ai,1,ai_not_shown
R040,5,CASE024104,chest_xray_triage,control_always_ai,1,ai_not_shown
R040,5,CASE024119,chest_xray_triage,control_always_ai,1,ai_not_shown
R040,5,CASE024123,chest_xray_triage,control_always_ai,1,ai_not_shown
R040,7,CASE024155,chest_xray_triage,control_always_ai,0,ai_not_shown
R040,8,CASE024184,chest_xray_triage,control_always_ai,0,ai_not_shown
R040,8,CASE024187,chest_xray_triage,control_always_ai,0,ai_not_shown
R040,9,CASE024209,chest_xray_triage,control_always_ai,0,ai_not_shown
R040,10,CASE024230,chest_xray_triage,control_always_ai,1,ai_not_shown
R040,10,CASE024231,chest_xray_triage,control_always_ai,1,ai_not_shown
R040,10,CASE024245,chest_xray_triage,control_always_ai,0,ai_not_shown
R040,11,CASE024258,chest_xray_triage,control_always_ai,1,ai_not_shown
R040,11,CASE024272,chest_xray_triage,control_always_ai,0,ai_not_shown
R040,12,CASE024280,chest_xray_triage,control_always_ai,0,ai_not_shown
R040,13,CASE024301,chest_xray_triage,control_always_ai,1,ai_not_shown
R040,14,CASE024332,chest_xray_triage,control_always_ai,1,ai_not_shown
R040,14,CASE024347,chest_xray_triage,control_always_ai,1,ai_not_shown
R040,15,CASE024354,chest_xray_triage,control_always_ai,1,ai_not_shown
R040,16,CASE024380,chest_xray_triage,control_always_ai,0,ai_not_shown
R040,16,CASE024382,chest_xray_triage,control_always_ai,1,ai_not_shown
R040,16,CASE024385,chest_xray_triage,control_always_ai,1,ai_not_shown
R040,16,CASE024391,chest_xray_triage,control_always_ai,0,ai_not_shown
R040,17,CASE024405,chest_xray_triage,control_always_ai,1,ai_not_shown
R040,17,CASE024412,chest_xray_triage,control_always_ai,0,ai_not_shown
R040,17,CASE024417,chest_xray_triage,control_always_ai,1,ai_not_shown
R040,18,CASE024436,chest_xray_triage,control_always_ai,0,ai_not_shown
R040,20,CASE024493,chest_xray_triage,control_always_ai,0,ai_not_shown
R040,21,CASE024503,chest_xray_triage,control_always_ai,1,ai_not_shown
R040,21,CASE024509,chest_xray_triage,control_always_ai,0,ai_not_shown
R040,21,CASE024510,chest_xray_triage,control_always_ai,1,ai_not_shown
R040,23,CASE024568,chest_xray_triage,control_always_ai,1,ai_not_shown
R040,24,CASE024593,chest_xray_triage,control_always_ai,1,ai_not_shown
R041,1,CASE024601,chest_xray_triage,blind_first,1,blind_first_precommit
R041,1,CASE024602,chest_xray_triage,blind_first,1,blind_first_precommit
R041,1,CASE024603,chest_xray_triage,blind_first,1,blind_first_precommit
R041,1,CASE024604,chest_xray_triage,blind_first,1,ai_not_shown
R041,1,CASE024605,chest_xray_triage,blind_first,0,blind_first_precommit
R041,1,CASE024606,chest_xray_triage,blind_first,1,blind_first_precommit
R041,1,CASE024607,chest_xray_triage,blind_first,1,blind_first_precommit
R041,1,CASE024608,chest_xray_triage,blind_first,1,blind_first_precommit
R041,1,CASE024609,chest_xray_triage,blind_first,1,blind_first_precommit
R041,1,CASE024610,chest_xray_triage,blind_first,1,blind_first_precommit
R041,1,CASE024611,chest_xray_triage,blind_first,1,blind_first_precommit
R041,1,CASE024612,chest_xray_triage,blind_first,1,blind_first_precommit
R041,1,CASE024613,chest_xray_triage,blind_first,1,blind_first_precommit
R041,1,CASE024614,chest_xray_triage,blind_first,1,blind_first_precommit
R041,1,CASE024615,chest_xray_triage,blind_first,0,blind_first_precommit
R041,1,CASE024616,chest_xray_triage,blind_first,0,blind_first_precommit
R041,1,CASE024617,chest_xray_triage,blind_first,1,blind_first_precommit
R041,1,CASE024618,chest_xray_triage,blind_first,1,blind_first_precommit
R041,1,CASE024619,chest_xray_triage,blind_first,1,blind_first_precommit
R041,1,CASE024620,chest_xray_triage,blind_first,1,blind_first_precommit
R041,1,CASE024621,chest_xray_triage,blind_first,0,blind_first_precommit
R041,1,CASE024622,chest_xray_triage,blind_first,1,ai_not_shown
R041,1,CASE024623,chest_xray_triage,blind_first,1,blind_first_precommit
R041,1,CASE024624,chest_xray_triage,blind_first,1,blind_first_precommit
R041,1,CASE024625,chest_xray_triage,blind_first,0,blind_first_precommit
R041,2,CASE024626,chest_xray_triage,blind_first,1,blind_first_precommit
R041,2,CASE024627,chest_xray_triage,blind_first,1,blind_first_precommit
R041,2,CASE024628,chest_xray_triage,blind_first,1,ai_not_shown
R041,2,CASE024629,chest_xray_triage,blind_first,1,blind_first_precommit
R041,2,CASE024630,chest_xray_triage,blind_first,1,blind_first_precommit
R041,2,CASE024631,chest_xray_triage,blind_first,1,blind_first_precommit
R041,2,CASE024632,chest_xray_triage,blind_first,1,blind_first_precommit
R041,2,CASE024633,chest_xray_triage,blind_first,1,blind_first_precommit
R041,2,CASE024634,chest_xray_triage,blind_first,1,blind_first_precommit
R041,2,CASE024635,chest_xray_triage,blind_first,1,blind_first_precommit
R041,2,CASE024636,chest_xray_triage,blind_first,1,blind_first_precommit
R041,2,CASE024637,chest_xray_triage,blind_first,1,blind_first_precommit
R041,2,CASE024638,chest_xray_triage,blind_first,0,blind_first_precommit
R041,2,CASE024639,chest_xray_triage,blind_first,1,blind_first_precommit
R041,2,CASE024640,chest_xray_triage,blind_first,1,blind_first_precommit
R041,2,CASE024641,chest_xray_triage,blind_first,1,blind_first_precommit
R041,2,CASE024642,chest_xray_triage,blind_first,1,blind_first_precommit
R041,2,CASE024643,chest_xray_triage,blind_first,1,blind_first_precommit
R041,2,CASE024644,chest_xray_triage,blind_first,1,ai_not_shown
R041,2,CASE024645,chest_xray_triage,blind_first,1,blind_first_precommit
R041,2,CASE024646,chest_xray_triage,blind_first,1,blind_first_precommit
R041,2,CASE024647,chest_xray_triage,blind_first,1,blind_first_precommit
R041,2,CASE024648,chest_xray_triage,blind_first,1,blind_first_precommit
R041,2,CASE024649,chest_xray_triage,blind_first,1,blind_first_precommit
R041,2,CASE024650,chest_xray_triage,blind_first,1,blind_first_precommit
R041,3,CASE024651,chest_xray_triage,blind_first,1,blind_first_precommit
R041,3,CASE024652,chest_xray_triage,blind_first,1,blind_first_precommit
R041,3,CASE024653,chest_xray_triage,blind_first,0,blind_first_precommit
R041,3,CASE024654,chest_xray_triage,blind_first,1,blind_first_precommit
R041,3,CASE024655,chest_xray_triage,blind_first,0,blind_first_precommit
R041,3,CASE024656,chest_xray_triage,blind_first,1,blind_first_precommit
R041,3,CASE024657,chest_xray_triage,blind_first,1,ai_not_shown
R041,3,CASE024658,chest_xray_triage,blind_first,1,blind_first_precommit
R041,3,CASE024659,chest_xray_triage,blind_first,1,blind_first_precommit
R041,3,CASE024660,chest_xray_triage,blind_first,1,blind_first_precommit
R041,3,CASE024661,chest_xray_triage,blind_first,0,blind_first_precommit
R041,3,CASE024662,chest_xray_triage,blind_first,1,blind_first_precommit
R041,3,CASE024663,chest_xray_triage,blind_first,1,blind_first_precommit
R041,3,CASE024664,chest_xray_triage,blind_first,1,blind_first_precommit
R041,3,CASE024665,chest_xray_triage,blind_first,1,blind_first_precommit
R041,3,CASE024666,chest_xray_triage,blind_first,1,blind_first_precommit
R041,3,CASE024667,chest_xray_triage,blind_first,1,blind_first_precommit
R041,3,CASE024668,chest_xray_triage,blind_first,1,blind_first_precommit
R041,3,CASE024669,chest_xray_triage,blind_first,1,blind_first_precommit
R041,3,CASE024670,chest_xray_triage,blind_first,1,blind_first_precommit
R041,3,CASE024671,chest_xray_triage,blind_first,0,blind_first_precommit
R041,3,CASE024672,chest_xray_triage,blind_first,1,blind_first_precommit
R041,3,CASE024673,chest_xray_triage,blind_first,1,blind_first_precommit
R041,3,CASE024674,chest_xray_triage,blind_first,1,blind_first_precommit
R041,3,CASE024675,chest_xray_triage,blind_first,1,blind_first_precommit
R041,4,CASE024676,chest_xray_triage,blind_first,1,blind_first_precommit
R041,4,CASE024677,chest_xray_triage,blind_first,1,blind_first_precommit
R041,4,CASE024678,chest_xray_triage,blind_first,1,blind_first_precommit
R041,4,CASE024679,chest_xray_triage,blind_first,1,blind_first_precommit
R041,4,CASE024680,chest_xray_triage,blind_first,1,blind_first_precommit
R041,4,CASE024681,chest_xray_triage,blind_first,1,blind_first_precommit
R041,4,CASE024682,chest_xray_triage,blind_first,1,blind_first_precommit
R041,4,CASE024683,chest_xray_triage,blind_first,1,blind_first_precommit
R041,4,CASE024684,chest_xray_triage,blind_first,1,blind_first_precommit
R041,4,CASE024685,chest_xray_triage,blind_first,1,blind_first_precommit
R041,4,CASE024686,chest_xray_triage,blind_first,1,blind_first_precommit
R041,4,CASE024687,chest_xray_triage,blind_first,0,blind_first_precommit
R041,4,CASE024688,chest_xray_triage,blind_first,1,blind_first_precommit
R041,4,CASE024689,chest_xray_triage,blind_first,0,ai_not_shown
R041,4,CASE024690,chest_xray_triage,blind_first,1,blind_first_precommit
R041,4,CASE024691,chest_xray_triage,blind_first,1,blind_first_precommit
R041,4,CASE024692,chest_xray_triage,blind_first,1,blind_first_precommit
R041,4,CASE024693,chest_xray_triage,blind_first,0,blind_first_precommit
R041,4,CASE024694,chest_xray_triage,blind_first,1,blind_first_precommit
R041,4,CASE024695,chest_xray_triage,blind_first,1,blind_first_precommit
R041,4,CASE024696,chest_xray_triage,blind_first,1,blind_first_precommit
R041,4,CASE024697,chest_xray_triage,blind_first,1,blind_first_precommit
R041,4,CASE024698,chest_xray_triage,blind_first,1,blind_first_precommit
R041,4,CASE024699,chest_xray_triage,blind_first,1,blind_first_precommit
R041,4,CASE024700,chest_xray_triage,blind_first,1,ai_not_shown
R041,5,CASE024701,chest_xray_triage,blind_first,0,blind_first_precommit
R041,5,CASE024702,chest_xray_triage,blind_first,1,blind_first_precommit
R041,5,CASE024703,chest_xray_triage,blind_first,1,blind_first_precommit
R041,5,CASE024704,chest_xray_triage,blind_first,0,blind_first_precommit
R041,5,CASE024705,chest_xray_triage,blind_first,1,blind_first_precommit
R041,5,CASE024706,chest_xray_triage,blind_first,1,blind_first_precommit
R041,5,CASE024707,chest_xray_triage,blind_first,1,blind_first_precommit
R041,5,CASE024708,chest_xray_triage,blind_first,1,blind_first_precommit
R041,5,CASE024709,chest_xray_triage,blind_first,1,blind_first_precommit
R041,5,CASE024710,chest_xray_triage,blind_first,1,blind_first_precommit
R041,5,CASE024711,chest_xray_triage,blind_first,1,blind_first_precommit
R041,5,CASE024712,chest_xray_triage,blind_first,1,blind_first_precommit
R041,5,CASE024713,chest_xray_triage,blind_first,1,ai_not_shown
R041,5,CASE024714,chest_xray_triage,blind_first,1,blind_first_precommit
R041,5,CASE024715,chest_xray_triage,blind_first,1,blind_first_precommit
R041,5,CASE024716,chest_xray_triage,blind_first,1,blind_first_precommit
R041,5,CASE024717,chest_xray_triage,blind_first,0,blind_first_precommit
R041,5,CASE024718,chest_xray_triage,blind_first,1,blind_first_precommit
R041,5,CASE024719,chest_xray_triage,blind_first,1,blind_first_precommit
R041,5,CASE024720,chest_xray_triage,blind_first,1,blind_first_precommit
R041,5,CASE024721,chest_xray_triage,blind_first,1,blind_first_precommit
R041,5,CASE024722,chest_xray_triage,blind_first,1,blind_first_precommit
R041,5,CASE024723,chest_xray_triage,blind_first,1,blind_first_precommit
R041,5,CASE024724,chest_xray_triage,blind_first,1,blind_first_precommit
R041,5,CASE024725,chest_xray_triage,blind_first,1,blind_first_precommit
R041,6,CASE024726,chest_xray_triage,blind_first,1,blind_first_precommit
R041,6,CASE024727,chest_xray_triage,blind_first,1,blind_first_precommit
R041,6,CASE024728,chest_xray_triage,blind_first,1,ai_not_shown
R041,6,CASE024729,chest_xray_triage,blind_first,1,ai_not_shown
R041,6,CASE024730,chest_xray_triage,blind_first,1,blind_first_precommit
R041,6,CASE024731,chest_xray_triage,blind_first,1,blind_first_precommit
R041,6,CASE024732,chest_xray_triage,blind_first,1,blind_first_precommit
R041,6,CASE024733,chest_xray_triage,blind_first,0,blind_first_precommit
R041,6,CASE024734,chest_xray_triage,blind_first,1,ai_not_shown
R041,6,CASE024735,chest_xray_triage,blind_first,1,blind_first_precommit
R041,6,CASE024736,chest_xray_triage,blind_first,1,blind_first_precommit
R041,6,CASE024737,chest_xray_triage,blind_first,1,blind_first_precommit
R041,6,CASE024738,chest_xray_triage,blind_first,1,blind_first_precommit
R041,6,CASE024739,chest_xray_triage,blind_first,1,blind_first_precommit
R041,6,CASE024740,chest_xray_triage,blind_first,1,blind_first_precommit
R041,6,CASE024741,chest_xray_triage,blind_first,1,blind_first_precommit
R041,6,CASE024742,chest_xray_triage,blind_first,1,blind_first_precommit
R041,6,CASE024743,chest_xray_triage,blind_first,1,blind_first_precommit
R041,6,CASE024744,chest_xray_triage,blind_first,1,blind_first_precommit
R041,6,CASE024745,chest_xray_triage,blind_first,1,blind_first_precommit
R041,6,CASE024746,chest_xray_triage,blind_first,1,blind_first_precommit
R041,6,CASE024747,chest_xray_triage,blind_first,1,blind_first_precommit
R041,6,CASE024748,chest_xray_triage,blind_first,1,ai_not_shown
R041,6,CASE024749,chest_xray_triage,blind_first,1,blind_first_precommit
R041,6,CASE024750,chest_xray_triage,blind_first,1,blind_first_precommit
R041,7,CASE024751,chest_xray_triage,blind_first,1,blind_first_precommit
R041,7,CASE024752,chest_xray_triage,blind_first,1,blind_first_precommit
R041,7,CASE024753,chest_xray_triage,blind_first,1,blind_first_precommit
R041,7,CASE024754,chest_xray_triage,blind_first,1,blind_first_precommit
R041,7,CASE024755,chest_xray_triage,blind_first,1,blind_first_precommit
R041,7,CASE024756,chest_xray_triage,blind_first,1,blind_first_precommit
R041,7,CASE024757,chest_xray_triage,blind_first,1,blind_first_precommit
R041,7,CASE024758,chest_xray_triage,blind_first,1,blind_first_precommit
R041,7,CASE024759,chest_xray_triage,blind_first,1,ai_not_shown
R041,7,CASE024760,chest_xray_triage,blind_first,1,blind_first_precommit
R041,7,CASE024761,chest_xray_triage,blind_first,1,blind_first_precommit
R041,7,CASE024762,chest_xray_triage,blind_first,1,blind_first_precommit
R041,7,CASE024763,chest_xray_triage,blind_first,1,blind_first_precommit
R041,7,CASE024764,chest_xray_triage,blind_first,1,ai_not_shown
R041,7,CASE024765,chest_xray_triage,blind_first,1,blind_first_precommit
R041,7,CASE024766,chest_xray_triage,blind_first,1,blind_first_precommit
R041,7,CASE024767,chest_xray_triage,blind_first,1,blind_first_precommit
R041,7,CASE024768,chest_xray_triage,blind_first,1,blind_first_precommit
R041,7,CASE024769,chest_xray_triage,blind_first,1,blind_first_precommit
R041,7,CASE024770,chest_xray_triage,blind_first,1,blind_first_precommit
R041,7,CASE024771,chest_xray_triage,blind_first,1,ai_not_shown
R041,7,CASE024772,chest_xray_triage,blind_first,1,blind_first_precommit
R041,7,CASE024773,chest_xray_triage,blind_first,1,blind_first_precommit
R041,7,CASE024774,chest_xray_triage,blind_first,1,blind_first_precommit
R041,7,CASE024775,chest_xray_triage,blind_first,1,blind_first_precommit
R041,8,CASE024776,chest_xray_triage,blind_first,1,blind_first_precommit
R041,8,CASE024777,chest_xray_triage,blind_first,1,blind_first_precommit
R041,8,CASE024778,chest_xray_triage,blind_first,1,blind_first_precommit
R041,8,CASE024779,chest_xray_triage,blind_first,0,ai_not_shown
R041,8,CASE024780,chest_xray_triage,blind_first,1,blind_first_precommit
R041,8,CASE024781,chest_xray_triage,blind_first,1,blind_first_precommit
R041,8,CASE024782,chest_xray_triage,blind_first,1,blind_first_precommit
R041,8,CASE024783,chest_xray_triage,blind_first,1,blind_first_precommit
R041,8,CASE024784,chest_xray_triage,blind_first,1,blind_first_precommit
R041,8,CASE024785,chest_xray_triage,blind_first,1,blind_first_precommit
R041,8,CASE024786,chest_xray_triage,blind_first,0,blind_first_precommit
R041,8,CASE024787,chest_xray_triage,blind_first,1,blind_first_precommit
R041,8,CASE024788,chest_xray_triage,blind_first,1,blind_first_precommit
R041,8,CASE024789,chest_xray_triage,blind_first,1,blind_first_precommit
R041,8,CASE024790,chest_xray_triage,blind_first,1,blind_first_precommit
R041,8,CASE024791,chest_xray_triage,blind_first,1,blind_first_precommit
R041,8,CASE024792,chest_xray_triage,blind_first,1,blind_first_precommit
R041,8,CASE024793,chest_xray_triage,blind_first,1,blind_first_precommit
R041,8,CASE024794,chest_xray_triage,blind_first,1,blind_first_precommit
R041,8,CASE024795,chest_xray_triage,blind_first,1,blind_first_precommit
R041,8,CASE024796,chest_xray_triage,blind_first,1,blind_first_precommit
R041,8,CASE024797,chest_xray_triage,blind_first,1,blind_first_precommit
R041,8,CASE024798,chest_xray_triage,blind_first,1,blind_first_precommit
R041,8,CASE024799,chest_xray_triage,blind_first,1,blind_first_precommit
R041,8,CASE024800,chest_xray_triage,blind_first,1,blind_first_precommit
R041,9,CASE024801,chest_xray_triage,blind_first,1,blind_first_precommit
R041,9,CASE024802,chest_xray_triage,blind_first,1,blind_first_precommit
R041,9,CASE024803,chest_xray_triage,blind_first,0,blind_first_precommit
R041,9,CASE024804,chest_xray_triage,blind_first,1,blind_first_precommit
R041,9,CASE024805,chest_xray_triage,blind_first,1,ai_not_shown
R041,9,CASE024806,chest_xray_triage,blind_first,1,blind_first_precommit
R041,9,CASE024807,chest_xray_triage,blind_first,1,blind_first_precommit
R041,9,CASE024808,chest_xray_triage,blind_first,1,blind_first_precommit
R041,9,CASE024809,chest_xray_triage,blind_first,1,blind_first_precommit
R041,9,CASE024810,chest_xray_triage,blind_first,1,blind_first_precommit
R041,9,CASE024811,chest_xray_triage,blind_first,1,blind_first_precommit
R041,9,CASE024812,chest_xray_triage,blind_first,1,blind_first_precommit
R041,9,CASE024813,chest_xray_triage,blind_first,1,blind_first_precommit
R041,9,CASE024814,chest_xray_triage,blind_first,1,blind_first_precommit
R041,9,CASE024815,chest_xray_triage,blind_first,1,blind_first_precommit
R041,9,CASE024816,chest_xray_triage,blind_first,1,blind_first_precommit
R041,9,CASE024817,chest_xray_triage,blind_first,1,blind_first_precommit
R041,9,CASE024818,chest_xray_triage,blind_first,1,blind_first_precommit
R041,9,CASE024819,chest_xray_triage,blind_first,1,blind_first_precommit
R041,9,CASE024820,chest_xray_triage,blind_first,1,blind_first_precommit
R041,9,CASE024821,chest_xray_triage,blind_first,1,blind_first_precommit
R041,9,CASE024822,chest_xray_triage,blind_first,1,blind_first_precommit
R041,9,CASE024823,chest_xray_triage,blind_first,1,blind_first_precommit
R041,9,CASE024824,chest_xray_triage,blind_first,0,blind_first_precommit
R041,9,CASE024825,chest_xray_triage,blind_first,1,blind_first_precommit
R041,10,CASE024826,chest_xray_triage,blind_first,1,blind_first_precommit
R041,10,CASE024827,chest_xray_triage,blind_first,1,blind_first_precommit
R041,10,CASE024828,chest_xray_triage,blind_first,1,blind_first_precommit
R041,10,CASE024829,chest_xray_triage,blind_first,1,blind_first_precommit
R041,10,CASE024830,chest_xray_triage,blind_first,1,blind_first_precommit
R041,10,CASE024831,chest_xray_triage,blind_first,1,blind_first_precommit
R041,10,CASE024832,chest_xray_triage,blind_first,1,blind_first_precommit
R041,10,CASE024833,chest_xray_triage,blind_first,1,blind_first_precommit
R041,10,CASE024834,chest_xray_triage,blind_first,1,blind_first_precommit
R041,10,CASE024835,chest_xray_triage,blind_first,1,blind_first_precommit
R041,10,CASE024836,chest_xray_triage,blind_first,1,blind_first_precommit
R041,10,CASE024837,chest_xray_triage,blind_first,1,blind_first_precommit
R041,10,CASE024838,chest_xray_triage,blind_first,1,blind_first_precommit
R041,10,CASE024839,chest_xray_triage,blind_first,1,blind_first_precommit
R041,10,CASE024840,chest_xray_triage,blind_first,1,blind_first_precommit
R041,10,CASE024841,chest_xray_triage,blind_first,1,blind_first_precommit
R041,10,CASE024842,chest_xray_triage,blind_first,1,blind_first_precommit
R041,10,CASE024843,chest_xray_triage,blind_first,1,ai_not_shown
R041,10,CASE024844,chest_xray_triage,blind_first,0,blind_first_precommit
R041,10,CASE024845,chest_xray_triage,blind_first,1,blind_first_precommit
R041,10,CASE024846,chest_xray_triage,blind_first,1,blind_first_precommit
R041,10,CASE024847,chest_xray_triage,blind_first,1,ai_not_shown
R041,10,CASE024848,chest_xray_triage,blind_first,1,blind_first_precommit
R041,10,CASE024849,chest_xray_triage,blind_first,1,blind_first_precommit
R041,10,CASE024850,chest_xray_triage,blind_first,1,blind_first_precommit
R041,11,CASE024851,chest_xray_triage,blind_first,1,blind_first_precommit
R041,11,CASE024852,chest_xray_triage,blind_first,1,blind_first_precommit
R041,11,CASE024853,chest_xray_triage,blind_first,1,blind_first_precommit
R041,11,CASE024854,chest_xray_triage,blind_first,0,blind_first_precommit
R041,11,CASE024855,chest_xray_triage,blind_first,1,blind_first_precommit
R041,11,CASE024856,chest_xray_triage,blind_first,1,blind_first_precommit
R041,11,CASE024857,chest_xray_triage,blind_first,1,blind_first_precommit
R041,11,CASE024858,chest_xray_triage,blind_first,1,blind_first_precommit
R041,11,CASE024859,chest_xray_triage,blind_first,1,blind_first_precommit
R041,11,CASE024860,chest_xray_triage,blind_first,0,blind_first_precommit
R041,11,CASE024861,chest_xray_triage,blind_first,1,blind_first_precommit
R041,11,CASE024862,chest_xray_triage,blind_first,1,blind_first_precommit
R041,11,CASE024863,chest_xray_triage,blind_first,1,blind_first_precommit
R041,11,CASE024864,chest_xray_triage,blind_first,1,ai_not_shown
R041,11,CASE024865,chest_xray_triage,blind_first,1,blind_first_precommit
R041,11,CASE024866,chest_xray_triage,blind_first,1,blind_first_precommit
R041,11,CASE024867,chest_xray_triage,blind_first,1,blind_first_precommit
R041,11,CASE024868,chest_xray_triage,blind_first,1,blind_first_precommit
R041,11,CASE024869,chest_xray_triage,blind_first,1,blind_first_precommit
R041,11,CASE024870,chest_xray_triage,blind_first,1,blind_first_precommit
R041,11,CASE024871,chest_xray_triage,blind_first,1,blind_first_precommit
R041,11,CASE024872,chest_xray_triage,blind_first,1,blind_first_precommit
R041,11,CASE024873,chest_xray_triage,blind_first,1,blind_first_precommit
R041,11,CASE024874,chest_xray_triage,blind_first,1,blind_first_precommit
R041,11,CASE024875,chest_xray_triage,blind_first,1,blind_first_precommit
R041,12,CASE024876,chest_xray_triage,blind_first,1,ai_not_shown
R041,12,CASE024877,chest_xray_triage,blind_first,1,blind_first_precommit
R041,12,CASE024878,chest_xray_triage,blind_first,1,blind_first_precommit
R041,12,CASE024879,chest_xray_triage,blind_first,1,blind_first_precommit
R041,12,CASE024880,chest_xray_triage,blind_first,1,blind_first_precommit
R041,12,CASE024881,chest_xray_triage,blind_first,1,blind_first_precommit
R041,12,CASE024882,chest_xray_triage,blind_first,1,blind_first_precommit
R041,12,CASE024883,chest_xray_triage,blind_first,1,blind_first_precommit
R041,12,CASE024884,chest_xray_triage,blind_first,0,blind_first_precommit
R041,12,CASE024885,chest_xray_triage,blind_first,1,blind_first_precommit
R041,12,CASE024886,chest_xray_triage,blind_first,1,blind_first_precommit
R041,12,CASE024887,chest_xray_triage,blind_first,1,blind_first_precommit
R041,12,CASE024888,chest_xray_triage,blind_first,1,blind_first_precommit
R041,12,CASE024889,chest_xray_triage,blind_first,1,blind_first_precommit
R041,12,CASE024890,chest_xray_triage,blind_first,1,blind_first_precommit
R041,12,CASE024891,chest_xray_triage,blind_first,1,blind_first_precommit
R041,12,CASE024892,chest_xray_triage,blind_first,1,blind_first_precommit
R041,12,CASE024893,chest_xray_triage,blind_first,1,blind_first_precommit
R041,12,CASE024894,chest_xray_triage,blind_first,1,blind_first_precommit
R041,12,CASE024895,chest_xray_triage,blind_first,1,blind_first_precommit
R041,12,CASE024896,chest_xray_triage,blind_first,1,blind_first_precommit
R041,12,CASE024897,chest_xray_triage,blind_first,1,blind_first_precommit
R041,12,CASE024898,chest_xray_triage,blind_first,1,blind_first_precommit
R041,12,CASE024899,chest_xray_triage,blind_first,1,blind_first_precommit
R041,12,CASE024900,chest_xray_triage,blind_first,1,blind_first_precommit
R041,13,CASE024901,chest_xray_triage,blind_first,1,blind_first_precommit
R041,13,CASE024902,chest_xray_triage,blind_first,1,blind_first_precommit
R041,13,CASE024903,chest_xray_triage,blind_first,1,blind_first_precommit
R041,13,CASE024904,chest_xray_triage,blind_first,1,blind_first_precommit
R041,13,CASE024905,chest_xray_triage,blind_first,1,blind_first_precommit
R041,13,CASE024906,chest_xray_triage,blind_first,1,blind_first_precommit
R041,13,CASE024907,chest_xray_triage,blind_first,1,blind_first_precommit
R041,13,CASE024908,chest_xray_triage,blind_first,1,blind_first_precommit
R041,13,CASE024909,chest_xray_triage,blind_first,1,blind_first_precommit
R041,13,CASE024910,chest_xray_triage,blind_first,1,blind_first_precommit
R041,13,CASE024911,chest_xray_triage,blind_first,1,ai_not_shown
R041,13,CASE024912,chest_xray_triage,blind_first,1,blind_first_precommit
R041,13,CASE024913,chest_xray_triage,blind_first,1,blind_first_precommit
R041,13,CASE024914,chest_xray_triage,blind_first,1,blind_first_precommit
R041,13,CASE024915,chest_xray_triage,blind_first,1,blind_first_precommit
R041,13,CASE024916,chest_xray_triage,blind_first,1,blind_first_precommit
R041,13,CASE024917,chest_xray_triage,blind_first,1,blind_first_precommit
R041,13,CASE024918,chest_xray_triage,blind_first,1,blind_first_precommit
R041,13,CASE024919,chest_xray_triage,blind_first,1,ai_not_shown
R041,13,CASE024920,chest_xray_triage,blind_first,1,blind_first_precommit
R041,13,CASE024921,chest_xray_triage,blind_first,0,blind_first_precommit
R041,13,CASE024922,chest_xray_triage,blind_first,1,ai_not_shown
R041,13,CASE024923,chest_xray_triage,blind_first,1,blind_first_precommit
R041,13,CASE024924,chest_xray_triage,blind_first,1,blind_first_precommit
R041,13,CASE024925,chest_xray_triage,blind_first,1,blind_first_precommit
R041,14,CASE024926,chest_xray_triage,blind_first,1,blind_first_precommit
R041,14,CASE024927,chest_xray_triage,blind_first,1,blind_first_precommit
R041,14,CASE024928,chest_xray_triage,blind_first,1,blind_first_precommit
R041,14,CASE024929,chest_xray_triage,blind_first,1,blind_first_precommit
R041,14,CASE024930,chest_xray_triage,blind_first,1,blind_first_precommit
R041,14,CASE024931,chest_xray_triage,blind_first,1,blind_first_precommit
R041,14,CASE024932,chest_xray_triage,blind_first,0,blind_first_precommit
R041,14,CASE024933,chest_xray_triage,blind_first,1,blind_first_precommit
R041,14,CASE024934,chest_xray_triage,blind_first,1,blind_first_precommit
R041,14,CASE024935,chest_xray_triage,blind_first,1,blind_first_precommit
R041,14,CASE024936,chest_xray_triage,blind_first,0,blind_first_precommit
R041,14,CASE024937,chest_xray_triage,blind_first,0,blind_first_precommit
R041,14,CASE024938,chest_xray_triage,blind_first,1,blind_first_precommit
R041,14,CASE024939,chest_xray_triage,blind_first,1,blind_first_precommit
R041,14,CASE024940,chest_xray_triage,blind_first,1,blind_first_precommit
R041,14,CASE024941,chest_xray_triage,blind_first,1,blind_first_precommit
R041,14,CASE024942,chest_xray_triage,blind_first,1,blind_first_precommit
R041,14,CASE024943,chest_xray_triage,blind_first,0,blind_first_precommit
R041,14,CASE024944,chest_xray_triage,blind_first,1,blind_first_precommit
R041,14,CASE024945,chest_xray_triage,blind_first,1,blind_first_precommit
R041,14,CASE024946,chest_xray_triage,blind_first,1,blind_first_precommit
R041,14,CASE024947,chest_xray_triage,blind_first,1,blind_first_precommit
R041,14,CASE024948,chest_xray_triage,blind_first,1,blind_first_precommit
R041,14,CASE024949,chest_xray_triage,blind_first,1,blind_first_precommit
R041,14,CASE024950,chest_xray_triage,blind_first,1,blind_first_precommit
R041,15,CASE024951,chest_xray_triage,blind_first,1,blind_first_precommit
R041,15,CASE024952,chest_xray_triage,blind_first,1,blind_first_precommit
R041,15,CASE024953,chest_xray_triage,blind_first,1,blind_first_precommit
R041,15,CASE024954,chest_xray_triage,blind_first,1,blind_first_precommit
R041,15,CASE024955,chest_xray_triage,blind_first,1,blind_first_precommit
R041,15,CASE024956,chest_xray_triage,blind_first,1,ai_not_shown
R041,15,CASE024957,chest_xray_triage,blind_first,1,blind_first_precommit
R041,15,CASE024958,chest_xray_triage,blind_first,1,blind_first_precommit
R041,15,CASE024959,chest_xray_triage,blind_first,1,blind_first_precommit
R041,15,CASE024960,chest_xray_triage,blind_first,1,blind_first_precommit
R041,15,CASE024961,chest_xray_triage,blind_first,1,blind_first_precommit
R041,15,CASE024962,chest_xray_triage,blind_first,1,blind_first_precommit
R041,15,CASE024963,chest_xray_triage,blind_first,1,blind_first_precommit
R041,15,CASE024964,chest_xray_triage,blind_first,1,blind_first_precommit
R041,15,CASE024965,chest_xray_triage,blind_first,1,blind_first_precommit
R041,15,CASE024966,chest_xray_triage,blind_first,1,blind_first_precommit
R041,15,CASE024967,chest_xray_triage,blind_first,1,blind_first_precommit
R041,15,CASE024968,chest_xray_triage,blind_first,1,blind_first_precommit
R041,15,CASE024969,chest_xray_triage,blind_first,1,blind_first_precommit
R041,15,CASE024970,chest_xray_triage,blind_first,1,blind_first_precommit
R041,15,CASE024971,chest_xray_triage,blind_first,1,blind_first_precommit
R041,15,CASE024972,chest_xray_triage,blind_first,1,blind_first_precommit
R041,15,CASE024973,chest_xray_triage,blind_first,1,blind_first_precommit
R041,15,CASE024974,chest_xray_triage,blind_first,1,blind_first_precommit
R041,15,CASE024975,chest_xray_triage,blind_first,1,blind_first_precommit
R041,16,CASE024976,chest_xray_triage,blind_first,1,blind_first_precommit
R041,16,CASE024977,chest_xray_triage,blind_first,1,blind_first_precommit
R041,16,CASE024978,chest_xray_triage,blind_first,1,blind_first_precommit
R041,16,CASE024979,chest_xray_triage,blind_first,1,blind_first_precommit
R041,16,CASE024980,chest_xray_triage,blind_first,1,blind_first_precommit
R041,16,CASE024981,chest_xray_triage,blind_first,1,blind_first_precommit
R041,16,CASE024982,chest_xray_triage,blind_first,1,blind_first_precommit
R041,16,CASE024983,chest_xray_triage,blind_first,1,blind_first_precommit
R041,16,CASE024984,chest_xray_triage,blind_first,1,blind_first_precommit
R041,16,CASE024985,chest_xray_triage,blind_first,1,blind_first_precommit
R041,16,CASE024986,chest_xray_triage,blind_first,1,blind_first_precommit
R041,16,CASE024987,chest_xray_triage,blind_first,1,ai_not_shown
R041,16,CASE024988,chest_xray_triage,blind_first,1,blind_first_precommit
R041,16,CASE024989,chest_xray_triage,blind_first,1,blind_first_precommit
R041,16,CASE024990,chest_xray_triage,blind_first,1,blind_first_precommit
R041,16,CASE024991,chest_xray_triage,blind_first,1,blind_first_precommit
R041,16,CASE024992,chest_xray_triage,blind_first,1,blind_first_precommit
R041,16,CASE024993,chest_xray_triage,blind_first,1,blind_first_precommit
R041,16,CASE024994,chest_xray_triage,blind_first,1,blind_first_precommit
R041,16,CASE024995,chest_xray_triage,blind_first,1,blind_first_precommit
R041,16,CASE024996,chest_xray_triage,blind_first,1,blind_first_precommit
R041,16,CASE024997,chest_xray_triage,blind_first,1,blind_first_precommit
R041,16,CASE024998,chest_xray_triage,blind_first,0,blind_first_precommit
R041,16,CASE024999,chest_xray_triage,blind_first,1,blind_first_precommit
R041,16,CASE025000,chest_xray_triage,blind_first,1,blind_first_precommit
R041,17,CASE025001,chest_xray_triage,blind_first,1,blind_first_precommit
R041,17,CASE025002,chest_xray_triage,blind_first,1,blind_first_precommit
R041,17,CASE025003,chest_xray_triage,blind_first,1,blind_first_precommit
R041,17,CASE025004,chest_xray_triage,blind_first,1,blind_first_precommit
R041,17,CASE025005,chest_xray_triage,blind_first,1,ai_not_shown
R041,17,CASE025006,chest_xray_triage,blind_first,1,blind_first_precommit
R041,17,CASE025007,chest_xray_triage,blind_first,1,blind_first_precommit
R041,17,CASE025008,chest_xray_triage,blind_first,0,blind_first_precommit
R041,17,CASE025009,chest_xray_triage,blind_first,1,blind_first_precommit
R041,17,CASE025010,chest_xray_triage,blind_first,1,blind_first_precommit
R041,17,CASE025011,chest_xray_triage,blind_first,1,blind_first_precommit
R041,17,CASE025012,chest_xray_triage,blind_first,1,blind_first_precommit
R041,17,CASE025013,chest_xray_triage,blind_first,1,blind_first_precommit
R041,17,CASE025014,chest_xray_triage,blind_first,1,blind_first_precommit
R041,17,CASE025015,chest_xray_triage,blind_first,1,blind_first_precommit
R041,17,CASE025016,chest_xray_triage,blind_first,1,blind_first_precommit
R041,17,CASE025017,chest_xray_triage,blind_first,1,blind_first_precommit
R041,17,CASE025018,chest_xray_triage,blind_first,1,blind_first_precommit
R041,17,CASE025019,chest_xray_triage,blind_first,1,blind_first_precommit
R041,17,CASE025020,chest_xray_triage,blind_first,1,blind_first_precommit
R041,17,CASE025021,chest_xray_triage,blind_first,1,blind_first_precommit
R041,17,CASE025022,chest_xray_triage,blind_first,1,blind_first_precommit
R041,17,CASE025023,chest_xray_triage,blind_first,1,blind_first_precommit
R041,17,CASE025024,chest_xray_triage,blind_first,1,blind_first_precommit
R041,17,CASE025025,chest_xray_triage,blind_first,1,blind_first_precommit
R041,18,CASE025026,chest_xray_triage,blind_first,1,blind_first_precommit
R041,18,CASE025027,chest_xray_triage,blind_first,1,blind_first_precommit
R041,18,CASE025028,chest_xray_triage,blind_first,1,blind_first_precommit
R041,18,CASE025029,chest_xray_triage,blind_first,1,blind_first_precommit
R041,18,CASE025030,chest_xray_triage,blind_first,1,blind_first_precommit
R041,18,CASE025031,chest_xray_triage,blind_first,1,blind_first_precommit
R041,18,CASE025032,chest_xray_triage,blind_first,1,blind_first_precommit
R041,18,CASE025033,chest_xray_triage,blind_first,0,ai_not_shown
R041,18,CASE025034,chest_xray_triage,blind_first,1,blind_first_precommit
R041,18,CASE025035,chest_xray_triage,blind_first,1,blind_first_precommit
R041,18,CASE025036,chest_xray_triage,blind_first,1,blind_first_precommit
R041,18,CASE025037,chest_xray_triage,blind_first,1,blind_first_precommit
R041,18,CASE025038,chest_xray_triage,blind_first,1,blind_first_precommit
R041,18,CASE025039,chest_xray_triage,blind_first,1,blind_first_precommit
R041,18,CASE025040,chest_xray_triage,blind_first,1,blind_first_precommit
R041,18,CASE025041,chest_xray_triage,blind_first,1,blind_first_precommit
R041,18,CASE025042,chest_xray_triage,blind_first,1,blind_first_precommit
R041,18,CASE025043,chest_xray_triage,blind_first,1,blind_first_precommit
R041,18,CASE025044,chest_xray_triage,blind_first,1,blind_first_precommit
R041,18,CASE025045,chest_xray_triage,blind_first,1,ai_not_shown
R041,18,CASE025046,chest_xray_triage,blind_first,1,blind_first_precommit
R041,18,CASE025047,chest_xray_triage,blind_first,1,blind_first_precommit
R041,18,CASE025048,chest_xray_triage,blind_first,0,blind_first_precommit
R041,18,CASE025049,chest_xray_triage,blind_first,1,blind_first_precommit
R041,18,CASE025050,chest_xray_triage,blind_first,1,blind_first_precommit
R041,19,CASE025051,chest_xray_triage,blind_first,1,blind_first_precommit
R041,19,CASE025052,chest_xray_triage,blind_first,1,blind_first_precommit
R041,19,CASE025053,chest_xray_triage,blind_first,0,blind_first_precommit
R041,19,CASE025054,chest_xray_triage,blind_first,1,blind_first_precommit
R041,19,CASE025055,chest_xray_triage,blind_first,1,blind_first_precommit
R041,19,CASE025056,chest_xray_triage,blind_first,1,blind_first_precommit
R041,19,CASE025057,chest_xray_triage,blind_first,1,blind_first_precommit
R041,19,CASE025058,chest_xray_triage,blind_first,1,blind_first_precommit
R041,19,CASE025059,chest_xray_triage,blind_first,1,blind_first_precommit
R041,19,CASE025060,chest_xray_triage,blind_first,1,blind_first_precommit
R041,19,CASE025061,chest_xray_triage,blind_first,1,blind_first_precommit
R041,19,CASE025062,chest_xray_triage,blind_first,1,blind_first_precommit
R041,19,CASE025063,chest_xray_triage,blind_first,1,blind_first_precommit
R041,19,CASE025064,chest_xray_triage,blind_first,1,blind_first_precommit
R041,19,CASE025065,chest_xray_triage,blind_first,1,blind_first_precommit
R041,19,CASE025066,chest_xray_triage,blind_first,1,blind_first_precommit
R041,19,CASE025067,chest_xray_triage,blind_first,1,blind_first_precommit
R041,19,CASE025068,chest_xray_triage,blind_first,1,blind_first_precommit
R041,19,CASE025069,chest_xray_triage,blind_first,1,blind_first_precommit
R041,19,CASE025070,chest_xray_triage,blind_first,1,blind_first_precommit
R041,19,CASE025071,chest_xray_triage,blind_first,1,blind_first_precommit
R041,19,CASE025072,chest_xray_triage,blind_first,0,blind_first_precommit
R041,19,CASE025073,chest_xray_triage,blind_first,1,blind_first_precommit
R041,19,CASE025074,chest_xray_triage,blind_first,1,blind_first_precommit
R041,19,CASE025075,chest_xray_triage,blind_first,1,blind_first_precommit
R041,20,CASE025076,chest_xray_triage,blind_first,1,blind_first_precommit
R041,20,CASE025077,chest_xray_triage,blind_first,1,blind_first_precommit
R041,20,CASE025078,chest_xray_triage,blind_first,1,blind_first_precommit
R041,20,CASE025079,chest_xray_triage,blind_first,0,blind_first_precommit
R041,20,CASE025080,chest_xray_triage,blind_first,1,blind_first_precommit
R041,20,CASE025081,chest_xray_triage,blind_first,1,blind_first_precommit
R041,20,CASE025082,chest_xray_triage,blind_first,1,ai_not_shown
R041,20,CASE025083,chest_xray_triage,blind_first,1,blind_first_precommit
R041,20,CASE025084,chest_xray_triage,blind_first,1,blind_first_precommit
R041,20,CASE025085,chest_xray_triage,blind_first,1,blind_first_precommit
R041,20,CASE025086,chest_xray_triage,blind_first,1,blind_first_precommit
R041,20,CASE025087,chest_xray_triage,blind_first,1,blind_first_precommit
R041,20,CASE025088,chest_xray_triage,blind_first,1,blind_first_precommit
R041,20,CASE025089,chest_xray_triage,blind_first,1,blind_first_precommit
R041,20,CASE025090,chest_xray_triage,blind_first,1,ai_not_shown
R041,20,CASE025091,chest_xray_triage,blind_first,1,blind_first_precommit
R041,20,CASE025092,chest_xray_triage,blind_first,1,blind_first_precommit
R041,20,CASE025093,chest_xray_triage,blind_first,1,blind_first_precommit
R041,20,CASE025094,chest_xray_triage,blind_first,1,blind_first_precommit
R041,20,CASE025095,chest_xray_triage,blind_first,1,blind_first_precommit
R041,20,CASE025096,chest_xray_triage,blind_first,1,blind_first_precommit
R041,20,CASE025097,chest_xray_triage,blind_first,1,blind_first_precommit
R041,20,CASE025098,chest_xray_triage,blind_first,0,blind_first_precommit
R041,20,CASE025099,chest_xray_triage,blind_first,1,blind_first_precommit
R041,20,CASE025100,chest_xray_triage,blind_first,1,blind_first_precommit
R041,21,CASE025101,chest_xray_triage,blind_first,0,blind_first_precommit
R041,21,CASE025102,chest_xray_triage,blind_first,1,blind_first_precommit
R041,21,CASE025103,chest_xray_triage,blind_first,1,ai_not_shown
R041,21,CASE025104,chest_xray_triage,blind_first,1,blind_first_precommit
R041,21,CASE025105,chest_xray_triage,blind_first,1,blind_first_precommit
R041,21,CASE025106,chest_xray_triage,blind_first,1,blind_first_precommit
R041,21,CASE025107,chest_xray_triage,blind_first,1,blind_first_precommit
R041,21,CASE025108,chest_xray_triage,blind_first,1,ai_not_shown
R041,21,CASE025109,chest_xray_triage,blind_first,1,blind_first_precommit
R041,21,CASE025110,chest_xray_triage,blind_first,1,blind_first_precommit
R041,21,CASE025111,chest_xray_triage,blind_first,1,blind_first_precommit
R041,21,CASE025112,chest_xray_triage,blind_first,1,blind_first_precommit
R041,21,CASE025113,chest_xray_triage,blind_first,1,blind_first_precommit
R041,21,CASE025114,chest_xray_triage,blind_first,1,blind_first_precommit
R041,21,CASE025115,chest_xray_triage,blind_first,1,blind_first_precommit
R041,21,CASE025116,chest_xray_triage,blind_first,1,ai_not_shown
R041,21,CASE025117,chest_xray_triage,blind_first,1,blind_first_precommit
R041,21,CASE025118,chest_xray_triage,blind_first,1,blind_first_precommit
R041,21,CASE025119,chest_xray_triage,blind_first,1,ai_not_shown
R041,21,CASE025120,chest_xray_triage,blind_first,1,ai_not_shown
R041,21,CASE025121,chest_xray_triage,blind_first,1,blind_first_precommit
R041,21,CASE025122,chest_xray_triage,blind_first,1,blind_first_precommit
R041,21,CASE025123,chest_xray_triage,blind_first,1,blind_first_precommit
R041,21,CASE025124,chest_xray_triage,blind_first,1,blind_first_precommit
R041,21,CASE025125,chest_xray_triage,blind_first,1,blind_first_precommit
R041,22,CASE025126,chest_xray_triage,blind_first,1,blind_first_precommit
R041,22,CASE025127,chest_xray_triage,blind_first,1,blind_first_precommit
R041,22,CASE025128,chest_xray_triage,blind_first,1,blind_first_precommit
R041,22,CASE025129,chest_xray_triage,blind_first,1,blind_first_precommit
R041,22,CASE025130,chest_xray_triage,blind_first,0,blind_first_precommit
R041,22,CASE025131,chest_xray_triage,blind_first,1,blind_first_precommit
R041,22,CASE025132,chest_xray_triage,blind_first,1,blind_first_precommit
R041,22,CASE025133,chest_xray_triage,blind_first,1,blind_first_precommit
R041,22,CASE025134,chest_xray_triage,blind_first,1,blind_first_precommit
R041,22,CASE025135,chest_xray_triage,blind_first,1,blind_first_precommit
R041,22,CASE025136,chest_xray_triage,blind_first,1,ai_not_shown
R041,22,CASE025137,chest_xray_triage,blind_first,1,blind_first_precommit
R041,22,CASE025138,chest_xray_triage,blind_first,1,blind_first_precommit
R041,22,CASE025139,chest_xray_triage,blind_first,1,blind_first_precommit
R041,22,CASE025140,chest_xray_triage,blind_first,1,ai_not_shown
R041,22,CASE025141,chest_xray_triage,blind_first,1,blind_first_precommit
R041,22,CASE025142,chest_xray_triage,blind_first,1,blind_first_precommit
R041,22,CASE025143,chest_xray_triage,blind_first,1,blind_first_precommit
R041,22,CASE025144,chest_xray_triage,blind_first,1,blind_first_precommit
R041,22,CASE025145,chest_xray_triage,blind_first,0,blind_first_precommit
R041,22,CASE025146,chest_xray_triage,blind_first,1,blind_first_precommit
R041,22,CASE025147,chest_xray_triage,blind_first,1,blind_first_precommit
R041,22,CASE025148,chest_xray_triage,blind_first,1,blind_first_precommit
R041,22,CASE025149,chest_xray_triage,blind_first,1,blind_first_precommit
R041,22,CASE025150,chest_xray_triage,blind_first,1,blind_first_precommit
R041,23,CASE025151,chest_xray_triage,blind_first,0,blind_first_precommit
R041,23,CASE025152,chest_xray_triage,blind_first,1,blind_first_precommit
R041,23,CASE025153,chest_xray_triage,blind_first,1,blind_first_precommit
R041,23,CASE025154,chest_xray_triage,blind_first,1,blind_first_precommit
R041,23,CASE025155,chest_xray_triage,blind_first,1,blind_first_precommit
R041,23,CASE025156,chest_xray_triage,blind_first,1,blind_first_precommit
R041,23,CASE025157,chest_xray_triage,blind_first,1,blind_first_precommit
R041,23,CASE025158,chest_xray_triage,blind_first,0,blind_first_precommit
R041,23,CASE025159,chest_xray_triage,blind_first,1,blind_first_precommit
R041,23,CASE025160,chest_xray_triage,blind_first,1,blind_first_precommit
R041,23,CASE025161,chest_xray_triage,blind_first,1,blind_first_precommit
R041,23,CASE025162,chest_xray_triage,blind_first,1,blind_first_precommit
R041,23,CASE025163,chest_xray_triage,blind_first,1,blind_first_precommit
R041,23,CASE025164,chest_xray_triage,blind_first,1,blind_first_precommit
R041,23,CASE025165,chest_xray_triage,blind_first,1,blind_first_precommit
R041,23,CASE025166,chest_xray_triage,blind_first,0,blind_first_precommit
R041,23,CASE025167,chest_xray_triage,blind_first,1,ai_not_shown
R041,23,CASE025168,chest_xray_triage,blind_first,1,blind_first_precommit
R041,23,CASE025169,chest_xray_triage,blind_first,1,blind_first_precommit
R041,23,CASE025170,chest_xray_triage,blind_first,1,blind_first_precommit
R041,23,CASE025171,chest_xray_triage,blind_first,1,blind_first_precommit
R041,23,CASE025172,chest_xray_triage,blind_first,1,blind_first_precommit
R041,23,CASE025173,chest_xray_triage,blind_first,1,blind_first_precommit
R041,23,CASE025174,chest_xray_triage,blind_first,1,blind_first_precommit
R041,23,CASE025175,chest_xray_triage,blind_first,1,ai_not_shown
R041,24,CASE025176,chest_xray_triage,blind_first,1,blind_first_precommit
R041,24,CASE025177,chest_xray_triage,blind_first,1,blind_first_precommit
R041,24,CASE025178,chest_xray_triage,blind_first,1,blind_first_precommit
R041,24,CASE025179,chest_xray_triage,blind_first,1,blind_first_precommit
R041,24,CASE025180,chest_xray_triage,blind_first,1,blind_first_precommit
R041,24,CASE025181,chest_xray_triage,blind_first,1,blind_first_precommit
R041,24,CASE025182,chest_xray_triage,blind_first,1,blind_first_precommit
R041,24,CASE025183,chest_xray_triage,blind_first,1,blind_first_precommit
R041,24,CASE025184,chest_xray_triage,blind_first,1,blind_first_precommit
R041,24,CASE025185,chest_xray_triage,blind_first,1,blind_first_precommit
R041,24,CASE025186,chest_xray_triage,blind_first,1,blind_first_precommit
R041,24,CASE025187,chest_xray_triage,blind_first,1,blind_first_precommit
R041,24,CASE025188,chest_xray_triage,blind_first,1,blind_first_precommit
R041,24,CASE025189,chest_xray_triage,blind_first,0,blind_first_precommit
R041,24,CASE025190,chest_xray_triage,blind_first,1,blind_first_precommit
R041,24,CASE025191,chest_xray_triage,blind_first,1,blind_first_precommit
R041,24,CASE025192,chest_xray_triage,blind_first,1,blind_first_precommit
R041,24,CASE025193,chest_xray_triage,blind_first,1,ai_not_shown
R041,24,CASE025194,chest_xray_triage,blind_first,1,blind_first_precommit
R041,24,CASE025195,chest_xray_triage,blind_first,1,blind_first_precommit
R041,24,CASE025196,chest_xray_triage,blind_first,1,blind_first_precommit
R041,24,CASE025197,chest_xray_triage,blind_first,1,blind_first_precommit
R041,24,CASE025198,chest_xray_triage,blind_first,1,blind_first_precommit
R041,24,CASE025199,chest_xray_triage,blind_first,1,blind_first_precommit
R041,24,CASE025200,chest_xray_triage,blind_first,1,blind_first_precommit
R042,1,CASE025204,chest_xray_triage,withheld_ai,1,ai_not_shown
R042,1,CASE025218,chest_xray_triage,withheld_ai,1,ai_not_shown
R042,1,CASE025219,chest_xray_triage,withheld_ai,1,ai_not_shown
R042,1,CASE025223,chest_xray_triage,withheld_ai,0,ai_not_shown
R042,2,CASE025234,chest_xray_triage,withheld_ai,1,ai_not_shown
R042,2,CASE025249,chest_xray_triage,withheld_ai,0,ai_not_shown
R042,3,CASE025252,chest_xray_triage,withheld_ai,1,ai_not_shown
R042,3,CASE025254,chest_xray_triage,withheld_ai,1,ai_not_shown
R042,3,CASE025256,chest_xray_triage,withheld_ai,1,ai_not_shown
R042,4,CASE025286,chest_xray_triage,withheld_ai,1,ai_not_shown
R042,4,CASE025292,chest_xray_triage,withheld_ai,1,ai_not_shown
R042,4,CASE025298,chest_xray_triage,withheld_ai,1,ai_not_shown
R042,5,CASE025305,chest_xray_triage,withheld_ai,1,ai_not_shown
R042,5,CASE025306,chest_xray_triage,withheld_ai,0,ai_not_shown
R042,5,CASE025307,chest_xray_triage,withheld_ai,1,ai_not_shown
R042,5,CASE025313,chest_xray_triage,withheld_ai,0,ai_not_shown
R042,5,CASE025315,chest_xray_triage,withheld_ai,1,ai_not_shown
R042,6,CASE025330,chest_xray_triage,withheld_ai,1,ai_not_shown
R042,6,CASE025339,chest_xray_triage,withheld_ai,1,ai_not_shown
R042,6,CASE025340,chest_xray_triage,withheld_ai,1,ai_not_shown
R042,6,CASE025344,chest_xray_triage,withheld_ai,1,ai_not_shown
R042,6,CASE025346,chest_xray_triage,withheld_ai,1,ai_not_shown
R042,7,CASE025352,chest_xray_triage,withheld_ai,0,ai_not_shown
R042,7,CASE025361,chest_xray_triage,withheld_ai,1,ai_not_shown
R042,7,CASE025368,chest_xray_triage,withheld_ai,1,ai_not_shown
R042,7,CASE025372,chest_xray_triage,withheld_ai,1,ai_not_shown
R042,7,CASE025375,chest_xray_triage,withheld_ai,1,ai_not_shown
R042,8,CASE025382,chest_xray_triage,withheld_ai,1,ai_not_shown
R042,8,CASE025391,chest_xray_triage,withheld_ai,0,ai_not_shown
R042,8,CASE025395,chest_xray_triage,withheld_ai,0,ai_not_shown
R042,8,CASE025398,chest_xray_triage,withheld_ai,1,ai_not_shown
R042,9,CASE025411,chest_xray_triage,withheld_ai,1,ai_not_shown
R042,9,CASE025419,chest_xray_triage,withheld_ai,1,ai_not_shown
R042,9,CASE025420,chest_xray_triage,withheld_ai,1,ai_not_shown
R042,9,CASE025424,chest_xray_triage,withheld_ai,1,ai_not_shown
R042,10,CASE025427,chest_xray_triage,withheld_ai,1,ai_not_shown
R042,10,CASE025430,chest_xray_triage,withheld_ai,0,ai_not_shown
R042,10,CASE025431,chest_xray_triage,withheld_ai,1,ai_not_shown
R042,10,CASE025443,chest_xray_triage,withheld_ai,1,ai_not_shown
R042,10,CASE025447,chest_xray_triage,withheld_ai,1,ai_not_shown
R042,10,CASE025450,chest_xray_triage,withheld_ai,1,ai_not_shown
R042,11,CASE025452,chest_xray_triage,withheld_ai,0,ai_not_shown
R042,11,CASE025453,chest_xray_triage,withheld_ai,1,ai_not_shown
R042,11,CASE025462,chest_xray_triage,withheld_ai,0,ai_not_shown
R042,11,CASE025469,chest_xray_triage,withheld_ai,1,ai_not_shown
R042,11,CASE025474,chest_xray_triage,withheld_ai,1,ai_not_shown
R042,12,CASE025482,chest_xray_triage,withheld_ai,1,ai_not_shown
R042,12,CASE025500,chest_xray_triage,withheld_ai,1,ai_not_shown
R042,13,CASE025501,chest_xray_triage,withheld_ai,1,ai_not_shown
R042,13,CASE025505,chest_xray_triage,withheld_ai,1,ai_not_shown
R042,13,CASE025522,chest_xray_triage,withheld_ai,1,ai_not_shown
R042,14,CASE025529,chest_xray_triage,withheld_ai,1,ai_not_shown
R042,14,CASE025536,chest_xray_triage,withheld_ai,1,ai_not_shown
R042,14,CASE025549,chest_xray_triage,withheld_ai,1,ai_not_shown
R042,15,CASE025551,chest_xray_triage,withheld_ai,0,ai_not_shown
R042,15,CASE025554,chest_xray_triage,withheld_ai,1,ai_not_shown
R042,15,CASE025564,chest_xray_triage,withheld_ai,1,ai_not_shown
R042,15,CASE025572,chest_xray_triage,withheld_ai,0,ai_not_shown
R042,15,CASE025573,chest_xray_triage,withheld_ai,0,ai_not_shown
R042,15,CASE025574,chest_xray_triage,withheld_ai,1,ai_not_shown
R042,16,CASE025576,chest_xray_triage,withheld_ai,0,ai_not_shown
R042,16,CASE025577,chest_xray_triage,withheld_ai,1,ai_not_shown
R042,16,CASE025582,chest_xray_triage,withheld_ai,1,ai_not_shown
R042,16,CASE025592,chest_xray_triage,withheld_ai,1,ai_not_shown
R042,17,CASE025616,chest_xray_triage,withheld_ai,1,ai_not_shown
R042,17,CASE025618,chest_xray_triage,withheld_ai,1,ai_not_shown
R042,17,CASE025621,chest_xray_triage,withheld_ai,0,ai_not_shown
R042,17,CASE025623,chest_xray_triage,withheld_ai,1,ai_not_shown
R042,17,CASE025624,chest_xray_triage,withheld_ai,0,ai_not_shown
R042,18,CASE025644,chest_xray_triage,withheld_ai,1,ai_not_shown
R042,18,CASE025646,chest_xray_triage,withheld_ai,0,ai_not_shown
R042,18,CASE025647,chest_xray_triage,withheld_ai,0,ai_not_shown
R042,19,CASE025666,chest_xray_triage,withheld_ai,1,ai_not_shown
R042,19,CASE025667,chest_xray_triage,withheld_ai,0,ai_not_shown
R042,19,CASE025672,chest_xray_triage,withheld_ai,1,ai_not_shown
R042,19,CASE025675,chest_xray_triage,withheld_ai,1,ai_not_shown
R042,20,CASE025685,chest_xray_triage,withheld_ai,1,ai_not_shown
R042,20,CASE025689,chest_xray_triage,withheld_ai,1,ai_not_shown
R042,20,CASE025695,chest_xray_triage,withheld_ai,1,ai_not_shown
R042,21,CASE025712,chest_xray_triage,withheld_ai,0,ai_not_shown
R042,21,CASE025714,chest_xray_triage,withheld_ai,1,ai_not_shown
R042,21,CASE025717,chest_xray_triage,withheld_ai,1,ai_not_shown
R042,21,CASE025720,chest_xray_triage,withheld_ai,1,ai_not_shown
R042,21,CASE025723,chest_xray_triage,withheld_ai,1,ai_not_shown
R042,21,CASE025725,chest_xray_triage,withheld_ai,0,ai_not_shown
R042,22,CASE025729,chest_xray_triage,withheld_ai,1,ai_not_shown
R042,22,CASE025732,chest_xray_triage,withheld_ai,1,ai_not_shown
R042,22,CASE025741,chest_xray_triage,withheld_ai,1,ai_not_shown
R042,23,CASE025757,chest_xray_triage,withheld_ai,1,ai_not_shown
R042,23,CASE025763,chest_xray_triage,withheld_ai,0,ai_not_shown
R042,23,CASE025770,chest_xray_triage,withheld_ai,1,ai_not_shown
R042,24,CASE025776,chest_xray_triage,withheld_ai,1,ai_not_shown
R042,24,CASE025779,chest_xray_triage,withheld_ai,1,ai_not_shown
R042,24,CASE025785,chest_xray_triage,withheld_ai,1,ai_not_shown
R042,24,CASE025789,chest_xray_triage,withheld_ai,1,ai_not_shown
R042,24,CASE025791,chest_xray_triage,withheld_ai,1,ai_not_shown
R042,24,CASE025792,chest_xray_triage,withheld_ai,1,ai_not_shown
R042,24,CASE025799,chest_xray_triage,withheld_ai,1,ai_not_shown
R043,1,CASE025818,chest_xray_triage,disagreement_prompt,1,ai_not_shown
R043,1,CASE025824,chest_xray_triage,disagreement_prompt,1,ai_not_shown
R043,1,CASE025825,chest_xray_triage,disagreement_prompt,1,ai_not_shown
R043,2,CASE025836,chest_xray_triage,disagreement_prompt,1,ai_not_shown
R043,2,CASE025845,chest_xray_triage,disagreement_prompt,1,ai_not_shown
R043,2,CASE025848,chest_xray_triage,disagreement_prompt,1,ai_not_shown
R043,3,CASE025866,chest_xray_triage,disagreement_prompt,1,ai_not_shown
R043,4,CASE025893,chest_xray_triage,disagreement_prompt,1,ai_not_shown
R043,5,CASE025902,chest_xray_triage,disagreement_prompt,1,ai_not_shown
R043,5,CASE025906,chest_xray_triage,disagreement_prompt,1,ai_not_shown
R043,5,CASE025915,chest_xray_triage,disagreement_prompt,1,ai_not_shown
R043,6,CASE025950,chest_xray_triage,disagreement_prompt,1,ai_not_shown
R043,8,CASE025980,chest_xray_triage,disagreement_prompt,0,ai_not_shown
R043,8,CASE025989,chest_xray_triage,disagreement_prompt,1,ai_not_shown
R043,9,CASE026016,chest_xray_triage,disagreement_prompt,1,ai_not_shown
R043,10,CASE026032,chest_xray_triage,disagreement_prompt,1,ai_not_shown
R043,10,CASE026040,chest_xray_triage,disagreement_prompt,1,ai_not_shown
R043,10,CASE026041,chest_xray_triage,disagreement_prompt,1,ai_not_shown
R043,10,CASE026044,chest_xray_triage,disagreement_prompt,1,ai_not_shown
R043,11,CASE026052,chest_xray_triage,disagreement_prompt,1,ai_not_shown
R043,12,CASE026086,chest_xray_triage,disagreement_prompt,1,ai_not_shown
R043,12,CASE026096,chest_xray_triage,disagreement_prompt,1,ai_not_shown
R043,13,CASE026108,chest_xray_triage,disagreement_prompt,1,ai_not_shown
R043,14,CASE026126,chest_xray_triage,disagreement_prompt,1,ai_not_shown
R043,15,CASE026151,chest_xray_triage,disagreement_prompt,1,ai_not_shown
R043,15,CASE026152,chest_xray_triage,disagreement_prompt,1,ai_not_shown
R043,15,CASE026155,chest_xray_triage,disagreement_prompt,1,ai_not_shown
R043,15,CASE026162,chest_xray_triage,disagreement_prompt,0,ai_not_shown
R043,15,CASE026171,chest_xray_triage,disagreement_prompt,1,ai_not_shown
R043,16,CASE026197,chest_xray_triage,disagreement_prompt,1,ai_not_shown
R043,17,CASE026206,chest_xray_triage,disagreement_prompt,1,ai_not_shown
R043,17,CASE026223,chest_xray_triage,disagreement_prompt,0,ai_not_shown
R043,18,CASE026228,chest_xray_triage,disagreement_prompt,1,ai_not_shown
R043,18,CASE026231,chest_xray_triage,disagreement_prompt,1,ai_not_shown
R043,19,CASE026253,chest_xray_triage,disagreement_prompt,1,ai_not_shown
R043,19,CASE026260,chest_xray_triage,disagreement_prompt,1,ai_not_shown
R043,20,CASE026278,chest_xray_triage,disagreement_prompt,1,ai_not_shown
R043,21,CASE026302,chest_xray_triage,disagreement_prompt,1,ai_not_shown
R043,21,CASE026306,chest_xray_triage,disagreement_prompt,1,ai_not_shown
R043,22,CASE026339,chest_xray_triage,disagreement_prompt,1,ai_not_shown
R043,23,CASE026354,chest_xray_triage,disagreement_prompt,1,ai_not_shown
R043,23,CASE026373,chest_xray_triage,disagreement_prompt,1,ai_not_shown
R043,23,CASE026374,chest_xray_triage,disagreement_prompt,1,ai_not_shown
