participant_id,group,phase,item_id,true_label,response,correct,rt_ms,difficulty,hint_shown,hint_label,hint_correct,followed_hint
TEST-00000000,A,training,T01,AI,AI,TRUE,9200,easy,TRUE,AI,TRUE,TRUE
TEST-00000000,A,training,T02,Human,Human,TRUE,11500,easy,TRUE,Human,TRUE,TRUE
TEST-00000000,A,training,T03,AI,AI,TRUE,8900,easy,FALSE,AI,,
TEST-00000000,A,test,X01,AI,AI,TRUE,10200,easy,FALSE,,,
TEST-00000000,A,test,X02,Human,Human,TRUE,13400,easy,FALSE,,,
TEST-00000000,A,test,X03,AI,Human,FALSE,22100,medium,FALSE,,,
5bc55c7b-2b87-4a61-8c22-4c0d0cf633d0,A,training,T01,AI,,FALSE,4114,medium,TRUE,AI,TRUE,FALSE
5bc55c7b-2b87-4a61-8c22-4c0d0cf633d0,A,training,T02,Human,,FALSE,1251,easy,TRUE,Human,TRUE,FALSE
5bc55c7b-2b87-4a61-8c22-4c0d0cf633d0,A,training,T03,AI,,FALSE,793,medium,TRUE,AI,TRUE,FALSE
5bc55c7b-2b87-4a61-8c22-4c0d0cf633d0,A,training,T04,Human,,TRUE,817,easy,TRUE,Human,TRUE,TRUE
5bc55c7b-2b87-4a61-8c22-4c0d0cf633d0,A,training,T05,AI,,FALSE,808,medium,TRUE,AI,TRUE,FALSE
5bc55c7b-2b87-4a61-8c22-4c0d0cf633d0,A,training,T06,Human,,FALSE,765,easy,TRUE,AI,FALSE,TRUE
5bc55c7b-2b87-4a61-8c22-4c0d0cf633d0,A,training,T07,AI,,FALSE,989,medium,TRUE,AI,TRUE,FALSE
5bc55c7b-2b87-4a61-8c22-4c0d0cf633d0,A,training,T08,Human,,FALSE,758,medium,TRUE,Human,TRUE,FALSE
5bc55c7b-2b87-4a61-8c22-4c0d0cf633d0,A,training,T09,AI,,FALSE,790,medium,TRUE,AI,TRUE,FALSE
5bc55c7b-2b87-4a61-8c22-4c0d0cf633d0,A,training,T10,Human,,TRUE,623,medium,TRUE,Human,TRUE,TRUE
5bc55c7b-2b87-4a61-8c22-4c0d0cf633d0,A,training,T11,AI,,FALSE,485,medium,TRUE,AI,TRUE,FALSE
5bc55c7b-2b87-4a61-8c22-4c0d0cf633d0,A,training,T12,Human,,FALSE,623,medium,TRUE,AI,FALSE,TRUE
5bc55c7b-2b87-4a61-8c22-4c0d0cf633d0,A,training,T13,AI,,FALSE,553,medium,TRUE,Human,FALSE,FALSE
5bc55c7b-2b87-4a61-8c22-4c0d0cf633d0,A,training,T14,Human,,TRUE,513,medium,TRUE,AI,FALSE,FALSE
5bc55c7b-2b87-4a61-8c22-4c0d0cf633d0,A,training,T15,Human,,FALSE,777,easy,TRUE,Human,TRUE,FALSE
5bc55c7b-2b87-4a61-8c22-4c0d0cf633d0,A,training,T16,AI,,FALSE,774,medium,TRUE,Human,FALSE,FALSE
5bc55c7b-2b87-4a61-8c22-4c0d0cf633d0,A,training,T17,AI,,FALSE,877,easy,TRUE,AI,TRUE,FALSE
5bc55c7b-2b87-4a61-8c22-4c0d0cf633d0,A,training,T18,Human,,TRUE,554,medium,TRUE,Human,TRUE,TRUE
5bc55c7b-2b87-4a61-8c22-4c0d0cf633d0,A,training,T19,AI,,FALSE,517,easy,TRUE,AI,TRUE,FALSE
5bc55c7b-2b87-4a61-8c22-4c0d0cf633d0,A,training,T20,Human,,FALSE,385,medium,TRUE,Human,TRUE,FALSE
5bc55c7b-2b87-4a61-8c22-4c0d0cf633d0,A,test,X01,AI,,FALSE,1597,easy,FALSE,,,
5bc55c7b-2b87-4a61-8c22-4c0d0cf633d0,A,test,X02,Human,,FALSE,694,easy,FALSE,,,
5bc55c7b-2b87-4a61-8c22-4c0d0cf633d0,A,test,X03,AI,,TRUE,552,medium,FALSE,,,
5bc55c7b-2b87-4a61-8c22-4c0d0cf633d0,A,test,X04,Human,,FALSE,380,medium,FALSE,,,
5bc55c7b-2b87-4a61-8c22-4c0d0cf633d0,A,test,X05,AI,,TRUE,373,medium,FALSE,,,
5bc55c7b-2b87-4a61-8c22-4c0d0cf633d0,A,test,X06,Human,,FALSE,404,medium,FALSE,,,
5bc55c7b-2b87-4a61-8c22-4c0d0cf633d0,A,test,X07,Human,,TRUE,290,medium,FALSE,,,
5bc55c7b-2b87-4a61-8c22-4c0d0cf633d0,A,test,X08,AI,,FALSE,264,hard,FALSE,,,
5bc55c7b-2b87-4a61-8c22-4c0d0cf633d0,A,test,X09,Human,,TRUE,342,easy,FALSE,,,
5bc55c7b-2b87-4a61-8c22-4c0d0cf633d0,A,test,X10,AI,,FALSE,315,hard,FALSE,,,
2d77484b-5034-431b-8933-d772cc8c5d9a,A,training,T01,AI,,TRUE,50162,medium,TRUE,AI,TRUE,TRUE
2d77484b-5034-431b-8933-d772cc8c5d9a,A,training,T02,Human,,TRUE,22892,easy,TRUE,Human,TRUE,TRUE
2d77484b-5034-431b-8933-d772cc8c5d9a,A,training,T03,AI,,TRUE,14833,medium,TRUE,AI,TRUE,TRUE
2d77484b-5034-431b-8933-d772cc8c5d9a,A,training,T04,Human,,TRUE,2549,easy,TRUE,Human,TRUE,TRUE
2d77484b-5034-431b-8933-d772cc8c5d9a,A,training,T05,AI,,TRUE,1890,medium,TRUE,AI,TRUE,TRUE
2d77484b-5034-431b-8933-d772cc8c5d9a,A,training,T06,Human,,FALSE,3640,easy,TRUE,AI,FALSE,TRUE
2d77484b-5034-431b-8933-d772cc8c5d9a,A,training,T07,AI,,TRUE,3391,medium,TRUE,AI,TRUE,TRUE
2d77484b-5034-431b-8933-d772cc8c5d9a,A,training,T08,Human,,TRUE,5848,medium,TRUE,Human,TRUE,TRUE
2d77484b-5034-431b-8933-d772cc8c5d9a,A,training,T09,AI,,TRUE,2049,medium,TRUE,AI,TRUE,TRUE
2d77484b-5034-431b-8933-d772cc8c5d9a,A,training,T10,Human,,TRUE,3046,medium,TRUE,Human,TRUE,TRUE
2d77484b-5034-431b-8933-d772cc8c5d9a,A,training,T11,AI,,TRUE,2235,medium,TRUE,AI,TRUE,TRUE
2d77484b-5034-431b-8933-d772cc8c5d9a,A,training,T12,Human,,FALSE,21881,medium,TRUE,AI,FALSE,TRUE
2d77484b-5034-431b-8933-d772cc8c5d9a,A,training,T13,AI,,FALSE,56185,medium,TRUE,Human,FALSE,FALSE
2d77484b-5034-431b-8933-d772cc8c5d9a,A,training,T14,Human,,TRUE,15801,medium,TRUE,AI,FALSE,FALSE
2d77484b-5034-431b-8933-d772cc8c5d9a,A,training,T15,Human,,TRUE,2183,easy,TRUE,Human,TRUE,TRUE
2d77484b-5034-431b-8933-d772cc8c5d9a,A,training,T16,AI,,TRUE,17781,medium,TRUE,Human,FALSE,FALSE
2d77484b-5034-431b-8933-d772cc8c5d9a,A,training,T17,AI,,TRUE,6490,easy,TRUE,AI,TRUE,TRUE
2d77484b-5034-431b-8933-d772cc8c5d9a,A,training,T18,Human,,TRUE,2141,medium,TRUE,Human,TRUE,TRUE
2d77484b-5034-431b-8933-d772cc8c5d9a,A,training,T19,AI,,TRUE,3340,easy,TRUE,AI,TRUE,TRUE
2d77484b-5034-431b-8933-d772cc8c5d9a,A,training,T20,Human,,TRUE,2376,medium,TRUE,Human,TRUE,TRUE
2d77484b-5034-431b-8933-d772cc8c5d9a,A,test,X01,AI,,TRUE,15633,easy,FALSE,,,
2d77484b-5034-431b-8933-d772cc8c5d9a,A,test,X02,Human,,TRUE,3642,easy,FALSE,,,
2d77484b-5034-431b-8933-d772cc8c5d9a,A,test,X03,AI,,TRUE,6647,medium,FALSE,,,
2d77484b-5034-431b-8933-d772cc8c5d9a,A,test,X04,Human,,TRUE,19080,medium,FALSE,,,
2d77484b-5034-431b-8933-d772cc8c5d9a,A,test,X05,AI,,TRUE,19149,medium,FALSE,,,
2d77484b-5034-431b-8933-d772cc8c5d9a,A,test,X06,Human,,TRUE,13831,medium,FALSE,,,
2d77484b-5034-431b-8933-d772cc8c5d9a,A,test,X07,Human,,TRUE,14401,medium,FALSE,,,
2d77484b-5034-431b-8933-d772cc8c5d9a,A,test,X08,AI,,TRUE,12125,hard,FALSE,,,
2d77484b-5034-431b-8933-d772cc8c5d9a,A,test,X09,Human,,TRUE,4419,easy,FALSE,,,
2d77484b-5034-431b-8933-d772cc8c5d9a,A,test,X10,AI,,TRUE,13600,hard,FALSE,,,
a117fd24-2b2b-4a35-9c5a-e21f4d0d6a7b,B,training,T01,AI,,TRUE,10997,medium,TRUE,AI,TRUE,TRUE
a117fd24-2b2b-4a35-9c5a-e21f4d0d6a7b,B,training,T02,Human,,TRUE,4632,easy,TRUE,Human,TRUE,TRUE
a117fd24-2b2b-4a35-9c5a-e21f4d0d6a7b,B,training,T03,AI,,FALSE,6672,medium,FALSE,AI,,
a117fd24-2b2b-4a35-9c5a-e21f4d0d6a7b,B,training,T04,Human,,TRUE,4965,easy,TRUE,Human,TRUE,TRUE
a117fd24-2b2b-4a35-9c5a-e21f4d0d6a7b,B,training,T05,AI,,TRUE,2409,medium,TRUE,AI,TRUE,TRUE
a117fd24-2b2b-4a35-9c5a-e21f4d0d6a7b,B,training,T06,Human,,TRUE,5806,easy,FALSE,AI,,
a117fd24-2b2b-4a35-9c5a-e21f4d0d6a7b,B,training,T07,AI,,TRUE,3896,medium,TRUE,AI,TRUE,TRUE
a117fd24-2b2b-4a35-9c5a-e21f4d0d6a7b,B,training,T08,Human,,TRUE,3497,medium,TRUE,Human,TRUE,TRUE
a117fd24-2b2b-4a35-9c5a-e21f4d0d6a7b,B,training,T09,AI,,TRUE,7686,medium,FALSE,AI,,
a117fd24-2b2b-4a35-9c5a-e21f4d0d6a7b,B,training,T10,Human,,TRUE,3739,medium,TRUE,Human,TRUE,TRUE
a117fd24-2b2b-4a35-9c5a-e21f4d0d6a7b,B,training,T11,AI,,FALSE,3736,medium,TRUE,AI,TRUE,FALSE
a117fd24-2b2b-4a35-9c5a-e21f4d0d6a7b,B,training,T12,Human,,TRUE,6589,medium,FALSE,AI,,
a117fd24-2b2b-4a35-9c5a-e21f4d0d6a7b,B,training,T13,AI,,FALSE,6530,medium,TRUE,Human,FALSE,TRUE
a117fd24-2b2b-4a35-9c5a-e21f4d0d6a7b,B,training,T14,Human,,FALSE,4080,medium,TRUE,AI,FALSE,TRUE
a117fd24-2b2b-4a35-9c5a-e21f4d0d6a7b,B,training,T15,Human,,FALSE,4166,easy,FALSE,Human,,
a117fd24-2b2b-4a35-9c5a-e21f4d0d6a7b,B,training,T16,AI,,FALSE,4370,medium,TRUE,Human,FALSE,TRUE
a117fd24-2b2b-4a35-9c5a-e21f4d0d6a7b,B,training,T17,AI,,FALSE,4816,easy,TRUE,AI,TRUE,FALSE
a117fd24-2b2b-4a35-9c5a-e21f4d0d6a7b,B,training,T18,Human,,TRUE,4505,medium,FALSE,Human,,
a117fd24-2b2b-4a35-9c5a-e21f4d0d6a7b,B,training,T19,AI,,FALSE,6681,easy,TRUE,AI,TRUE,FALSE
a117fd24-2b2b-4a35-9c5a-e21f4d0d6a7b,B,training,T20,Human,,TRUE,2250,medium,TRUE,Human,TRUE,TRUE
a117fd24-2b2b-4a35-9c5a-e21f4d0d6a7b,B,test,X01,AI,,FALSE,5619,easy,FALSE,,,
a117fd24-2b2b-4a35-9c5a-e21f4d0d6a7b,B,test,X02,Human,,TRUE,5172,easy,FALSE,,,
a117fd24-2b2b-4a35-9c5a-e21f4d0d6a7b,B,test,X03,AI,,TRUE,5403,medium,FALSE,,,
a117fd24-2b2b-4a35-9c5a-e21f4d0d6a7b,B,test,X04,Human,,FALSE,7474,medium,FALSE,,,
a117fd24-2b2b-4a35-9c5a-e21f4d0d6a7b,B,test,X05,AI,,FALSE,10121,medium,FALSE,,,
a117fd24-2b2b-4a35-9c5a-e21f4d0d6a7b,B,test,X06,Human,,FALSE,3905,medium,FALSE,,,
a117fd24-2b2b-4a35-9c5a-e21f4d0d6a7b,B,test,X07,Human,,TRUE,2324,medium,FALSE,,,
a117fd24-2b2b-4a35-9c5a-e21f4d0d6a7b,B,test,X08,AI,,FALSE,4465,hard,FALSE,,,
a117fd24-2b2b-4a35-9c5a-e21f4d0d6a7b,B,test,X09,Human,,TRUE,4750,easy,FALSE,,,
a117fd24-2b2b-4a35-9c5a-e21f4d0d6a7b,B,test,X10,AI,,FALSE,8056,hard,FALSE,,,
4e0c72a0-ec4f-4bc2-9bb8-d4d245574f97,B,training,T01,AI,,TRUE,6484,medium,TRUE,AI,TRUE,TRUE
4e0c72a0-ec4f-4bc2-9bb8-d4d245574f97,B,training,T02,Human,,TRUE,4076,easy,TRUE,Human,TRUE,TRUE
4e0c72a0-ec4f-4bc2-9bb8-d4d245574f97,B,training,T03,AI,,FALSE,6665,medium,FALSE,AI,,
4e0c72a0-ec4f-4bc2-9bb8-d4d245574f97,B,training,T04,Human,,TRUE,2585,easy,TRUE,Human,TRUE,TRUE
4e0c72a0-ec4f-4bc2-9bb8-d4d245574f97,B,training,T05,AI,,TRUE,2155,medium,TRUE,AI,TRUE,TRUE
4e0c72a0-ec4f-4bc2-9bb8-d4d245574f97,B,training,T06,Human,,FALSE,2266,easy,FALSE,AI,,
4e0c72a0-ec4f-4bc2-9bb8-d4d245574f97,B,training,T07,AI,,FALSE,1692,medium,TRUE,AI,TRUE,FALSE
4e0c72a0-ec4f-4bc2-9bb8-d4d245574f97,B,training,T08,Human,,TRUE,1947,medium,TRUE,Human,TRUE,TRUE
4e0c72a0-ec4f-4bc2-9bb8-d4d245574f97,B,training,T09,AI,,FALSE,2196,medium,FALSE,AI,,
4e0c72a0-ec4f-4bc2-9bb8-d4d245574f97,B,training,T10,Human,,TRUE,2299,medium,TRUE,Human,TRUE,TRUE
4e0c72a0-ec4f-4bc2-9bb8-d4d245574f97,B,training,T11,AI,,TRUE,2679,medium,TRUE,AI,TRUE,TRUE
4e0c72a0-ec4f-4bc2-9bb8-d4d245574f97,B,training,T12,Human,,FALSE,4508,medium,FALSE,AI,,
4e0c72a0-ec4f-4bc2-9bb8-d4d245574f97,B,training,T13,AI,,FALSE,2337,medium,TRUE,Human,FALSE,TRUE
4e0c72a0-ec4f-4bc2-9bb8-d4d245574f97,B,training,T14,Human,,FALSE,2175,medium,TRUE,AI,FALSE,TRUE
4e0c72a0-ec4f-4bc2-9bb8-d4d245574f97,B,training,T15,Human,,FALSE,2068,easy,FALSE,Human,,
4e0c72a0-ec4f-4bc2-9bb8-d4d245574f97,B,training,T16,AI,,FALSE,2237,medium,TRUE,Human,FALSE,TRUE
4e0c72a0-ec4f-4bc2-9bb8-d4d245574f97,B,training,T17,AI,,TRUE,2138,easy,TRUE,AI,TRUE,TRUE
4e0c72a0-ec4f-4bc2-9bb8-d4d245574f97,B,training,T18,Human,,FALSE,1826,medium,FALSE,Human,,
4e0c72a0-ec4f-4bc2-9bb8-d4d245574f97,B,training,T19,AI,,TRUE,2736,easy,TRUE,AI,TRUE,TRUE
4e0c72a0-ec4f-4bc2-9bb8-d4d245574f97,B,training,T20,Human,,TRUE,2298,medium,TRUE,Human,TRUE,TRUE
4e0c72a0-ec4f-4bc2-9bb8-d4d245574f97,B,test,X01,AI,,TRUE,8160,easy,FALSE,,,
4e0c72a0-ec4f-4bc2-9bb8-d4d245574f97,B,test,X02,Human,,TRUE,4275,easy,FALSE,,,
4e0c72a0-ec4f-4bc2-9bb8-d4d245574f97,B,test,X03,AI,,TRUE,4938,medium,FALSE,,,
4e0c72a0-ec4f-4bc2-9bb8-d4d245574f97,B,test,X04,Human,,FALSE,6591,medium,FALSE,,,
4e0c72a0-ec4f-4bc2-9bb8-d4d245574f97,B,test,X05,AI,,TRUE,3087,medium,FALSE,,,
4e0c72a0-ec4f-4bc2-9bb8-d4d245574f97,B,test,X06,Human,,FALSE,1425,medium,FALSE,,,
4e0c72a0-ec4f-4bc2-9bb8-d4d245574f97,B,test,X07,Human,,FALSE,1060,medium,FALSE,,,
4e0c72a0-ec4f-4bc2-9bb8-d4d245574f97,B,test,X08,AI,,TRUE,1111,hard,FALSE,,,
4e0c72a0-ec4f-4bc2-9bb8-d4d245574f97,B,test,X09,Human,,TRUE,994,easy,FALSE,,,
4e0c72a0-ec4f-4bc2-9bb8-d4d245574f97,B,test,X10,AI,,FALSE,865,hard,FALSE,,,
c58c7683-64ce-46d5-9fc5-1aaafec8e177,A,training,T01,AI,,TRUE,14029,medium,TRUE,AI,TRUE,TRUE
c58c7683-64ce-46d5-9fc5-1aaafec8e177,A,training,T02,Human,,TRUE,6000,easy,TRUE,Human,TRUE,TRUE
c58c7683-64ce-46d5-9fc5-1aaafec8e177,A,training,T03,AI,,TRUE,19036,medium,TRUE,AI,TRUE,TRUE
c58c7683-64ce-46d5-9fc5-1aaafec8e177,A,training,T04,Human,,TRUE,8340,easy,TRUE,Human,TRUE,TRUE
c58c7683-64ce-46d5-9fc5-1aaafec8e177,A,training,T05,AI,,TRUE,4466,medium,TRUE,AI,TRUE,TRUE
c58c7683-64ce-46d5-9fc5-1aaafec8e177,A,training,T06,Human,,TRUE,15506,easy,TRUE,AI,FALSE,FALSE
c58c7683-64ce-46d5-9fc5-1aaafec8e177,A,training,T07,AI,,TRUE,20515,medium,TRUE,AI,TRUE,TRUE
c58c7683-64ce-46d5-9fc5-1aaafec8e177,A,training,T08,Human,,TRUE,3131,medium,TRUE,Human,TRUE,TRUE
c58c7683-64ce-46d5-9fc5-1aaafec8e177,A,training,T09,AI,,TRUE,2745,medium,TRUE,AI,TRUE,TRUE
c58c7683-64ce-46d5-9fc5-1aaafec8e177,A,training,T10,Human,,TRUE,11310,medium,TRUE,Human,TRUE,TRUE
c58c7683-64ce-46d5-9fc5-1aaafec8e177,A,training,T11,AI,,TRUE,4618,medium,TRUE,AI,TRUE,TRUE
c58c7683-64ce-46d5-9fc5-1aaafec8e177,A,training,T12,Human,,TRUE,23607,medium,TRUE,AI,FALSE,FALSE
c58c7683-64ce-46d5-9fc5-1aaafec8e177,A,training,T13,AI,,FALSE,37458,medium,TRUE,Human,FALSE,TRUE
c58c7683-64ce-46d5-9fc5-1aaafec8e177,A,training,T14,Human,,FALSE,2673,medium,TRUE,AI,FALSE,TRUE
c58c7683-64ce-46d5-9fc5-1aaafec8e177,A,training,T15,Human,,TRUE,4230,easy,TRUE,Human,TRUE,TRUE
c58c7683-64ce-46d5-9fc5-1aaafec8e177,A,training,T16,AI,,FALSE,5252,medium,TRUE,Human,FALSE,TRUE
c58c7683-64ce-46d5-9fc5-1aaafec8e177,A,training,T17,AI,,TRUE,5830,easy,TRUE,AI,TRUE,TRUE
c58c7683-64ce-46d5-9fc5-1aaafec8e177,A,training,T18,Human,,FALSE,1749,medium,TRUE,Human,TRUE,FALSE
c58c7683-64ce-46d5-9fc5-1aaafec8e177,A,training,T19,AI,,TRUE,27243,easy,TRUE,AI,TRUE,TRUE
c58c7683-64ce-46d5-9fc5-1aaafec8e177,A,training,T20,Human,,TRUE,4985,medium,TRUE,Human,TRUE,TRUE
c58c7683-64ce-46d5-9fc5-1aaafec8e177,A,test,X01,AI,,TRUE,30311,easy,FALSE,,,
c58c7683-64ce-46d5-9fc5-1aaafec8e177,A,test,X02,Human,,FALSE,8376,easy,FALSE,,,
c58c7683-64ce-46d5-9fc5-1aaafec8e177,A,test,X03,AI,,TRUE,5412,medium,FALSE,,,
c58c7683-64ce-46d5-9fc5-1aaafec8e177,A,test,X04,Human,,TRUE,25215,medium,FALSE,,,
c58c7683-64ce-46d5-9fc5-1aaafec8e177,A,test,X05,AI,,TRUE,10741,medium,FALSE,,,
c58c7683-64ce-46d5-9fc5-1aaafec8e177,A,test,X06,Human,,TRUE,49500,medium,FALSE,,,
c58c7683-64ce-46d5-9fc5-1aaafec8e177,A,test,X07,Human,,TRUE,34247,medium,FALSE,,,
c58c7683-64ce-46d5-9fc5-1aaafec8e177,A,test,X08,AI,,FALSE,148978,hard,FALSE,,,
c58c7683-64ce-46d5-9fc5-1aaafec8e177,A,test,X09,Human,,TRUE,2466,easy,FALSE,,,
c58c7683-64ce-46d5-9fc5-1aaafec8e177,A,test,X10,AI,,FALSE,6317,hard,FALSE,,,
a425510b-d53e-4109-acaf-0322fd609269,A,training,T01,AI,,TRUE,27587,medium,TRUE,AI,TRUE,TRUE
a425510b-d53e-4109-acaf-0322fd609269,A,training,T02,Human,,TRUE,6658,easy,TRUE,Human,TRUE,TRUE
a425510b-d53e-4109-acaf-0322fd609269,A,training,T03,AI,,FALSE,5148,medium,TRUE,AI,TRUE,FALSE
a425510b-d53e-4109-acaf-0322fd609269,A,training,T04,Human,,TRUE,6177,easy,TRUE,Human,TRUE,TRUE
a425510b-d53e-4109-acaf-0322fd609269,A,training,T05,AI,,TRUE,7368,medium,TRUE,AI,TRUE,TRUE
a425510b-d53e-4109-acaf-0322fd609269,A,training,T06,Human,,FALSE,17999,easy,TRUE,AI,FALSE,TRUE
a425510b-d53e-4109-acaf-0322fd609269,A,training,T07,AI,,FALSE,7097,medium,TRUE,AI,TRUE,FALSE
a425510b-d53e-4109-acaf-0322fd609269,A,training,T08,Human,,FALSE,7711,medium,TRUE,Human,TRUE,FALSE
a425510b-d53e-4109-acaf-0322fd609269,A,training,T09,AI,,TRUE,5860,medium,TRUE,AI,TRUE,TRUE
a425510b-d53e-4109-acaf-0322fd609269,A,training,T10,Human,,FALSE,11950,medium,TRUE,Human,TRUE,FALSE
a425510b-d53e-4109-acaf-0322fd609269,A,training,T11,AI,,TRUE,11945,medium,TRUE,AI,TRUE,TRUE
a425510b-d53e-4109-acaf-0322fd609269,A,training,T12,Human,,TRUE,11097,medium,TRUE,AI,FALSE,FALSE
a425510b-d53e-4109-acaf-0322fd609269,A,training,T13,AI,,FALSE,5576,medium,TRUE,Human,FALSE,TRUE
a425510b-d53e-4109-acaf-0322fd609269,A,training,T14,Human,,FALSE,4935,medium,TRUE,AI,FALSE,TRUE
a425510b-d53e-4109-acaf-0322fd609269,A,training,T15,Human,,FALSE,4515,easy,TRUE,Human,TRUE,FALSE
a425510b-d53e-4109-acaf-0322fd609269,A,training,T16,AI,,FALSE,5897,medium,TRUE,Human,FALSE,FALSE
a425510b-d53e-4109-acaf-0322fd609269,A,training,T17,AI,,FALSE,7867,easy,TRUE,AI,TRUE,FALSE
a425510b-d53e-4109-acaf-0322fd609269,A,training,T18,Human,,TRUE,6708,medium,TRUE,Human,TRUE,TRUE
a425510b-d53e-4109-acaf-0322fd609269,A,training,T19,AI,,FALSE,3844,easy,TRUE,AI,TRUE,FALSE
a425510b-d53e-4109-acaf-0322fd609269,A,training,T20,Human,,TRUE,8421,medium,TRUE,Human,TRUE,TRUE
a425510b-d53e-4109-acaf-0322fd609269,A,test,X01,AI,,FALSE,14268,easy,FALSE,,,
a425510b-d53e-4109-acaf-0322fd609269,A,test,X02,Human,,TRUE,5458,easy,FALSE,,,
a425510b-d53e-4109-acaf-0322fd609269,A,test,X03,AI,,TRUE,5379,medium,FALSE,,,
a425510b-d53e-4109-acaf-0322fd609269,A,test,X04,Human,,TRUE,11023,medium,FALSE,,,
a425510b-d53e-4109-acaf-0322fd609269,A,test,X05,AI,,FALSE,14654,medium,FALSE,,,
a425510b-d53e-4109-acaf-0322fd609269,A,test,X06,Human,,FALSE,7273,medium,FALSE,,,
a425510b-d53e-4109-acaf-0322fd609269,A,test,X07,Human,,FALSE,5237,medium,FALSE,,,
a425510b-d53e-4109-acaf-0322fd609269,A,test,X08,AI,,FALSE,11642,hard,FALSE,,,
a425510b-d53e-4109-acaf-0322fd609269,A,test,X09,Human,,TRUE,5742,easy,FALSE,,,
a425510b-d53e-4109-acaf-0322fd609269,A,test,X10,AI,,TRUE,8575,hard,FALSE,,,
ce2e3b62-d302-4148-b829-c4e35eca9e54,B,training,T01,AI,,TRUE,6475,medium,TRUE,AI,TRUE,TRUE
ce2e3b62-d302-4148-b829-c4e35eca9e54,B,training,T02,Human,,TRUE,2463,easy,TRUE,Human,TRUE,TRUE
ce2e3b62-d302-4148-b829-c4e35eca9e54,B,training,T03,AI,,FALSE,6425,medium,FALSE,AI,,
ce2e3b62-d302-4148-b829-c4e35eca9e54,B,training,T04,Human,,TRUE,1532,easy,TRUE,Human,TRUE,TRUE
ce2e3b62-d302-4148-b829-c4e35eca9e54,B,training,T05,AI,,TRUE,1250,medium,TRUE,AI,TRUE,TRUE
ce2e3b62-d302-4148-b829-c4e35eca9e54,B,training,T06,Human,,TRUE,13045,easy,FALSE,AI,,
ce2e3b62-d302-4148-b829-c4e35eca9e54,B,training,T07,AI,,TRUE,2927,medium,TRUE,AI,TRUE,TRUE
ce2e3b62-d302-4148-b829-c4e35eca9e54,B,training,T08,Human,,TRUE,2359,medium,TRUE,Human,TRUE,TRUE
ce2e3b62-d302-4148-b829-c4e35eca9e54,B,training,T09,AI,,TRUE,5919,medium,FALSE,AI,,
ce2e3b62-d302-4148-b829-c4e35eca9e54,B,training,T10,Human,,TRUE,2174,medium,TRUE,Human,TRUE,TRUE
ce2e3b62-d302-4148-b829-c4e35eca9e54,B,training,T11,AI,,TRUE,3125,medium,TRUE,AI,TRUE,TRUE
ce2e3b62-d302-4148-b829-c4e35eca9e54,B,training,T12,Human,,TRUE,7510,medium,FALSE,AI,,
ce2e3b62-d302-4148-b829-c4e35eca9e54,B,training,T13,AI,,FALSE,2297,medium,TRUE,Human,FALSE,TRUE
ce2e3b62-d302-4148-b829-c4e35eca9e54,B,training,T14,Human,,FALSE,1416,medium,TRUE,AI,FALSE,TRUE
ce2e3b62-d302-4148-b829-c4e35eca9e54,B,training,T15,Human,,FALSE,3277,easy,FALSE,Human,,
ce2e3b62-d302-4148-b829-c4e35eca9e54,B,training,T16,AI,,FALSE,1278,medium,TRUE,Human,FALSE,TRUE
ce2e3b62-d302-4148-b829-c4e35eca9e54,B,training,T17,AI,,FALSE,1863,easy,TRUE,AI,TRUE,FALSE
ce2e3b62-d302-4148-b829-c4e35eca9e54,B,training,T18,Human,,TRUE,5944,medium,FALSE,Human,,
ce2e3b62-d302-4148-b829-c4e35eca9e54,B,training,T19,AI,,TRUE,2347,easy,TRUE,AI,TRUE,TRUE
ce2e3b62-d302-4148-b829-c4e35eca9e54,B,training,T20,Human,,TRUE,1683,medium,TRUE,Human,TRUE,TRUE
ce2e3b62-d302-4148-b829-c4e35eca9e54,B,test,X01,AI,,FALSE,5453,easy,FALSE,,,
ce2e3b62-d302-4148-b829-c4e35eca9e54,B,test,X02,Human,,TRUE,3053,easy,FALSE,,,
ce2e3b62-d302-4148-b829-c4e35eca9e54,B,test,X03,AI,,FALSE,4863,medium,FALSE,,,
ce2e3b62-d302-4148-b829-c4e35eca9e54,B,test,X04,Human,,FALSE,7338,medium,FALSE,,,
ce2e3b62-d302-4148-b829-c4e35eca9e54,B,test,X05,AI,,FALSE,5610,medium,FALSE,,,
ce2e3b62-d302-4148-b829-c4e35eca9e54,B,test,X06,Human,,FALSE,8108,medium,FALSE,,,
ce2e3b62-d302-4148-b829-c4e35eca9e54,B,test,X07,Human,,FALSE,4381,medium,FALSE,,,
ce2e3b62-d302-4148-b829-c4e35eca9e54,B,test,X08,AI,,FALSE,3347,hard,FALSE,,,
ce2e3b62-d302-4148-b829-c4e35eca9e54,B,test,X09,Human,,TRUE,6085,easy,FALSE,,,
ce2e3b62-d302-4148-b829-c4e35eca9e54,B,test,X10,AI,,FALSE,3890,hard,FALSE,,,
7780f692-939c-4e1f-9887-915a56076880,B,training,T01,AI,,TRUE,5298,medium,TRUE,AI,TRUE,TRUE
7780f692-939c-4e1f-9887-915a56076880,B,training,T02,Human,,FALSE,1017,easy,TRUE,Human,TRUE,FALSE
7780f692-939c-4e1f-9887-915a56076880,B,training,T03,AI,,FALSE,5653,medium,FALSE,AI,,
7780f692-939c-4e1f-9887-915a56076880,B,training,T04,Human,,TRUE,815,easy,TRUE,Human,TRUE,TRUE
7780f692-939c-4e1f-9887-915a56076880,B,training,T05,AI,,FALSE,557,medium,TRUE,AI,TRUE,FALSE
7780f692-939c-4e1f-9887-915a56076880,B,training,T06,Human,,TRUE,4339,easy,FALSE,AI,,
7780f692-939c-4e1f-9887-915a56076880,B,training,T07,AI,,FALSE,2274,medium,TRUE,AI,TRUE,FALSE
7780f692-939c-4e1f-9887-915a56076880,B,training,T08,Human,,TRUE,6661,medium,TRUE,Human,TRUE,TRUE
7780f692-939c-4e1f-9887-915a56076880,B,training,T09,AI,,TRUE,416,medium,FALSE,AI,,
7780f692-939c-4e1f-9887-915a56076880,B,training,T10,Human,,TRUE,403,medium,TRUE,Human,TRUE,TRUE
7780f692-939c-4e1f-9887-915a56076880,B,training,T11,AI,,TRUE,514,medium,TRUE,AI,TRUE,TRUE
7780f692-939c-4e1f-9887-915a56076880,B,training,T12,Human,,TRUE,425,medium,FALSE,AI,,
7780f692-939c-4e1f-9887-915a56076880,B,training,T13,AI,,TRUE,407,medium,TRUE,Human,FALSE,FALSE
7780f692-939c-4e1f-9887-915a56076880,B,training,T14,Human,,FALSE,720,medium,TRUE,AI,FALSE,FALSE
7780f692-939c-4e1f-9887-915a56076880,B,training,T15,Human,,TRUE,504,easy,FALSE,Human,,
7780f692-939c-4e1f-9887-915a56076880,B,training,T16,AI,,FALSE,515,medium,TRUE,Human,FALSE,TRUE
7780f692-939c-4e1f-9887-915a56076880,B,training,T17,AI,,FALSE,933,easy,TRUE,AI,TRUE,FALSE
7780f692-939c-4e1f-9887-915a56076880,B,training,T18,Human,,FALSE,1417,medium,FALSE,Human,,
7780f692-939c-4e1f-9887-915a56076880,B,training,T19,AI,,FALSE,1355,easy,TRUE,AI,TRUE,FALSE
7780f692-939c-4e1f-9887-915a56076880,B,training,T20,Human,,FALSE,761,medium,TRUE,Human,TRUE,FALSE
7780f692-939c-4e1f-9887-915a56076880,B,test,X01,AI,,TRUE,2130,easy,FALSE,,,
7780f692-939c-4e1f-9887-915a56076880,B,test,X02,Human,,FALSE,703,easy,FALSE,,,
7780f692-939c-4e1f-9887-915a56076880,B,test,X03,AI,,TRUE,498,medium,FALSE,,,
7780f692-939c-4e1f-9887-915a56076880,B,test,X04,Human,,FALSE,449,medium,FALSE,,,
7780f692-939c-4e1f-9887-915a56076880,B,test,X05,AI,,TRUE,7707,medium,FALSE,,,
7780f692-939c-4e1f-9887-915a56076880,B,test,X06,Human,,FALSE,538,medium,FALSE,,,
7780f692-939c-4e1f-9887-915a56076880,B,test,X07,Human,,FALSE,444,medium,FALSE,,,
7780f692-939c-4e1f-9887-915a56076880,B,test,X08,AI,,FALSE,436,hard,FALSE,,,
7780f692-939c-4e1f-9887-915a56076880,B,test,X09,Human,,FALSE,487,easy,FALSE,,,
7780f692-939c-4e1f-9887-915a56076880,B,test,X10,AI,,FALSE,377,hard,FALSE,,,
91f21174-1b2b-43aa-9d3e-512059f7d35a,B,training,T01,AI,,TRUE,1906,medium,TRUE,AI,TRUE,TRUE
91f21174-1b2b-43aa-9d3e-512059f7d35a,B,training,T02,Human,,FALSE,3350,easy,TRUE,Human,TRUE,FALSE
91f21174-1b2b-43aa-9d3e-512059f7d35a,B,training,T03,AI,,FALSE,6566,medium,FALSE,AI,,
91f21174-1b2b-43aa-9d3e-512059f7d35a,B,training,T04,Human,,TRUE,1894,easy,TRUE,Human,TRUE,TRUE
91f21174-1b2b-43aa-9d3e-512059f7d35a,B,training,T05,AI,,TRUE,1243,medium,TRUE,AI,TRUE,TRUE
91f21174-1b2b-43aa-9d3e-512059f7d35a,B,training,T06,Human,,TRUE,6950,easy,FALSE,AI,,
91f21174-1b2b-43aa-9d3e-512059f7d35a,B,training,T07,AI,,TRUE,2621,medium,TRUE,AI,TRUE,TRUE
91f21174-1b2b-43aa-9d3e-512059f7d35a,B,training,T08,Human,,TRUE,4096,medium,TRUE,Human,TRUE,TRUE
91f21174-1b2b-43aa-9d3e-512059f7d35a,B,training,T09,AI,,TRUE,5586,medium,FALSE,AI,,
91f21174-1b2b-43aa-9d3e-512059f7d35a,B,training,T10,Human,,TRUE,4594,medium,TRUE,Human,TRUE,TRUE
91f21174-1b2b-43aa-9d3e-512059f7d35a,B,training,T11,AI,,TRUE,2577,medium,TRUE,AI,TRUE,TRUE
91f21174-1b2b-43aa-9d3e-512059f7d35a,B,training,T12,Human,,TRUE,7524,medium,FALSE,AI,,
91f21174-1b2b-43aa-9d3e-512059f7d35a,B,training,T13,AI,,TRUE,4034,medium,TRUE,Human,FALSE,FALSE
91f21174-1b2b-43aa-9d3e-512059f7d35a,B,training,T14,Human,,FALSE,5761,medium,TRUE,AI,FALSE,FALSE
91f21174-1b2b-43aa-9d3e-512059f7d35a,B,training,T15,Human,,FALSE,5062,easy,FALSE,Human,,
91f21174-1b2b-43aa-9d3e-512059f7d35a,B,training,T16,AI,,FALSE,5423,medium,TRUE,Human,FALSE,FALSE
91f21174-1b2b-43aa-9d3e-512059f7d35a,B,training,T17,AI,,TRUE,4631,easy,TRUE,AI,TRUE,TRUE
91f21174-1b2b-43aa-9d3e-512059f7d35a,B,training,T18,Human,,FALSE,4841,medium,FALSE,Human,,
91f21174-1b2b-43aa-9d3e-512059f7d35a,B,training,T19,AI,,FALSE,249,easy,TRUE,AI,TRUE,FALSE
91f21174-1b2b-43aa-9d3e-512059f7d35a,B,training,T20,Human,,TRUE,1174,medium,TRUE,Human,TRUE,TRUE
91f21174-1b2b-43aa-9d3e-512059f7d35a,B,test,X01,AI,,FALSE,6100,easy,FALSE,,,
91f21174-1b2b-43aa-9d3e-512059f7d35a,B,test,X02,Human,,TRUE,5569,easy,FALSE,,,
91f21174-1b2b-43aa-9d3e-512059f7d35a,B,test,X03,AI,,TRUE,4172,medium,FALSE,,,
91f21174-1b2b-43aa-9d3e-512059f7d35a,B,test,X04,Human,,FALSE,1872,medium,FALSE,,,
91f21174-1b2b-43aa-9d3e-512059f7d35a,B,test,X05,AI,,FALSE,7159,medium,FALSE,,,
91f21174-1b2b-43aa-9d3e-512059f7d35a,B,test,X06,Human,,TRUE,4986,medium,FALSE,,,
91f21174-1b2b-43aa-9d3e-512059f7d35a,B,test,X07,Human,,FALSE,2448,medium,FALSE,,,
91f21174-1b2b-43aa-9d3e-512059f7d35a,B,test,X08,AI,,FALSE,760,hard,FALSE,,,
91f21174-1b2b-43aa-9d3e-512059f7d35a,B,test,X09,Human,,FALSE,722,easy,FALSE,,,
91f21174-1b2b-43aa-9d3e-512059f7d35a,B,test,X10,AI,,TRUE,2190,hard,FALSE,,,
bee198b3-1d6d-4c1e-9148-d31a510a3dff,B,training,T01,AI,,TRUE,12099,medium,TRUE,AI,TRUE,TRUE
bee198b3-1d6d-4c1e-9148-d31a510a3dff,B,training,T02,Human,,FALSE,5121,easy,TRUE,Human,TRUE,FALSE
bee198b3-1d6d-4c1e-9148-d31a510a3dff,B,training,T03,AI,,FALSE,12705,medium,FALSE,AI,,
bee198b3-1d6d-4c1e-9148-d31a510a3dff,B,training,T04,Human,,TRUE,20497,easy,TRUE,Human,TRUE,TRUE
bee198b3-1d6d-4c1e-9148-d31a510a3dff,B,training,T05,AI,,TRUE,3175,medium,TRUE,AI,TRUE,TRUE
bee198b3-1d6d-4c1e-9148-d31a510a3dff,B,training,T06,Human,,TRUE,17730,easy,FALSE,AI,,
bee198b3-1d6d-4c1e-9148-d31a510a3dff,B,training,T07,AI,,TRUE,6358,medium,TRUE,AI,TRUE,TRUE
bee198b3-1d6d-4c1e-9148-d31a510a3dff,B,training,T08,Human,,TRUE,4975,medium,TRUE,Human,TRUE,TRUE
bee198b3-1d6d-4c1e-9148-d31a510a3dff,B,training,T09,AI,,TRUE,5017,medium,FALSE,AI,,
bee198b3-1d6d-4c1e-9148-d31a510a3dff,B,training,T10,Human,,TRUE,6306,medium,TRUE,Human,TRUE,TRUE
bee198b3-1d6d-4c1e-9148-d31a510a3dff,B,training,T11,AI,,TRUE,3320,medium,TRUE,AI,TRUE,TRUE
bee198b3-1d6d-4c1e-9148-d31a510a3dff,B,training,T12,Human,,TRUE,10907,medium,FALSE,AI,,
bee198b3-1d6d-4c1e-9148-d31a510a3dff,B,training,T13,AI,,FALSE,3827,medium,TRUE,Human,FALSE,TRUE
bee198b3-1d6d-4c1e-9148-d31a510a3dff,B,training,T14,Human,,FALSE,5091,medium,TRUE,AI,FALSE,TRUE
bee198b3-1d6d-4c1e-9148-d31a510a3dff,B,training,T15,Human,,FALSE,5698,easy,FALSE,Human,,
bee198b3-1d6d-4c1e-9148-d31a510a3dff,B,training,T16,AI,,FALSE,5039,medium,TRUE,Human,FALSE,TRUE
bee198b3-1d6d-4c1e-9148-d31a510a3dff,B,training,T17,AI,,TRUE,5043,easy,TRUE,AI,TRUE,TRUE
bee198b3-1d6d-4c1e-9148-d31a510a3dff,B,training,T18,Human,,FALSE,4023,medium,FALSE,Human,,
bee198b3-1d6d-4c1e-9148-d31a510a3dff,B,training,T19,AI,,TRUE,3013,easy,TRUE,AI,TRUE,TRUE
bee198b3-1d6d-4c1e-9148-d31a510a3dff,B,training,T20,Human,,TRUE,6712,medium,TRUE,Human,TRUE,TRUE
bee198b3-1d6d-4c1e-9148-d31a510a3dff,B,test,X01,AI,,FALSE,6176,easy,FALSE,,,
bee198b3-1d6d-4c1e-9148-d31a510a3dff,B,test,X02,Human,,TRUE,5875,easy,FALSE,,,
bee198b3-1d6d-4c1e-9148-d31a510a3dff,B,test,X03,AI,,TRUE,6474,medium,FALSE,,,
bee198b3-1d6d-4c1e-9148-d31a510a3dff,B,test,X04,Human,,FALSE,7093,medium,FALSE,,,
bee198b3-1d6d-4c1e-9148-d31a510a3dff,B,test,X05,AI,,FALSE,12756,medium,FALSE,,,
bee198b3-1d6d-4c1e-9148-d31a510a3dff,B,test,X06,Human,,FALSE,7989,medium,FALSE,,,
bee198b3-1d6d-4c1e-9148-d31a510a3dff,B,test,X07,Human,,TRUE,5887,medium,FALSE,,,
bee198b3-1d6d-4c1e-9148-d31a510a3dff,B,test,X08,AI,,FALSE,5884,hard,FALSE,,,
bee198b3-1d6d-4c1e-9148-d31a510a3dff,B,test,X09,Human,,TRUE,4232,easy,FALSE,,,
bee198b3-1d6d-4c1e-9148-d31a510a3dff,B,test,X10,AI,,FALSE,6033,hard,FALSE,,,
b0dd3066-cb81-4dbc-a5d0-c4c0bdcc2e49,A,training,T01,AI,,TRUE,30713,medium,TRUE,AI,TRUE,TRUE
b0dd3066-cb81-4dbc-a5d0-c4c0bdcc2e49,A,training,T02,Human,,TRUE,11647,easy,TRUE,Human,TRUE,TRUE
b0dd3066-cb81-4dbc-a5d0-c4c0bdcc2e49,A,training,T03,AI,,FALSE,10403,medium,TRUE,AI,TRUE,FALSE
b0dd3066-cb81-4dbc-a5d0-c4c0bdcc2e49,A,training,T04,Human,,TRUE,27073,easy,TRUE,Human,TRUE,TRUE
b0dd3066-cb81-4dbc-a5d0-c4c0bdcc2e49,A,training,T05,AI,,TRUE,4929,medium,TRUE,AI,TRUE,TRUE
b0dd3066-cb81-4dbc-a5d0-c4c0bdcc2e49,A,training,T06,Human,,FALSE,21777,easy,TRUE,AI,FALSE,TRUE
b0dd3066-cb81-4dbc-a5d0-c4c0bdcc2e49,A,training,T07,AI,,TRUE,11330,medium,TRUE,AI,TRUE,TRUE
b0dd3066-cb81-4dbc-a5d0-c4c0bdcc2e49,A,training,T08,Human,,TRUE,20500,medium,TRUE,Human,TRUE,TRUE
b0dd3066-cb81-4dbc-a5d0-c4c0bdcc2e49,A,training,T09,AI,,TRUE,5205,medium,TRUE,AI,TRUE,TRUE
b0dd3066-cb81-4dbc-a5d0-c4c0bdcc2e49,A,training,T10,Human,,TRUE,8222,medium,TRUE,Human,TRUE,TRUE
b0dd3066-cb81-4dbc-a5d0-c4c0bdcc2e49,A,training,T11,AI,,TRUE,15200,medium,TRUE,AI,TRUE,TRUE
b0dd3066-cb81-4dbc-a5d0-c4c0bdcc2e49,A,training,T12,Human,,FALSE,24545,medium,TRUE,AI,FALSE,TRUE
b0dd3066-cb81-4dbc-a5d0-c4c0bdcc2e49,A,training,T13,AI,,TRUE,10001,medium,TRUE,Human,FALSE,FALSE
b0dd3066-cb81-4dbc-a5d0-c4c0bdcc2e49,A,training,T14,Human,,FALSE,14984,medium,TRUE,AI,FALSE,FALSE
b0dd3066-cb81-4dbc-a5d0-c4c0bdcc2e49,A,training,T15,Human,,TRUE,11968,easy,TRUE,Human,TRUE,TRUE
b0dd3066-cb81-4dbc-a5d0-c4c0bdcc2e49,A,training,T16,AI,,FALSE,6757,medium,TRUE,Human,FALSE,TRUE
b0dd3066-cb81-4dbc-a5d0-c4c0bdcc2e49,A,training,T17,AI,,TRUE,10725,easy,TRUE,AI,TRUE,TRUE
b0dd3066-cb81-4dbc-a5d0-c4c0bdcc2e49,A,training,T18,Human,,TRUE,11810,medium,TRUE,Human,TRUE,TRUE
b0dd3066-cb81-4dbc-a5d0-c4c0bdcc2e49,A,training,T19,AI,,TRUE,20714,easy,TRUE,AI,TRUE,TRUE
b0dd3066-cb81-4dbc-a5d0-c4c0bdcc2e49,A,training,T20,Human,,FALSE,8602,medium,TRUE,Human,TRUE,FALSE
b0dd3066-cb81-4dbc-a5d0-c4c0bdcc2e49,A,test,X01,AI,,FALSE,22804,easy,FALSE,,,
b0dd3066-cb81-4dbc-a5d0-c4c0bdcc2e49,A,test,X02,Human,,TRUE,6762,easy,FALSE,,,
b0dd3066-cb81-4dbc-a5d0-c4c0bdcc2e49,A,test,X03,AI,,TRUE,7820,medium,FALSE,,,
b0dd3066-cb81-4dbc-a5d0-c4c0bdcc2e49,A,test,X04,Human,,FALSE,12473,medium,FALSE,,,
b0dd3066-cb81-4dbc-a5d0-c4c0bdcc2e49,A,test,X05,AI,,FALSE,14397,medium,FALSE,,,
b0dd3066-cb81-4dbc-a5d0-c4c0bdcc2e49,A,test,X06,Human,,FALSE,12405,medium,FALSE,,,
b0dd3066-cb81-4dbc-a5d0-c4c0bdcc2e49,A,test,X07,Human,,FALSE,10927,medium,FALSE,,,
b0dd3066-cb81-4dbc-a5d0-c4c0bdcc2e49,A,test,X08,AI,,FALSE,12950,hard,FALSE,,,
b0dd3066-cb81-4dbc-a5d0-c4c0bdcc2e49,A,test,X09,Human,,TRUE,4708,easy,FALSE,,,
b0dd3066-cb81-4dbc-a5d0-c4c0bdcc2e49,A,test,X10,AI,,FALSE,17915,hard,FALSE,,,
ae4f037d-e8fb-4946-9bef-655daabcbfb7,B,training,T01,AI,,TRUE,25109,medium,TRUE,AI,TRUE,TRUE
ae4f037d-e8fb-4946-9bef-655daabcbfb7,B,training,T02,Human,,TRUE,4355,easy,TRUE,Human,TRUE,TRUE
ae4f037d-e8fb-4946-9bef-655daabcbfb7,B,training,T03,AI,,FALSE,12860,medium,FALSE,AI,,
ae4f037d-e8fb-4946-9bef-655daabcbfb7,B,training,T04,Human,,TRUE,2921,easy,TRUE,Human,TRUE,TRUE
ae4f037d-e8fb-4946-9bef-655daabcbfb7,B,training,T05,AI,,TRUE,407,medium,TRUE,AI,TRUE,TRUE
ae4f037d-e8fb-4946-9bef-655daabcbfb7,B,training,T06,Human,,FALSE,17776,easy,FALSE,AI,,
ae4f037d-e8fb-4946-9bef-655daabcbfb7,B,training,T07,AI,,TRUE,3486,medium,TRUE,AI,TRUE,TRUE
ae4f037d-e8fb-4946-9bef-655daabcbfb7,B,training,T08,Human,,TRUE,2269,medium,TRUE,Human,TRUE,TRUE
ae4f037d-e8fb-4946-9bef-655daabcbfb7,B,training,T09,AI,,FALSE,13169,medium,FALSE,AI,,
ae4f037d-e8fb-4946-9bef-655daabcbfb7,B,training,T10,Human,,TRUE,3783,medium,TRUE,Human,TRUE,TRUE
ae4f037d-e8fb-4946-9bef-655daabcbfb7,B,training,T11,AI,,TRUE,3012,medium,TRUE,AI,TRUE,TRUE
ae4f037d-e8fb-4946-9bef-655daabcbfb7,B,training,T12,Human,,FALSE,7946,medium,FALSE,AI,,
ae4f037d-e8fb-4946-9bef-655daabcbfb7,B,training,T13,AI,,TRUE,176,medium,TRUE,Human,FALSE,FALSE
ae4f037d-e8fb-4946-9bef-655daabcbfb7,B,training,T14,Human,,FALSE,4899,medium,TRUE,AI,FALSE,TRUE
ae4f037d-e8fb-4946-9bef-655daabcbfb7,B,training,T15,Human,,FALSE,7027,easy,FALSE,Human,,
ae4f037d-e8fb-4946-9bef-655daabcbfb7,B,training,T16,AI,,FALSE,1961,medium,TRUE,Human,FALSE,TRUE
ae4f037d-e8fb-4946-9bef-655daabcbfb7,B,training,T17,AI,,TRUE,3894,easy,TRUE,AI,TRUE,TRUE
ae4f037d-e8fb-4946-9bef-655daabcbfb7,B,training,T18,Human,,FALSE,9962,medium,FALSE,Human,,
ae4f037d-e8fb-4946-9bef-655daabcbfb7,B,training,T19,AI,,TRUE,1997,easy,TRUE,AI,TRUE,TRUE
ae4f037d-e8fb-4946-9bef-655daabcbfb7,B,training,T20,Human,,TRUE,3292,medium,TRUE,Human,TRUE,TRUE
ae4f037d-e8fb-4946-9bef-655daabcbfb7,B,test,X01,AI,,FALSE,6695,easy,FALSE,,,
ae4f037d-e8fb-4946-9bef-655daabcbfb7,B,test,X02,Human,,TRUE,6682,easy,FALSE,,,
ae4f037d-e8fb-4946-9bef-655daabcbfb7,B,test,X03,AI,,FALSE,10440,medium,FALSE,,,
ae4f037d-e8fb-4946-9bef-655daabcbfb7,B,test,X04,Human,,FALSE,12838,medium,FALSE,,,
ae4f037d-e8fb-4946-9bef-655daabcbfb7,B,test,X05,AI,,FALSE,10486,medium,FALSE,,,
ae4f037d-e8fb-4946-9bef-655daabcbfb7,B,test,X06,Human,,TRUE,5757,medium,FALSE,,,
ae4f037d-e8fb-4946-9bef-655daabcbfb7,B,test,X07,Human,,TRUE,5694,medium,FALSE,,,
ae4f037d-e8fb-4946-9bef-655daabcbfb7,B,test,X08,AI,,FALSE,1509,hard,FALSE,,,
ae4f037d-e8fb-4946-9bef-655daabcbfb7,B,test,X09,Human,,TRUE,5313,easy,FALSE,,,
ae4f037d-e8fb-4946-9bef-655daabcbfb7,B,test,X10,AI,,FALSE,6172,hard,FALSE,,,
08df161d-ff13-49c7-985d-b4e874e05772,B,training,T01,AI,,TRUE,57930,medium,TRUE,AI,TRUE,TRUE
08df161d-ff13-49c7-985d-b4e874e05772,B,training,T02,Human,,TRUE,16068,easy,TRUE,Human,TRUE,TRUE
08df161d-ff13-49c7-985d-b4e874e05772,B,training,T03,AI,,TRUE,10211,medium,FALSE,AI,,
08df161d-ff13-49c7-985d-b4e874e05772,B,training,T04,Human,,TRUE,9565,easy,TRUE,Human,TRUE,TRUE
08df161d-ff13-49c7-985d-b4e874e05772,B,training,T05,AI,,TRUE,9651,medium,TRUE,AI,TRUE,TRUE
08df161d-ff13-49c7-985d-b4e874e05772,B,training,T06,Human,,TRUE,11343,easy,FALSE,AI,,
08df161d-ff13-49c7-985d-b4e874e05772,B,training,T07,AI,,FALSE,9384,medium,TRUE,AI,TRUE,FALSE
08df161d-ff13-49c7-985d-b4e874e05772,B,training,T08,Human,,TRUE,3467,medium,TRUE,Human,TRUE,TRUE
08df161d-ff13-49c7-985d-b4e874e05772,B,training,T09,AI,,TRUE,9590,medium,FALSE,AI,,
08df161d-ff13-49c7-985d-b4e874e05772,B,training,T10,Human,,TRUE,9447,medium,TRUE,Human,TRUE,TRUE
08df161d-ff13-49c7-985d-b4e874e05772,B,training,T11,AI,,TRUE,9112,medium,TRUE,AI,TRUE,TRUE
08df161d-ff13-49c7-985d-b4e874e05772,B,training,T12,Human,,TRUE,10065,medium,FALSE,AI,,
08df161d-ff13-49c7-985d-b4e874e05772,B,training,T13,AI,,FALSE,2773,medium,TRUE,Human,FALSE,TRUE
08df161d-ff13-49c7-985d-b4e874e05772,B,training,T14,Human,,FALSE,3427,medium,TRUE,AI,FALSE,TRUE
08df161d-ff13-49c7-985d-b4e874e05772,B,training,T15,Human,,TRUE,9111,easy,FALSE,Human,,
08df161d-ff13-49c7-985d-b4e874e05772,B,training,T16,AI,,TRUE,11372,medium,TRUE,Human,FALSE,FALSE
08df161d-ff13-49c7-985d-b4e874e05772,B,training,T17,AI,,TRUE,10095,easy,TRUE,AI,TRUE,TRUE
08df161d-ff13-49c7-985d-b4e874e05772,B,training,T18,Human,,TRUE,10181,medium,FALSE,Human,,
08df161d-ff13-49c7-985d-b4e874e05772,B,training,T19,AI,,TRUE,20407,easy,TRUE,AI,TRUE,TRUE
08df161d-ff13-49c7-985d-b4e874e05772,B,training,T20,Human,,TRUE,4421,medium,TRUE,Human,TRUE,TRUE
08df161d-ff13-49c7-985d-b4e874e05772,B,test,X01,AI,,TRUE,23050,easy,FALSE,,,
08df161d-ff13-49c7-985d-b4e874e05772,B,test,X02,Human,,TRUE,9277,easy,FALSE,,,
08df161d-ff13-49c7-985d-b4e874e05772,B,test,X03,AI,,TRUE,12419,medium,FALSE,,,
08df161d-ff13-49c7-985d-b4e874e05772,B,test,X04,Human,,TRUE,15598,medium,FALSE,,,
08df161d-ff13-49c7-985d-b4e874e05772,B,test,X05,AI,,TRUE,9626,medium,FALSE,,,
08df161d-ff13-49c7-985d-b4e874e05772,B,test,X06,Human,,TRUE,7397,medium,FALSE,,,
08df161d-ff13-49c7-985d-b4e874e05772,B,test,X07,Human,,TRUE,10762,medium,FALSE,,,
08df161d-ff13-49c7-985d-b4e874e05772,B,test,X08,AI,,TRUE,7969,hard,FALSE,,,
08df161d-ff13-49c7-985d-b4e874e05772,B,test,X09,Human,,TRUE,9964,easy,FALSE,,,
08df161d-ff13-49c7-985d-b4e874e05772,B,test,X10,AI,,TRUE,11941,hard,FALSE,,,
6933d614-2dde-4d2b-bf30-ffb2d10939e2,A,training,T01,AI,,FALSE,5886,medium,TRUE,AI,TRUE,FALSE
6933d614-2dde-4d2b-bf30-ffb2d10939e2,A,training,T02,Human,,TRUE,1691,easy,TRUE,Human,TRUE,TRUE
6933d614-2dde-4d2b-bf30-ffb2d10939e2,A,training,T03,AI,,TRUE,1796,medium,TRUE,AI,TRUE,TRUE
6933d614-2dde-4d2b-bf30-ffb2d10939e2,A,training,T04,Human,,TRUE,1293,easy,TRUE,Human,TRUE,TRUE
6933d614-2dde-4d2b-bf30-ffb2d10939e2,A,training,T05,AI,,TRUE,1700,medium,TRUE,AI,TRUE,TRUE
6933d614-2dde-4d2b-bf30-ffb2d10939e2,A,training,T06,Human,,FALSE,2740,easy,TRUE,AI,FALSE,TRUE
6933d614-2dde-4d2b-bf30-ffb2d10939e2,A,training,T07,AI,,TRUE,1716,medium,TRUE,AI,TRUE,TRUE
6933d614-2dde-4d2b-bf30-ffb2d10939e2,A,training,T08,Human,,TRUE,1582,medium,TRUE,Human,TRUE,TRUE
6933d614-2dde-4d2b-bf30-ffb2d10939e2,A,training,T09,AI,,TRUE,1303,medium,TRUE,AI,TRUE,TRUE
6933d614-2dde-4d2b-bf30-ffb2d10939e2,A,training,T10,Human,,TRUE,5172,medium,TRUE,Human,TRUE,TRUE
6933d614-2dde-4d2b-bf30-ffb2d10939e2,A,training,T11,AI,,TRUE,2375,medium,TRUE,AI,TRUE,TRUE
6933d614-2dde-4d2b-bf30-ffb2d10939e2,A,training,T12,Human,,FALSE,1471,medium,TRUE,AI,FALSE,TRUE
6933d614-2dde-4d2b-bf30-ffb2d10939e2,A,training,T13,AI,,FALSE,1605,medium,TRUE,Human,FALSE,TRUE
6933d614-2dde-4d2b-bf30-ffb2d10939e2,A,training,T14,Human,,FALSE,1395,medium,TRUE,AI,FALSE,TRUE
6933d614-2dde-4d2b-bf30-ffb2d10939e2,A,training,T15,Human,,FALSE,1436,easy,TRUE,Human,TRUE,FALSE
6933d614-2dde-4d2b-bf30-ffb2d10939e2,A,training,T16,AI,,TRUE,1354,medium,TRUE,Human,FALSE,FALSE
6933d614-2dde-4d2b-bf30-ffb2d10939e2,A,training,T17,AI,,FALSE,990,easy,TRUE,AI,TRUE,FALSE
6933d614-2dde-4d2b-bf30-ffb2d10939e2,A,training,T18,Human,,TRUE,1250,medium,TRUE,Human,TRUE,TRUE
6933d614-2dde-4d2b-bf30-ffb2d10939e2,A,training,T19,AI,,TRUE,1535,easy,TRUE,AI,TRUE,TRUE
6933d614-2dde-4d2b-bf30-ffb2d10939e2,A,training,T20,Human,,TRUE,1051,medium,TRUE,Human,TRUE,TRUE
6933d614-2dde-4d2b-bf30-ffb2d10939e2,A,test,X01,AI,,FALSE,2718,easy,FALSE,,,
6933d614-2dde-4d2b-bf30-ffb2d10939e2,A,test,X02,Human,,FALSE,1030,easy,FALSE,,,
6933d614-2dde-4d2b-bf30-ffb2d10939e2,A,test,X03,AI,,FALSE,923,medium,FALSE,,,
6933d614-2dde-4d2b-bf30-ffb2d10939e2,A,test,X04,Human,,TRUE,604,medium,FALSE,,,
6933d614-2dde-4d2b-bf30-ffb2d10939e2,A,test,X05,AI,,TRUE,553,medium,FALSE,,,
6933d614-2dde-4d2b-bf30-ffb2d10939e2,A,test,X06,Human,,FALSE,2304,medium,FALSE,,,
6933d614-2dde-4d2b-bf30-ffb2d10939e2,A,test,X07,Human,,FALSE,1970,medium,FALSE,,,
6933d614-2dde-4d2b-bf30-ffb2d10939e2,A,test,X08,AI,,FALSE,573,hard,FALSE,,,
6933d614-2dde-4d2b-bf30-ffb2d10939e2,A,test,X09,Human,,FALSE,722,easy,FALSE,,,
6933d614-2dde-4d2b-bf30-ffb2d10939e2,A,test,X10,AI,,FALSE,565,hard,FALSE,,,
4c7cab58-81f0-4441-b449-51589dc7edd0,A,training,T01,AI,,TRUE,7998,medium,TRUE,AI,TRUE,TRUE
4c7cab58-81f0-4441-b449-51589dc7edd0,A,training,T02,Human,,TRUE,5913,easy,TRUE,Human,TRUE,TRUE
4c7cab58-81f0-4441-b449-51589dc7edd0,A,training,T03,AI,,TRUE,5542,medium,TRUE,AI,TRUE,TRUE
4c7cab58-81f0-4441-b449-51589dc7edd0,A,training,T04,Human,,TRUE,1969,easy,TRUE,Human,TRUE,TRUE
4c7cab58-81f0-4441-b449-51589dc7edd0,A,training,T05,AI,,TRUE,2325,medium,TRUE,AI,TRUE,TRUE
4c7cab58-81f0-4441-b449-51589dc7edd0,A,training,T06,Human,,FALSE,9851,easy,TRUE,AI,FALSE,TRUE
4c7cab58-81f0-4441-b449-51589dc7edd0,A,training,T07,AI,,TRUE,3949,medium,TRUE,AI,TRUE,TRUE
4c7cab58-81f0-4441-b449-51589dc7edd0,A,training,T08,Human,,TRUE,5316,medium,TRUE,Human,TRUE,TRUE
4c7cab58-81f0-4441-b449-51589dc7edd0,A,training,T09,AI,,TRUE,4343,medium,TRUE,AI,TRUE,TRUE
4c7cab58-81f0-4441-b449-51589dc7edd0,A,training,T10,Human,,TRUE,3619,medium,TRUE,Human,TRUE,TRUE
4c7cab58-81f0-4441-b449-51589dc7edd0,A,training,T11,AI,,TRUE,3682,medium,TRUE,AI,TRUE,TRUE
4c7cab58-81f0-4441-b449-51589dc7edd0,A,training,T12,Human,,FALSE,4608,medium,TRUE,AI,FALSE,TRUE
4c7cab58-81f0-4441-b449-51589dc7edd0,A,training,T13,AI,,TRUE,4374,medium,TRUE,Human,FALSE,FALSE
4c7cab58-81f0-4441-b449-51589dc7edd0,A,training,T14,Human,,FALSE,6658,medium,TRUE,AI,FALSE,TRUE
4c7cab58-81f0-4441-b449-51589dc7edd0,A,training,T15,Human,,TRUE,3232,easy,TRUE,Human,TRUE,TRUE
4c7cab58-81f0-4441-b449-51589dc7edd0,A,training,T16,AI,,TRUE,4833,medium,TRUE,Human,FALSE,FALSE
4c7cab58-81f0-4441-b449-51589dc7edd0,A,training,T17,AI,,TRUE,3911,easy,TRUE,AI,TRUE,TRUE
4c7cab58-81f0-4441-b449-51589dc7edd0,A,training,T18,Human,,TRUE,3464,medium,TRUE,Human,TRUE,TRUE
4c7cab58-81f0-4441-b449-51589dc7edd0,A,training,T19,AI,,TRUE,4464,easy,TRUE,AI,TRUE,TRUE
4c7cab58-81f0-4441-b449-51589dc7edd0,A,training,T20,Human,,TRUE,5812,medium,TRUE,Human,TRUE,TRUE
4c7cab58-81f0-4441-b449-51589dc7edd0,A,test,X01,AI,,TRUE,38018,easy,FALSE,,,
4c7cab58-81f0-4441-b449-51589dc7edd0,A,test,X02,Human,,TRUE,7950,easy,FALSE,,,
4c7cab58-81f0-4441-b449-51589dc7edd0,A,test,X03,AI,,TRUE,2762,medium,FALSE,,,
4c7cab58-81f0-4441-b449-51589dc7edd0,A,test,X04,Human,,FALSE,15698,medium,FALSE,,,
4c7cab58-81f0-4441-b449-51589dc7edd0,A,test,X05,AI,,TRUE,26470,medium,FALSE,,,
4c7cab58-81f0-4441-b449-51589dc7edd0,A,test,X06,Human,,TRUE,24810,medium,FALSE,,,
4c7cab58-81f0-4441-b449-51589dc7edd0,A,test,X07,Human,,TRUE,29823,medium,FALSE,,,
4c7cab58-81f0-4441-b449-51589dc7edd0,A,test,X08,AI,,TRUE,23964,hard,FALSE,,,
4c7cab58-81f0-4441-b449-51589dc7edd0,A,test,X09,Human,,TRUE,3663,easy,FALSE,,,
4c7cab58-81f0-4441-b449-51589dc7edd0,A,test,X10,AI,,TRUE,19110,hard,FALSE,,,
8c091793-5d2f-4564-912d-2a834cf0e0d9,A,training,T01,AI,,TRUE,31973,medium,TRUE,AI,TRUE,TRUE
8c091793-5d2f-4564-912d-2a834cf0e0d9,A,training,T02,Human,,TRUE,3516,easy,TRUE,Human,TRUE,TRUE
8c091793-5d2f-4564-912d-2a834cf0e0d9,A,training,T03,AI,,TRUE,2481,medium,TRUE,AI,TRUE,TRUE
8c091793-5d2f-4564-912d-2a834cf0e0d9,A,training,T04,Human,,TRUE,1878,easy,TRUE,Human,TRUE,TRUE
8c091793-5d2f-4564-912d-2a834cf0e0d9,A,training,T05,AI,,TRUE,2130,medium,TRUE,AI,TRUE,TRUE
8c091793-5d2f-4564-912d-2a834cf0e0d9,A,training,T06,Human,,FALSE,20124,easy,TRUE,AI,FALSE,TRUE
8c091793-5d2f-4564-912d-2a834cf0e0d9,A,training,T07,AI,,TRUE,4155,medium,TRUE,AI,TRUE,TRUE
8c091793-5d2f-4564-912d-2a834cf0e0d9,A,training,T08,Human,,TRUE,1785,medium,TRUE,Human,TRUE,TRUE
8c091793-5d2f-4564-912d-2a834cf0e0d9,A,training,T09,AI,,TRUE,2123,medium,TRUE,AI,TRUE,TRUE
8c091793-5d2f-4564-912d-2a834cf0e0d9,A,training,T10,Human,,TRUE,2301,medium,TRUE,Human,TRUE,TRUE
8c091793-5d2f-4564-912d-2a834cf0e0d9,A,training,T11,AI,,TRUE,2599,medium,TRUE,AI,TRUE,TRUE
8c091793-5d2f-4564-912d-2a834cf0e0d9,A,training,T12,Human,,FALSE,1771,medium,TRUE,AI,FALSE,TRUE
8c091793-5d2f-4564-912d-2a834cf0e0d9,A,training,T13,AI,,FALSE,2507,medium,TRUE,Human,FALSE,TRUE
8c091793-5d2f-4564-912d-2a834cf0e0d9,A,training,T14,Human,,FALSE,2988,medium,TRUE,AI,FALSE,TRUE
8c091793-5d2f-4564-912d-2a834cf0e0d9,A,training,T15,Human,,TRUE,237,easy,TRUE,Human,TRUE,TRUE
8c091793-5d2f-4564-912d-2a834cf0e0d9,A,training,T16,AI,,FALSE,1783,medium,TRUE,Human,FALSE,TRUE
8c091793-5d2f-4564-912d-2a834cf0e0d9,A,training,T17,AI,,FALSE,69,easy,TRUE,AI,TRUE,FALSE
8c091793-5d2f-4564-912d-2a834cf0e0d9,A,training,T18,Human,,FALSE,244,medium,TRUE,Human,TRUE,FALSE
8c091793-5d2f-4564-912d-2a834cf0e0d9,A,training,T19,AI,,TRUE,1720,easy,TRUE,AI,TRUE,TRUE
8c091793-5d2f-4564-912d-2a834cf0e0d9,A,training,T20,Human,,TRUE,1664,medium,TRUE,Human,TRUE,TRUE
8c091793-5d2f-4564-912d-2a834cf0e0d9,A,test,X01,AI,,TRUE,9161,easy,FALSE,,,
8c091793-5d2f-4564-912d-2a834cf0e0d9,A,test,X02,Human,,TRUE,4196,easy,FALSE,,,
8c091793-5d2f-4564-912d-2a834cf0e0d9,A,test,X03,AI,,TRUE,5650,medium,FALSE,,,
8c091793-5d2f-4564-912d-2a834cf0e0d9,A,test,X04,Human,,FALSE,17438,medium,FALSE,,,
8c091793-5d2f-4564-912d-2a834cf0e0d9,A,test,X05,AI,,TRUE,7092,medium,FALSE,,,
8c091793-5d2f-4564-912d-2a834cf0e0d9,A,test,X06,Human,,FALSE,2506,medium,FALSE,,,
8c091793-5d2f-4564-912d-2a834cf0e0d9,A,test,X07,Human,,TRUE,6463,medium,FALSE,,,
8c091793-5d2f-4564-912d-2a834cf0e0d9,A,test,X08,AI,,FALSE,2326,hard,FALSE,,,
8c091793-5d2f-4564-912d-2a834cf0e0d9,A,test,X09,Human,,FALSE,1065,easy,FALSE,,,
8c091793-5d2f-4564-912d-2a834cf0e0d9,A,test,X10,AI,,FALSE,1692,hard,FALSE,,,
fa85c29a-c5a1-4b02-93f4-8be798fa6daf,A,training,T01,AI,,TRUE,12344,medium,TRUE,AI,TRUE,TRUE
fa85c29a-c5a1-4b02-93f4-8be798fa6daf,A,training,T02,Human,,TRUE,2672,easy,TRUE,Human,TRUE,TRUE
fa85c29a-c5a1-4b02-93f4-8be798fa6daf,A,training,T03,AI,,TRUE,2106,medium,TRUE,AI,TRUE,TRUE
fa85c29a-c5a1-4b02-93f4-8be798fa6daf,A,training,T04,Human,,TRUE,2198,easy,TRUE,Human,TRUE,TRUE
fa85c29a-c5a1-4b02-93f4-8be798fa6daf,A,training,T05,AI,,TRUE,1814,medium,TRUE,AI,TRUE,TRUE
fa85c29a-c5a1-4b02-93f4-8be798fa6daf,A,training,T06,Human,,FALSE,1405,easy,TRUE,AI,FALSE,TRUE
fa85c29a-c5a1-4b02-93f4-8be798fa6daf,A,training,T07,AI,,TRUE,2065,medium,TRUE,AI,TRUE,TRUE
fa85c29a-c5a1-4b02-93f4-8be798fa6daf,A,training,T08,Human,,TRUE,1277,medium,TRUE,Human,TRUE,TRUE
fa85c29a-c5a1-4b02-93f4-8be798fa6daf,A,training,T09,AI,,TRUE,1390,medium,TRUE,AI,TRUE,TRUE
fa85c29a-c5a1-4b02-93f4-8be798fa6daf,A,training,T10,Human,,TRUE,1608,medium,TRUE,Human,TRUE,TRUE
fa85c29a-c5a1-4b02-93f4-8be798fa6daf,A,training,T11,AI,,TRUE,2035,medium,TRUE,AI,TRUE,TRUE
fa85c29a-c5a1-4b02-93f4-8be798fa6daf,A,training,T12,Human,,FALSE,2244,medium,TRUE,AI,FALSE,TRUE
fa85c29a-c5a1-4b02-93f4-8be798fa6daf,A,training,T13,AI,,FALSE,1732,medium,TRUE,Human,FALSE,TRUE
fa85c29a-c5a1-4b02-93f4-8be798fa6daf,A,training,T14,Human,,FALSE,1622,medium,TRUE,AI,FALSE,TRUE
fa85c29a-c5a1-4b02-93f4-8be798fa6daf,A,training,T15,Human,,TRUE,2166,easy,TRUE,Human,TRUE,TRUE
fa85c29a-c5a1-4b02-93f4-8be798fa6daf,A,training,T16,AI,,FALSE,1501,medium,TRUE,Human,FALSE,TRUE
fa85c29a-c5a1-4b02-93f4-8be798fa6daf,A,training,T17,AI,,TRUE,3208,easy,TRUE,AI,TRUE,TRUE
fa85c29a-c5a1-4b02-93f4-8be798fa6daf,A,training,T18,Human,,TRUE,2237,medium,TRUE,Human,TRUE,TRUE
fa85c29a-c5a1-4b02-93f4-8be798fa6daf,A,training,T19,AI,,TRUE,4378,easy,TRUE,AI,TRUE,TRUE
fa85c29a-c5a1-4b02-93f4-8be798fa6daf,A,training,T20,Human,,TRUE,1237,medium,TRUE,Human,TRUE,TRUE
fa85c29a-c5a1-4b02-93f4-8be798fa6daf,A,test,X01,AI,,TRUE,24795,easy,FALSE,,,
fa85c29a-c5a1-4b02-93f4-8be798fa6daf,A,test,X02,Human,,TRUE,23390,easy,FALSE,,,
fa85c29a-c5a1-4b02-93f4-8be798fa6daf,A,test,X03,AI,,TRUE,3242,medium,FALSE,,,
fa85c29a-c5a1-4b02-93f4-8be798fa6daf,A,test,X04,Human,,TRUE,19658,medium,FALSE,,,
fa85c29a-c5a1-4b02-93f4-8be798fa6daf,A,test,X05,AI,,TRUE,21000,medium,FALSE,,,
fa85c29a-c5a1-4b02-93f4-8be798fa6daf,A,test,X06,Human,,TRUE,21730,medium,FALSE,,,
fa85c29a-c5a1-4b02-93f4-8be798fa6daf,A,test,X07,Human,,TRUE,31965,medium,FALSE,,,
fa85c29a-c5a1-4b02-93f4-8be798fa6daf,A,test,X08,AI,,TRUE,35366,hard,FALSE,,,
fa85c29a-c5a1-4b02-93f4-8be798fa6daf,A,test,X09,Human,,TRUE,19838,easy,FALSE,,,
fa85c29a-c5a1-4b02-93f4-8be798fa6daf,A,test,X10,AI,,TRUE,37078,hard,FALSE,,,
410350e5-e9fc-4208-9271-004d5b7cd646,B,training,T01,AI,,TRUE,26919,medium,TRUE,AI,TRUE,TRUE
410350e5-e9fc-4208-9271-004d5b7cd646,B,training,T02,Human,,TRUE,29796,easy,TRUE,Human,TRUE,TRUE
410350e5-e9fc-4208-9271-004d5b7cd646,B,training,T03,AI,,TRUE,10864,medium,FALSE,AI,,
410350e5-e9fc-4208-9271-004d5b7cd646,B,training,T04,Human,,TRUE,6329,easy,TRUE,Human,TRUE,TRUE
410350e5-e9fc-4208-9271-004d5b7cd646,B,training,T05,AI,,TRUE,3306,medium,TRUE,AI,TRUE,TRUE
410350e5-e9fc-4208-9271-004d5b7cd646,B,training,T06,Human,,TRUE,13513,easy,FALSE,AI,,
410350e5-e9fc-4208-9271-004d5b7cd646,B,training,T07,AI,,TRUE,3875,medium,TRUE,AI,TRUE,TRUE
410350e5-e9fc-4208-9271-004d5b7cd646,B,training,T08,Human,,TRUE,2185,medium,TRUE,Human,TRUE,TRUE
410350e5-e9fc-4208-9271-004d5b7cd646,B,training,T09,AI,,TRUE,7036,medium,FALSE,AI,,
410350e5-e9fc-4208-9271-004d5b7cd646,B,training,T10,Human,,TRUE,2002,medium,TRUE,Human,TRUE,TRUE
410350e5-e9fc-4208-9271-004d5b7cd646,B,training,T11,AI,,TRUE,2489,medium,TRUE,AI,TRUE,TRUE
410350e5-e9fc-4208-9271-004d5b7cd646,B,training,T12,Human,,TRUE,9422,medium,FALSE,AI,,
410350e5-e9fc-4208-9271-004d5b7cd646,B,training,T13,AI,,FALSE,2895,medium,TRUE,Human,FALSE,TRUE
410350e5-e9fc-4208-9271-004d5b7cd646,B,training,T14,Human,,TRUE,41671,medium,TRUE,AI,FALSE,FALSE
410350e5-e9fc-4208-9271-004d5b7cd646,B,training,T15,Human,,TRUE,8224,easy,FALSE,Human,,
410350e5-e9fc-4208-9271-004d5b7cd646,B,training,T16,AI,,TRUE,6492,medium,TRUE,Human,FALSE,FALSE
410350e5-e9fc-4208-9271-004d5b7cd646,B,training,T17,AI,,TRUE,8447,easy,TRUE,AI,TRUE,TRUE
410350e5-e9fc-4208-9271-004d5b7cd646,B,training,T18,Human,,FALSE,392,medium,FALSE,Human,,
410350e5-e9fc-4208-9271-004d5b7cd646,B,training,T19,AI,,TRUE,14532,easy,TRUE,AI,TRUE,TRUE
410350e5-e9fc-4208-9271-004d5b7cd646,B,training,T20,Human,,TRUE,10266,medium,TRUE,Human,TRUE,TRUE
410350e5-e9fc-4208-9271-004d5b7cd646,B,test,X01,AI,,TRUE,14498,easy,FALSE,,,
410350e5-e9fc-4208-9271-004d5b7cd646,B,test,X02,Human,,TRUE,4621,easy,FALSE,,,
410350e5-e9fc-4208-9271-004d5b7cd646,B,test,X03,AI,,TRUE,7917,medium,FALSE,,,
410350e5-e9fc-4208-9271-004d5b7cd646,B,test,X04,Human,,TRUE,15863,medium,FALSE,,,
410350e5-e9fc-4208-9271-004d5b7cd646,B,test,X05,AI,,TRUE,8467,medium,FALSE,,,
410350e5-e9fc-4208-9271-004d5b7cd646,B,test,X06,Human,,TRUE,6427,medium,FALSE,,,
410350e5-e9fc-4208-9271-004d5b7cd646,B,test,X07,Human,,TRUE,14144,medium,FALSE,,,
410350e5-e9fc-4208-9271-004d5b7cd646,B,test,X08,AI,,TRUE,24456,hard,FALSE,,,
410350e5-e9fc-4208-9271-004d5b7cd646,B,test,X09,Human,,TRUE,8427,easy,FALSE,,,
410350e5-e9fc-4208-9271-004d5b7cd646,B,test,X10,AI,,TRUE,11006,hard,FALSE,,,
bc81e669-51f4-4c32-9778-a0c1fbda9484,A,training,T01,AI,,FALSE,7464,medium,TRUE,AI,TRUE,FALSE
bc81e669-51f4-4c32-9778-a0c1fbda9484,A,training,T02,Human,,TRUE,17502,easy,TRUE,Human,TRUE,TRUE
bc81e669-51f4-4c32-9778-a0c1fbda9484,A,training,T03,AI,,TRUE,9605,medium,TRUE,AI,TRUE,TRUE
bc81e669-51f4-4c32-9778-a0c1fbda9484,A,training,T04,Human,,TRUE,1452,easy,TRUE,Human,TRUE,TRUE
bc81e669-51f4-4c32-9778-a0c1fbda9484,A,training,T05,AI,,TRUE,1194,medium,TRUE,AI,TRUE,TRUE
bc81e669-51f4-4c32-9778-a0c1fbda9484,A,training,T06,Human,,FALSE,1109,easy,TRUE,AI,FALSE,TRUE
bc81e669-51f4-4c32-9778-a0c1fbda9484,A,training,T07,AI,,TRUE,3710,medium,TRUE,AI,TRUE,TRUE
bc81e669-51f4-4c32-9778-a0c1fbda9484,A,training,T08,Human,,TRUE,1588,medium,TRUE,Human,TRUE,TRUE
bc81e669-51f4-4c32-9778-a0c1fbda9484,A,training,T09,AI,,TRUE,1453,medium,TRUE,AI,TRUE,TRUE
bc81e669-51f4-4c32-9778-a0c1fbda9484,A,training,T10,Human,,TRUE,2161,medium,TRUE,Human,TRUE,TRUE
bc81e669-51f4-4c32-9778-a0c1fbda9484,A,training,T11,AI,,TRUE,2435,medium,TRUE,AI,TRUE,TRUE
bc81e669-51f4-4c32-9778-a0c1fbda9484,A,training,T12,Human,,FALSE,1571,medium,TRUE,AI,FALSE,TRUE
bc81e669-51f4-4c32-9778-a0c1fbda9484,A,training,T13,AI,,TRUE,3319,medium,TRUE,Human,FALSE,FALSE
bc81e669-51f4-4c32-9778-a0c1fbda9484,A,training,T14,Human,,FALSE,2786,medium,TRUE,AI,FALSE,FALSE
bc81e669-51f4-4c32-9778-a0c1fbda9484,A,training,T15,Human,,TRUE,2883,easy,TRUE,Human,TRUE,TRUE
bc81e669-51f4-4c32-9778-a0c1fbda9484,A,training,T16,AI,,FALSE,1574,medium,TRUE,Human,FALSE,TRUE
bc81e669-51f4-4c32-9778-a0c1fbda9484,A,training,T17,AI,,TRUE,2634,easy,TRUE,AI,TRUE,TRUE
bc81e669-51f4-4c32-9778-a0c1fbda9484,A,training,T18,Human,,TRUE,2571,medium,TRUE,Human,TRUE,TRUE
bc81e669-51f4-4c32-9778-a0c1fbda9484,A,training,T19,AI,,TRUE,1885,easy,TRUE,AI,TRUE,TRUE
bc81e669-51f4-4c32-9778-a0c1fbda9484,A,training,T20,Human,,TRUE,2170,medium,TRUE,Human,TRUE,TRUE
bc81e669-51f4-4c32-9778-a0c1fbda9484,A,test,X01,AI,,FALSE,7894,easy,FALSE,,,
bc81e669-51f4-4c32-9778-a0c1fbda9484,A,test,X02,Human,,TRUE,1211,easy,FALSE,,,
bc81e669-51f4-4c32-9778-a0c1fbda9484,A,test,X03,AI,,FALSE,661,medium,FALSE,,,
bc81e669-51f4-4c32-9778-a0c1fbda9484,A,test,X04,Human,,TRUE,577,medium,FALSE,,,
bc81e669-51f4-4c32-9778-a0c1fbda9484,A,test,X05,AI,,FALSE,503,medium,FALSE,,,
bc81e669-51f4-4c32-9778-a0c1fbda9484,A,test,X06,Human,,TRUE,649,medium,FALSE,,,
bc81e669-51f4-4c32-9778-a0c1fbda9484,A,test,X07,Human,,TRUE,669,medium,FALSE,,,
bc81e669-51f4-4c32-9778-a0c1fbda9484,A,test,X08,AI,,TRUE,657,hard,FALSE,,,
bc81e669-51f4-4c32-9778-a0c1fbda9484,A,test,X09,Human,,FALSE,481,easy,FALSE,,,
bc81e669-51f4-4c32-9778-a0c1fbda9484,A,test,X10,AI,,FALSE,1150,hard,FALSE,,,
ec8b707c-ce1e-48ec-8a2f-c44605773e52,B,training,T01,AI,,FALSE,881,medium,TRUE,AI,TRUE,FALSE
ec8b707c-ce1e-48ec-8a2f-c44605773e52,B,training,T02,Human,,TRUE,746,easy,TRUE,Human,TRUE,TRUE
ec8b707c-ce1e-48ec-8a2f-c44605773e52,B,training,T03,AI,,FALSE,586,medium,FALSE,AI,,
ec8b707c-ce1e-48ec-8a2f-c44605773e52,B,training,T04,Human,,TRUE,442,easy,TRUE,Human,TRUE,TRUE
ec8b707c-ce1e-48ec-8a2f-c44605773e52,B,training,T05,AI,,FALSE,557,medium,TRUE,AI,TRUE,FALSE
ec8b707c-ce1e-48ec-8a2f-c44605773e52,B,training,T06,Human,,FALSE,932,easy,FALSE,AI,,
ec8b707c-ce1e-48ec-8a2f-c44605773e52,B,training,T07,AI,,FALSE,458,medium,TRUE,AI,TRUE,FALSE
ec8b707c-ce1e-48ec-8a2f-c44605773e52,B,training,T08,Human,,FALSE,6202,medium,TRUE,Human,TRUE,FALSE
ec8b707c-ce1e-48ec-8a2f-c44605773e52,B,training,T09,AI,,FALSE,416,medium,FALSE,AI,,
ec8b707c-ce1e-48ec-8a2f-c44605773e52,B,training,T10,Human,,FALSE,337,medium,TRUE,Human,TRUE,FALSE
ec8b707c-ce1e-48ec-8a2f-c44605773e52,B,training,T11,AI,,FALSE,653,medium,TRUE,AI,TRUE,FALSE
ec8b707c-ce1e-48ec-8a2f-c44605773e52,B,training,T12,Human,,FALSE,111,medium,FALSE,AI,,
ec8b707c-ce1e-48ec-8a2f-c44605773e52,B,training,T13,AI,,TRUE,474,medium,TRUE,Human,FALSE,FALSE
ec8b707c-ce1e-48ec-8a2f-c44605773e52,B,training,T14,Human,,FALSE,405,medium,TRUE,AI,FALSE,FALSE
ec8b707c-ce1e-48ec-8a2f-c44605773e52,B,training,T15,Human,,TRUE,744,easy,FALSE,Human,,
ec8b707c-ce1e-48ec-8a2f-c44605773e52,B,training,T16,AI,,FALSE,648,medium,TRUE,Human,FALSE,TRUE
ec8b707c-ce1e-48ec-8a2f-c44605773e52,B,training,T17,AI,,TRUE,1123,easy,TRUE,AI,TRUE,TRUE
ec8b707c-ce1e-48ec-8a2f-c44605773e52,B,training,T18,Human,,TRUE,346,medium,FALSE,Human,,
ec8b707c-ce1e-48ec-8a2f-c44605773e52,B,training,T19,AI,,FALSE,327,easy,TRUE,AI,TRUE,FALSE
ec8b707c-ce1e-48ec-8a2f-c44605773e52,B,training,T20,Human,,FALSE,623,medium,TRUE,Human,TRUE,FALSE
ec8b707c-ce1e-48ec-8a2f-c44605773e52,B,test,X01,AI,,FALSE,869,easy,FALSE,,,
ec8b707c-ce1e-48ec-8a2f-c44605773e52,B,test,X02,Human,,FALSE,605,easy,FALSE,,,
ec8b707c-ce1e-48ec-8a2f-c44605773e52,B,test,X03,AI,,FALSE,145,medium,FALSE,,,
ec8b707c-ce1e-48ec-8a2f-c44605773e52,B,test,X04,Human,,TRUE,118,medium,FALSE,,,
ec8b707c-ce1e-48ec-8a2f-c44605773e52,B,test,X05,AI,,TRUE,73,medium,FALSE,,,
ec8b707c-ce1e-48ec-8a2f-c44605773e52,B,test,X06,Human,,FALSE,139,medium,FALSE,,,
ec8b707c-ce1e-48ec-8a2f-c44605773e52,B,test,X07,Human,,FALSE,81,medium,FALSE,,,
ec8b707c-ce1e-48ec-8a2f-c44605773e52,B,test,X08,AI,,FALSE,124,hard,FALSE,,,
ec8b707c-ce1e-48ec-8a2f-c44605773e52,B,test,X09,Human,,FALSE,231,easy,FALSE,,,
ec8b707c-ce1e-48ec-8a2f-c44605773e52,B,test,X10,AI,,FALSE,281,hard,FALSE,,,
50eead95-ed86-422e-b12a-51010c7c8361,B,training,T01,AI,,TRUE,6737,medium,TRUE,AI,TRUE,TRUE
50eead95-ed86-422e-b12a-51010c7c8361,B,training,T02,Human,,TRUE,5908,easy,TRUE,Human,TRUE,TRUE
50eead95-ed86-422e-b12a-51010c7c8361,B,training,T03,AI,,TRUE,12253,medium,FALSE,AI,,
50eead95-ed86-422e-b12a-51010c7c8361,B,training,T04,Human,,TRUE,3453,easy,TRUE,Human,TRUE,TRUE
50eead95-ed86-422e-b12a-51010c7c8361,B,training,T05,AI,,TRUE,10733,medium,TRUE,AI,TRUE,TRUE
50eead95-ed86-422e-b12a-51010c7c8361,B,training,T06,Human,,TRUE,11231,easy,FALSE,AI,,
50eead95-ed86-422e-b12a-51010c7c8361,B,training,T07,AI,,TRUE,7207,medium,TRUE,AI,TRUE,TRUE
50eead95-ed86-422e-b12a-51010c7c8361,B,training,T08,Human,,TRUE,5664,medium,TRUE,Human,TRUE,TRUE
50eead95-ed86-422e-b12a-51010c7c8361,B,training,T09,AI,,FALSE,9930,medium,FALSE,AI,,
50eead95-ed86-422e-b12a-51010c7c8361,B,training,T10,Human,,TRUE,6943,medium,TRUE,Human,TRUE,TRUE
50eead95-ed86-422e-b12a-51010c7c8361,B,training,T11,AI,,TRUE,2092,medium,TRUE,AI,TRUE,TRUE
50eead95-ed86-422e-b12a-51010c7c8361,B,training,T12,Human,,TRUE,13582,medium,FALSE,AI,,
50eead95-ed86-422e-b12a-51010c7c8361,B,training,T13,AI,,TRUE,13530,medium,TRUE,Human,FALSE,FALSE
50eead95-ed86-422e-b12a-51010c7c8361,B,training,T14,Human,,TRUE,12590,medium,TRUE,AI,FALSE,FALSE
50eead95-ed86-422e-b12a-51010c7c8361,B,training,T15,Human,,FALSE,5442,easy,FALSE,Human,,
50eead95-ed86-422e-b12a-51010c7c8361,B,training,T16,AI,,TRUE,13682,medium,TRUE,Human,FALSE,FALSE
50eead95-ed86-422e-b12a-51010c7c8361,B,training,T17,AI,,TRUE,2192,easy,TRUE,AI,TRUE,TRUE
50eead95-ed86-422e-b12a-51010c7c8361,B,training,T18,Human,,TRUE,11137,medium,FALSE,Human,,
50eead95-ed86-422e-b12a-51010c7c8361,B,training,T19,AI,,TRUE,10361,easy,TRUE,AI,TRUE,TRUE
50eead95-ed86-422e-b12a-51010c7c8361,B,training,T20,Human,,TRUE,5574,medium,TRUE,Human,TRUE,TRUE
50eead95-ed86-422e-b12a-51010c7c8361,B,test,X01,AI,,TRUE,14475,easy,FALSE,,,
50eead95-ed86-422e-b12a-51010c7c8361,B,test,X02,Human,,TRUE,5731,easy,FALSE,,,
50eead95-ed86-422e-b12a-51010c7c8361,B,test,X03,AI,,TRUE,11732,medium,FALSE,,,
50eead95-ed86-422e-b12a-51010c7c8361,B,test,X04,Human,,TRUE,7792,medium,FALSE,,,
50eead95-ed86-422e-b12a-51010c7c8361,B,test,X05,AI,,TRUE,9932,medium,FALSE,,,
50eead95-ed86-422e-b12a-51010c7c8361,B,test,X06,Human,,TRUE,12795,medium,FALSE,,,
50eead95-ed86-422e-b12a-51010c7c8361,B,test,X07,Human,,TRUE,10838,medium,FALSE,,,
50eead95-ed86-422e-b12a-51010c7c8361,B,test,X08,AI,,TRUE,9470,hard,FALSE,,,
50eead95-ed86-422e-b12a-51010c7c8361,B,test,X09,Human,,TRUE,11124,easy,FALSE,,,
50eead95-ed86-422e-b12a-51010c7c8361,B,test,X10,AI,,FALSE,4152,hard,FALSE,,,
5402838e-ae4e-4e1a-91da-0def049ecc90,B,training,T01,AI,,TRUE,2843,medium,TRUE,AI,TRUE,TRUE
5402838e-ae4e-4e1a-91da-0def049ecc90,B,training,T02,Human,,TRUE,1776,easy,TRUE,Human,TRUE,TRUE
5402838e-ae4e-4e1a-91da-0def049ecc90,B,training,T03,AI,,TRUE,16261,medium,FALSE,AI,,
5402838e-ae4e-4e1a-91da-0def049ecc90,B,training,T04,Human,,TRUE,1985,easy,TRUE,Human,TRUE,TRUE
5402838e-ae4e-4e1a-91da-0def049ecc90,B,training,T05,AI,,TRUE,1590,medium,TRUE,AI,TRUE,TRUE
5402838e-ae4e-4e1a-91da-0def049ecc90,B,training,T06,Human,,TRUE,21961,easy,FALSE,AI,,
5402838e-ae4e-4e1a-91da-0def049ecc90,B,training,T07,AI,,TRUE,6181,medium,TRUE,AI,TRUE,TRUE
5402838e-ae4e-4e1a-91da-0def049ecc90,B,training,T08,Human,,TRUE,2287,medium,TRUE,Human,TRUE,TRUE
5402838e-ae4e-4e1a-91da-0def049ecc90,B,training,T09,AI,,TRUE,8567,medium,FALSE,AI,,
5402838e-ae4e-4e1a-91da-0def049ecc90,B,training,T10,Human,,TRUE,7503,medium,TRUE,Human,TRUE,TRUE
5402838e-ae4e-4e1a-91da-0def049ecc90,B,training,T11,AI,,TRUE,7314,medium,TRUE,AI,TRUE,TRUE
5402838e-ae4e-4e1a-91da-0def049ecc90,B,training,T12,Human,,TRUE,8362,medium,FALSE,AI,,
5402838e-ae4e-4e1a-91da-0def049ecc90,B,training,T13,AI,,TRUE,1491,medium,TRUE,Human,FALSE,FALSE
5402838e-ae4e-4e1a-91da-0def049ecc90,B,training,T14,Human,,TRUE,8412,medium,TRUE,AI,FALSE,FALSE
5402838e-ae4e-4e1a-91da-0def049ecc90,B,training,T15,Human,,TRUE,4123,easy,FALSE,Human,,
5402838e-ae4e-4e1a-91da-0def049ecc90,B,training,T16,AI,,TRUE,2531,medium,TRUE,Human,FALSE,FALSE
5402838e-ae4e-4e1a-91da-0def049ecc90,B,training,T17,AI,,TRUE,2166,easy,TRUE,AI,TRUE,TRUE
5402838e-ae4e-4e1a-91da-0def049ecc90,B,training,T18,Human,,TRUE,3030,medium,FALSE,Human,,
5402838e-ae4e-4e1a-91da-0def049ecc90,B,training,T19,AI,,FALSE,1924,easy,TRUE,AI,TRUE,FALSE
5402838e-ae4e-4e1a-91da-0def049ecc90,B,training,T20,Human,,TRUE,2484,medium,TRUE,Human,TRUE,TRUE
5402838e-ae4e-4e1a-91da-0def049ecc90,B,test,X01,AI,,TRUE,3583,easy,FALSE,,,
5402838e-ae4e-4e1a-91da-0def049ecc90,B,test,X02,Human,,TRUE,1165,easy,FALSE,,,
5402838e-ae4e-4e1a-91da-0def049ecc90,B,test,X03,AI,,TRUE,1726,medium,FALSE,,,
5402838e-ae4e-4e1a-91da-0def049ecc90,B,test,X04,Human,,TRUE,2631,medium,FALSE,,,
5402838e-ae4e-4e1a-91da-0def049ecc90,B,test,X05,AI,,TRUE,2561,medium,FALSE,,,
5402838e-ae4e-4e1a-91da-0def049ecc90,B,test,X06,Human,,TRUE,1588,medium,FALSE,,,
5402838e-ae4e-4e1a-91da-0def049ecc90,B,test,X07,Human,,TRUE,1274,medium,FALSE,,,
5402838e-ae4e-4e1a-91da-0def049ecc90,B,test,X08,AI,,TRUE,2421,hard,FALSE,,,
5402838e-ae4e-4e1a-91da-0def049ecc90,B,test,X09,Human,,TRUE,1448,easy,FALSE,,,
5402838e-ae4e-4e1a-91da-0def049ecc90,B,test,X10,AI,,TRUE,1309,hard,FALSE,,,
3257ffa5-f2dd-41c2-bf41-13c196b1286d,B,training,T01,AI,,TRUE,18222,medium,TRUE,AI,TRUE,TRUE
3257ffa5-f2dd-41c2-bf41-13c196b1286d,B,training,T02,Human,,TRUE,9493,easy,TRUE,Human,TRUE,TRUE
3257ffa5-f2dd-41c2-bf41-13c196b1286d,B,training,T03,AI,,TRUE,36432,medium,FALSE,AI,,
3257ffa5-f2dd-41c2-bf41-13c196b1286d,B,training,T04,Human,,TRUE,14108,easy,TRUE,Human,TRUE,TRUE
3257ffa5-f2dd-41c2-bf41-13c196b1286d,B,training,T05,AI,,FALSE,19609,medium,TRUE,AI,TRUE,FALSE
3257ffa5-f2dd-41c2-bf41-13c196b1286d,B,training,T06,Human,,TRUE,20231,easy,FALSE,AI,,
3257ffa5-f2dd-41c2-bf41-13c196b1286d,B,training,T07,AI,,FALSE,23638,medium,TRUE,AI,TRUE,FALSE
3257ffa5-f2dd-41c2-bf41-13c196b1286d,B,training,T08,Human,,FALSE,13943,medium,TRUE,Human,TRUE,FALSE
3257ffa5-f2dd-41c2-bf41-13c196b1286d,B,training,T09,AI,,FALSE,17881,medium,FALSE,AI,,
3257ffa5-f2dd-41c2-bf41-13c196b1286d,B,training,T10,Human,,TRUE,19888,medium,TRUE,Human,TRUE,TRUE
3257ffa5-f2dd-41c2-bf41-13c196b1286d,B,training,T11,AI,,TRUE,27022,medium,TRUE,AI,TRUE,TRUE
3257ffa5-f2dd-41c2-bf41-13c196b1286d,B,training,T12,Human,,TRUE,35462,medium,FALSE,AI,,
3257ffa5-f2dd-41c2-bf41-13c196b1286d,B,training,T13,AI,,TRUE,20716,medium,TRUE,Human,FALSE,FALSE
3257ffa5-f2dd-41c2-bf41-13c196b1286d,B,training,T14,Human,,FALSE,16491,medium,TRUE,AI,FALSE,TRUE
3257ffa5-f2dd-41c2-bf41-13c196b1286d,B,training,T15,Human,,TRUE,48,easy,FALSE,Human,,
3257ffa5-f2dd-41c2-bf41-13c196b1286d,B,training,T16,AI,,TRUE,18930,medium,TRUE,Human,FALSE,FALSE
3257ffa5-f2dd-41c2-bf41-13c196b1286d,B,training,T17,AI,,TRUE,4570,easy,TRUE,AI,TRUE,TRUE
3257ffa5-f2dd-41c2-bf41-13c196b1286d,B,training,T18,Human,,TRUE,7607,medium,FALSE,Human,,
3257ffa5-f2dd-41c2-bf41-13c196b1286d,B,training,T19,AI,,TRUE,8373,easy,TRUE,AI,TRUE,TRUE
3257ffa5-f2dd-41c2-bf41-13c196b1286d,B,training,T20,Human,,TRUE,18393,medium,TRUE,Human,TRUE,TRUE
3257ffa5-f2dd-41c2-bf41-13c196b1286d,B,test,X01,AI,,TRUE,12435,easy,FALSE,,,
3257ffa5-f2dd-41c2-bf41-13c196b1286d,B,test,X02,Human,,TRUE,4553,easy,FALSE,,,
3257ffa5-f2dd-41c2-bf41-13c196b1286d,B,test,X03,AI,,TRUE,6557,medium,FALSE,,,
3257ffa5-f2dd-41c2-bf41-13c196b1286d,B,test,X04,Human,,FALSE,7557,medium,FALSE,,,
3257ffa5-f2dd-41c2-bf41-13c196b1286d,B,test,X05,AI,,FALSE,10250,medium,FALSE,,,
3257ffa5-f2dd-41c2-bf41-13c196b1286d,B,test,X06,Human,,FALSE,8435,medium,FALSE,,,
3257ffa5-f2dd-41c2-bf41-13c196b1286d,B,test,X07,Human,,TRUE,21652,medium,FALSE,,,
3257ffa5-f2dd-41c2-bf41-13c196b1286d,B,test,X08,AI,,TRUE,51214,hard,FALSE,,,
3257ffa5-f2dd-41c2-bf41-13c196b1286d,B,test,X09,Human,,TRUE,8213,easy,FALSE,,,
3257ffa5-f2dd-41c2-bf41-13c196b1286d,B,test,X10,AI,,TRUE,20105,hard,FALSE,,,
92ad5c49-5143-46c6-8cf2-23b4ae64510e,A,training,T01,,,TRUE,10414,medium,TRUE,AI,TRUE,TRUE
92ad5c49-5143-46c6-8cf2-23b4ae64510e,A,training,T02,,,TRUE,9227,easy,TRUE,Human,TRUE,TRUE
92ad5c49-5143-46c6-8cf2-23b4ae64510e,A,training,T03,,,FALSE,10844,medium,TRUE,AI,TRUE,FALSE
92ad5c49-5143-46c6-8cf2-23b4ae64510e,A,training,T04,,,FALSE,6649,easy,TRUE,Human,TRUE,FALSE
92ad5c49-5143-46c6-8cf2-23b4ae64510e,A,training,T05,,,TRUE,2344,medium,TRUE,AI,TRUE,TRUE
92ad5c49-5143-46c6-8cf2-23b4ae64510e,A,training,T06,,,TRUE,9847,easy,TRUE,AI,FALSE,FALSE
92ad5c49-5143-46c6-8cf2-23b4ae64510e,A,training,T07,,,FALSE,5368,medium,TRUE,AI,TRUE,FALSE
92ad5c49-5143-46c6-8cf2-23b4ae64510e,A,training,T08,,,TRUE,7509,medium,TRUE,Human,TRUE,TRUE
92ad5c49-5143-46c6-8cf2-23b4ae64510e,A,training,T09,,,FALSE,455537,medium,TRUE,AI,TRUE,FALSE
92ad5c49-5143-46c6-8cf2-23b4ae64510e,A,training,T10,,,TRUE,3573,medium,TRUE,Human,TRUE,TRUE
92ad5c49-5143-46c6-8cf2-23b4ae64510e,A,training,T11,,,FALSE,3665,medium,TRUE,AI,TRUE,FALSE
92ad5c49-5143-46c6-8cf2-23b4ae64510e,A,training,T12,,,TRUE,12892,medium,TRUE,AI,FALSE,FALSE
92ad5c49-5143-46c6-8cf2-23b4ae64510e,A,training,T13,,,FALSE,8450,medium,TRUE,Human,FALSE,TRUE
92ad5c49-5143-46c6-8cf2-23b4ae64510e,A,training,T14,,,TRUE,10494,medium,TRUE,AI,FALSE,FALSE
92ad5c49-5143-46c6-8cf2-23b4ae64510e,A,training,T15,,,FALSE,6999,easy,TRUE,Human,TRUE,FALSE
92ad5c49-5143-46c6-8cf2-23b4ae64510e,A,training,T16,,,FALSE,5710,medium,TRUE,Human,FALSE,FALSE
92ad5c49-5143-46c6-8cf2-23b4ae64510e,A,training,T17,,,TRUE,9033,easy,TRUE,AI,TRUE,TRUE
92ad5c49-5143-46c6-8cf2-23b4ae64510e,A,training,T18,,,FALSE,3067,medium,TRUE,Human,TRUE,FALSE
92ad5c49-5143-46c6-8cf2-23b4ae64510e,A,training,T19,,,FALSE,4150,easy,TRUE,AI,TRUE,FALSE
92ad5c49-5143-46c6-8cf2-23b4ae64510e,A,training,T20,,,TRUE,9100,medium,TRUE,Human,TRUE,TRUE
92ad5c49-5143-46c6-8cf2-23b4ae64510e,A,test,X01,,,TRUE,7399,easy,FALSE,,,
92ad5c49-5143-46c6-8cf2-23b4ae64510e,A,test,X02,,,TRUE,5968,easy,FALSE,,,
92ad5c49-5143-46c6-8cf2-23b4ae64510e,A,test,X03,,,FALSE,14703,medium,FALSE,,,
92ad5c49-5143-46c6-8cf2-23b4ae64510e,A,test,X04,,,FALSE,9001,medium,FALSE,,,
92ad5c49-5143-46c6-8cf2-23b4ae64510e,A,test,X05,,,FALSE,8663,medium,FALSE,,,
92ad5c49-5143-46c6-8cf2-23b4ae64510e,A,test,X06,,,FALSE,9057,medium,FALSE,,,
92ad5c49-5143-46c6-8cf2-23b4ae64510e,A,test,X07,,,FALSE,5702,medium,FALSE,,,
92ad5c49-5143-46c6-8cf2-23b4ae64510e,A,test,X08,,,FALSE,8411,hard,FALSE,,,
92ad5c49-5143-46c6-8cf2-23b4ae64510e,A,test,X09,,,TRUE,5814,easy,FALSE,,,
92ad5c49-5143-46c6-8cf2-23b4ae64510e,A,test,X10,,,FALSE,12484,hard,FALSE,,,
aecd96bc-6bcc-4c6a-95f9-a2f4b50ce8cd,B,training,T01,,,FALSE,10788,medium,TRUE,AI,TRUE,FALSE
aecd96bc-6bcc-4c6a-95f9-a2f4b50ce8cd,B,training,T02,,,FALSE,51605,easy,TRUE,Human,TRUE,FALSE
aecd96bc-6bcc-4c6a-95f9-a2f4b50ce8cd,B,training,T03,,,FALSE,8339,medium,FALSE,AI,,
aecd96bc-6bcc-4c6a-95f9-a2f4b50ce8cd,B,training,T04,,,TRUE,9255,easy,TRUE,Human,TRUE,TRUE
aecd96bc-6bcc-4c6a-95f9-a2f4b50ce8cd,B,training,T05,,,TRUE,5762,medium,TRUE,AI,TRUE,TRUE
aecd96bc-6bcc-4c6a-95f9-a2f4b50ce8cd,B,training,T06,,,FALSE,13581,easy,FALSE,AI,,
aecd96bc-6bcc-4c6a-95f9-a2f4b50ce8cd,B,training,T07,,,TRUE,2856,medium,TRUE,AI,TRUE,TRUE
aecd96bc-6bcc-4c6a-95f9-a2f4b50ce8cd,B,training,T08,,,FALSE,7717,medium,TRUE,Human,TRUE,FALSE
aecd96bc-6bcc-4c6a-95f9-a2f4b50ce8cd,B,training,T09,,,FALSE,17508,medium,FALSE,AI,,
aecd96bc-6bcc-4c6a-95f9-a2f4b50ce8cd,B,training,T10,,,TRUE,4452,medium,TRUE,Human,TRUE,TRUE
aecd96bc-6bcc-4c6a-95f9-a2f4b50ce8cd,B,training,T11,,,TRUE,5537,medium,TRUE,AI,TRUE,TRUE
aecd96bc-6bcc-4c6a-95f9-a2f4b50ce8cd,B,training,T12,,,TRUE,8144,medium,FALSE,AI,,
aecd96bc-6bcc-4c6a-95f9-a2f4b50ce8cd,B,training,T13,,,FALSE,5727,medium,TRUE,Human,FALSE,FALSE
aecd96bc-6bcc-4c6a-95f9-a2f4b50ce8cd,B,training,T14,,,TRUE,4625,medium,TRUE,AI,FALSE,FALSE
aecd96bc-6bcc-4c6a-95f9-a2f4b50ce8cd,B,training,T15,,,TRUE,3829,easy,FALSE,Human,,
aecd96bc-6bcc-4c6a-95f9-a2f4b50ce8cd,B,training,T16,,,FALSE,5480,medium,TRUE,Human,FALSE,TRUE
aecd96bc-6bcc-4c6a-95f9-a2f4b50ce8cd,B,training,T17,,,FALSE,1551,easy,TRUE,AI,TRUE,FALSE
aecd96bc-6bcc-4c6a-95f9-a2f4b50ce8cd,B,training,T18,,,TRUE,4046,medium,FALSE,Human,,
aecd96bc-6bcc-4c6a-95f9-a2f4b50ce8cd,B,training,T19,,,TRUE,2197,easy,TRUE,AI,TRUE,TRUE
aecd96bc-6bcc-4c6a-95f9-a2f4b50ce8cd,B,training,T20,,,TRUE,54396,medium,TRUE,Human,TRUE,TRUE
aecd96bc-6bcc-4c6a-95f9-a2f4b50ce8cd,B,test,X01,,,TRUE,3675,easy,FALSE,,,
aecd96bc-6bcc-4c6a-95f9-a2f4b50ce8cd,B,test,X02,,,TRUE,3956,easy,FALSE,,,
aecd96bc-6bcc-4c6a-95f9-a2f4b50ce8cd,B,test,X03,,,TRUE,7933,medium,FALSE,,,
aecd96bc-6bcc-4c6a-95f9-a2f4b50ce8cd,B,test,X04,,,FALSE,7730,medium,FALSE,,,
aecd96bc-6bcc-4c6a-95f9-a2f4b50ce8cd,B,test,X05,,,FALSE,18782,medium,FALSE,,,
aecd96bc-6bcc-4c6a-95f9-a2f4b50ce8cd,B,test,X06,,,TRUE,15711,medium,FALSE,,,
aecd96bc-6bcc-4c6a-95f9-a2f4b50ce8cd,B,test,X07,,,FALSE,5138,medium,FALSE,,,
aecd96bc-6bcc-4c6a-95f9-a2f4b50ce8cd,B,test,X08,,,FALSE,8136,hard,FALSE,,,
aecd96bc-6bcc-4c6a-95f9-a2f4b50ce8cd,B,test,X09,,,TRUE,3102,easy,FALSE,,,
aecd96bc-6bcc-4c6a-95f9-a2f4b50ce8cd,B,test,X10,,,FALSE,8921,hard,FALSE,,,
22ca547a-b1c9-4675-9b20-1e0ef88b40eb,B,training,T01,,,TRUE,9502,medium,TRUE,AI,TRUE,TRUE
22ca547a-b1c9-4675-9b20-1e0ef88b40eb,B,training,T02,,,TRUE,6337,easy,TRUE,Human,TRUE,TRUE
22ca547a-b1c9-4675-9b20-1e0ef88b40eb,B,training,T03,,,FALSE,8568,medium,FALSE,AI,,
22ca547a-b1c9-4675-9b20-1e0ef88b40eb,B,training,T04,,,TRUE,2732,easy,TRUE,Human,TRUE,TRUE
22ca547a-b1c9-4675-9b20-1e0ef88b40eb,B,training,T05,,,TRUE,4353,medium,TRUE,AI,TRUE,TRUE
22ca547a-b1c9-4675-9b20-1e0ef88b40eb,B,training,T06,,,TRUE,13032,easy,FALSE,AI,,
22ca547a-b1c9-4675-9b20-1e0ef88b40eb,B,training,T07,,,TRUE,2339,medium,TRUE,AI,TRUE,TRUE
22ca547a-b1c9-4675-9b20-1e0ef88b40eb,B,training,T08,,,TRUE,1974,medium,TRUE,Human,TRUE,TRUE
22ca547a-b1c9-4675-9b20-1e0ef88b40eb,B,training,T09,,,FALSE,7901,medium,FALSE,AI,,
22ca547a-b1c9-4675-9b20-1e0ef88b40eb,B,training,T10,,,TRUE,1810,medium,TRUE,Human,TRUE,TRUE
22ca547a-b1c9-4675-9b20-1e0ef88b40eb,B,training,T11,,,TRUE,3104,medium,TRUE,AI,TRUE,TRUE
22ca547a-b1c9-4675-9b20-1e0ef88b40eb,B,training,T12,,,FALSE,10466,medium,FALSE,AI,,
22ca547a-b1c9-4675-9b20-1e0ef88b40eb,B,training,T13,,,FALSE,2477,medium,TRUE,Human,FALSE,TRUE
22ca547a-b1c9-4675-9b20-1e0ef88b40eb,B,training,T14,,,FALSE,3179,medium,TRUE,AI,FALSE,TRUE
22ca547a-b1c9-4675-9b20-1e0ef88b40eb,B,training,T15,,,FALSE,3839,easy,FALSE,Human,,
22ca547a-b1c9-4675-9b20-1e0ef88b40eb,B,training,T16,,,TRUE,5120,medium,TRUE,Human,FALSE,FALSE
22ca547a-b1c9-4675-9b20-1e0ef88b40eb,B,training,T17,,,TRUE,3285,easy,TRUE,AI,TRUE,TRUE
22ca547a-b1c9-4675-9b20-1e0ef88b40eb,B,training,T18,,,TRUE,3238,medium,FALSE,Human,,
22ca547a-b1c9-4675-9b20-1e0ef88b40eb,B,training,T19,,,TRUE,7415,easy,TRUE,AI,TRUE,TRUE
22ca547a-b1c9-4675-9b20-1e0ef88b40eb,B,training,T20,,,TRUE,4380,medium,TRUE,Human,TRUE,TRUE
22ca547a-b1c9-4675-9b20-1e0ef88b40eb,B,test,X01,,,TRUE,8287,easy,FALSE,,,
22ca547a-b1c9-4675-9b20-1e0ef88b40eb,B,test,X02,,,TRUE,4318,easy,FALSE,,,
22ca547a-b1c9-4675-9b20-1e0ef88b40eb,B,test,X03,,,TRUE,5528,medium,FALSE,,,
22ca547a-b1c9-4675-9b20-1e0ef88b40eb,B,test,X04,,,FALSE,5939,medium,FALSE,,,
22ca547a-b1c9-4675-9b20-1e0ef88b40eb,B,test,X05,,,FALSE,6173,medium,FALSE,,,
22ca547a-b1c9-4675-9b20-1e0ef88b40eb,B,test,X06,,,FALSE,7749,medium,FALSE,,,
22ca547a-b1c9-4675-9b20-1e0ef88b40eb,B,test,X07,,,FALSE,4910,medium,FALSE,,,
22ca547a-b1c9-4675-9b20-1e0ef88b40eb,B,test,X08,,,TRUE,4274,hard,FALSE,,,
22ca547a-b1c9-4675-9b20-1e0ef88b40eb,B,test,X09,,,TRUE,3454,easy,FALSE,,,
22ca547a-b1c9-4675-9b20-1e0ef88b40eb,B,test,X10,,,FALSE,10263,hard,FALSE,,,
b0461a0c-71aa-4482-a7b7-4bd942e33755,A,training,T01,,,TRUE,17739,medium,TRUE,AI,TRUE,TRUE
b0461a0c-71aa-4482-a7b7-4bd942e33755,A,training,T02,,,TRUE,2158,easy,TRUE,Human,TRUE,TRUE
b0461a0c-71aa-4482-a7b7-4bd942e33755,A,training,T03,,,TRUE,2458,medium,TRUE,AI,TRUE,TRUE
b0461a0c-71aa-4482-a7b7-4bd942e33755,A,training,T04,,,TRUE,2800,easy,TRUE,Human,TRUE,TRUE
b0461a0c-71aa-4482-a7b7-4bd942e33755,A,training,T05,,,TRUE,2738,medium,TRUE,AI,TRUE,TRUE
b0461a0c-71aa-4482-a7b7-4bd942e33755,A,training,T06,,,FALSE,3201,easy,TRUE,AI,FALSE,TRUE
b0461a0c-71aa-4482-a7b7-4bd942e33755,A,training,T07,,,TRUE,3823,medium,TRUE,AI,TRUE,TRUE
b0461a0c-71aa-4482-a7b7-4bd942e33755,A,training,T08,,,TRUE,2459,medium,TRUE,Human,TRUE,TRUE
b0461a0c-71aa-4482-a7b7-4bd942e33755,A,training,T09,,,TRUE,11279,medium,TRUE,AI,TRUE,TRUE
b0461a0c-71aa-4482-a7b7-4bd942e33755,A,training,T10,,,TRUE,7935,medium,TRUE,Human,TRUE,TRUE
b0461a0c-71aa-4482-a7b7-4bd942e33755,A,training,T11,,,TRUE,7625,medium,TRUE,AI,TRUE,TRUE
b0461a0c-71aa-4482-a7b7-4bd942e33755,A,training,T12,,,FALSE,3376,medium,TRUE,AI,FALSE,TRUE
b0461a0c-71aa-4482-a7b7-4bd942e33755,A,training,T13,,,TRUE,6839,medium,TRUE,Human,FALSE,FALSE
b0461a0c-71aa-4482-a7b7-4bd942e33755,A,training,T14,,,FALSE,3904,medium,TRUE,AI,FALSE,TRUE
b0461a0c-71aa-4482-a7b7-4bd942e33755,A,training,T15,,,TRUE,4803,easy,TRUE,Human,TRUE,TRUE
b0461a0c-71aa-4482-a7b7-4bd942e33755,A,training,T16,,,FALSE,15800,medium,TRUE,Human,FALSE,FALSE
b0461a0c-71aa-4482-a7b7-4bd942e33755,A,training,T17,,,FALSE,352,easy,TRUE,AI,TRUE,FALSE
b0461a0c-71aa-4482-a7b7-4bd942e33755,A,training,T18,,,TRUE,5467,medium,TRUE,Human,TRUE,TRUE
b0461a0c-71aa-4482-a7b7-4bd942e33755,A,training,T19,,,TRUE,2695,easy,TRUE,AI,TRUE,TRUE
b0461a0c-71aa-4482-a7b7-4bd942e33755,A,training,T20,,,TRUE,3586,medium,TRUE,Human,TRUE,TRUE
b0461a0c-71aa-4482-a7b7-4bd942e33755,A,test,X01,,,TRUE,13673,easy,FALSE,,,
b0461a0c-71aa-4482-a7b7-4bd942e33755,A,test,X02,,,TRUE,5422,easy,FALSE,,,
b0461a0c-71aa-4482-a7b7-4bd942e33755,A,test,X03,,,TRUE,9994,medium,FALSE,,,
b0461a0c-71aa-4482-a7b7-4bd942e33755,A,test,X04,,,FALSE,10725,medium,FALSE,,,
b0461a0c-71aa-4482-a7b7-4bd942e33755,A,test,X05,,,TRUE,15434,medium,FALSE,,,
b0461a0c-71aa-4482-a7b7-4bd942e33755,A,test,X06,,,FALSE,5058,medium,FALSE,,,
b0461a0c-71aa-4482-a7b7-4bd942e33755,A,test,X07,,,FALSE,5666,medium,FALSE,,,
b0461a0c-71aa-4482-a7b7-4bd942e33755,A,test,X08,,,FALSE,3182,hard,FALSE,,,
b0461a0c-71aa-4482-a7b7-4bd942e33755,A,test,X09,,,TRUE,11842,easy,FALSE,,,
b0461a0c-71aa-4482-a7b7-4bd942e33755,A,test,X10,,,FALSE,10367,hard,FALSE,,,
7fd96540-6c77-42bf-98b8-a395af800514,B,training,T01,,,TRUE,9961,medium,TRUE,AI,TRUE,TRUE
7fd96540-6c77-42bf-98b8-a395af800514,B,training,T02,,,TRUE,12476,easy,TRUE,Human,TRUE,TRUE
7fd96540-6c77-42bf-98b8-a395af800514,B,training,T03,,,FALSE,6652,medium,FALSE,AI,,
7fd96540-6c77-42bf-98b8-a395af800514,B,training,T04,,,TRUE,1928,easy,TRUE,Human,TRUE,TRUE
7fd96540-6c77-42bf-98b8-a395af800514,B,training,T05,,,TRUE,2276,medium,TRUE,AI,TRUE,TRUE
7fd96540-6c77-42bf-98b8-a395af800514,B,training,T06,,,TRUE,5777,easy,FALSE,AI,,
7fd96540-6c77-42bf-98b8-a395af800514,B,training,T07,,,TRUE,2253,medium,TRUE,AI,TRUE,TRUE
7fd96540-6c77-42bf-98b8-a395af800514,B,training,T08,,,TRUE,2066,medium,TRUE,Human,TRUE,TRUE
7fd96540-6c77-42bf-98b8-a395af800514,B,training,T09,,,FALSE,8178,medium,FALSE,AI,,
7fd96540-6c77-42bf-98b8-a395af800514,B,training,T10,,,TRUE,2014,medium,TRUE,Human,TRUE,TRUE
7fd96540-6c77-42bf-98b8-a395af800514,B,training,T11,,,TRUE,3228,medium,TRUE,AI,TRUE,TRUE
7fd96540-6c77-42bf-98b8-a395af800514,B,training,T12,,,TRUE,6743,medium,FALSE,AI,,
7fd96540-6c77-42bf-98b8-a395af800514,B,training,T13,,,FALSE,2028,medium,TRUE,Human,FALSE,TRUE
7fd96540-6c77-42bf-98b8-a395af800514,B,training,T14,,,FALSE,3480,medium,TRUE,AI,FALSE,TRUE
7fd96540-6c77-42bf-98b8-a395af800514,B,training,T15,,,FALSE,6080,easy,FALSE,Human,,
7fd96540-6c77-42bf-98b8-a395af800514,B,training,T16,,,TRUE,3669,medium,TRUE,Human,FALSE,FALSE
7fd96540-6c77-42bf-98b8-a395af800514,B,training,T17,,,FALSE,3873,easy,TRUE,AI,TRUE,FALSE
7fd96540-6c77-42bf-98b8-a395af800514,B,training,T18,,,FALSE,2008,medium,FALSE,Human,,
7fd96540-6c77-42bf-98b8-a395af800514,B,training,T19,,,FALSE,5888,easy,TRUE,AI,TRUE,FALSE
7fd96540-6c77-42bf-98b8-a395af800514,B,training,T20,,,TRUE,1163,medium,TRUE,Human,TRUE,TRUE
7fd96540-6c77-42bf-98b8-a395af800514,B,test,X01,,,TRUE,7743,easy,FALSE,,,
7fd96540-6c77-42bf-98b8-a395af800514,B,test,X02,,,TRUE,5544,easy,FALSE,,,
7fd96540-6c77-42bf-98b8-a395af800514,B,test,X03,,,FALSE,10041,medium,FALSE,,,
7fd96540-6c77-42bf-98b8-a395af800514,B,test,X04,,,FALSE,6712,medium,FALSE,,,
7fd96540-6c77-42bf-98b8-a395af800514,B,test,X05,,,FALSE,4278,medium,FALSE,,,
7fd96540-6c77-42bf-98b8-a395af800514,B,test,X06,,,FALSE,1717,medium,FALSE,,,
7fd96540-6c77-42bf-98b8-a395af800514,B,test,X07,,,TRUE,2800,medium,FALSE,,,
7fd96540-6c77-42bf-98b8-a395af800514,B,test,X08,,,FALSE,2105,hard,FALSE,,,
7fd96540-6c77-42bf-98b8-a395af800514,B,test,X09,,,TRUE,3849,easy,FALSE,,,
7fd96540-6c77-42bf-98b8-a395af800514,B,test,X10,,,FALSE,1976,hard,FALSE,,,
1007ed5e-6847-4f88-9ad3-eeac03c85b01,A,training,T01,,,TRUE,1764,medium,TRUE,AI,TRUE,TRUE
1007ed5e-6847-4f88-9ad3-eeac03c85b01,A,training,T02,,,TRUE,1178,easy,TRUE,Human,TRUE,TRUE
1007ed5e-6847-4f88-9ad3-eeac03c85b01,A,training,T03,,,TRUE,2101,medium,TRUE,AI,TRUE,TRUE
1007ed5e-6847-4f88-9ad3-eeac03c85b01,A,training,T04,,,TRUE,1451,easy,TRUE,Human,TRUE,TRUE
1007ed5e-6847-4f88-9ad3-eeac03c85b01,A,training,T05,,,TRUE,1110,medium,TRUE,AI,TRUE,TRUE
1007ed5e-6847-4f88-9ad3-eeac03c85b01,A,training,T06,,,TRUE,2535,easy,TRUE,AI,FALSE,FALSE
1007ed5e-6847-4f88-9ad3-eeac03c85b01,A,training,T07,,,TRUE,2457,medium,TRUE,AI,TRUE,TRUE
1007ed5e-6847-4f88-9ad3-eeac03c85b01,A,training,T08,,,TRUE,1268,medium,TRUE,Human,TRUE,TRUE
1007ed5e-6847-4f88-9ad3-eeac03c85b01,A,training,T09,,,TRUE,4163,medium,TRUE,AI,TRUE,TRUE
1007ed5e-6847-4f88-9ad3-eeac03c85b01,A,training,T10,,,TRUE,1135,medium,TRUE,Human,TRUE,TRUE
1007ed5e-6847-4f88-9ad3-eeac03c85b01,A,training,T11,,,TRUE,2957,medium,TRUE,AI,TRUE,TRUE
1007ed5e-6847-4f88-9ad3-eeac03c85b01,A,training,T12,,,FALSE,6570,medium,TRUE,AI,FALSE,TRUE
1007ed5e-6847-4f88-9ad3-eeac03c85b01,A,training,T13,,,TRUE,8718,medium,TRUE,Human,FALSE,FALSE
1007ed5e-6847-4f88-9ad3-eeac03c85b01,A,training,T14,,,TRUE,2309,medium,TRUE,AI,FALSE,FALSE
1007ed5e-6847-4f88-9ad3-eeac03c85b01,A,training,T15,,,TRUE,1321,easy,TRUE,Human,TRUE,TRUE
1007ed5e-6847-4f88-9ad3-eeac03c85b01,A,training,T16,,,TRUE,1370,medium,TRUE,Human,FALSE,FALSE
1007ed5e-6847-4f88-9ad3-eeac03c85b01,A,training,T17,,,TRUE,39671,easy,TRUE,AI,TRUE,TRUE
1007ed5e-6847-4f88-9ad3-eeac03c85b01,A,training,T18,,,TRUE,1350,medium,TRUE,Human,TRUE,TRUE
1007ed5e-6847-4f88-9ad3-eeac03c85b01,A,training,T19,,,TRUE,2790,easy,TRUE,AI,TRUE,TRUE
1007ed5e-6847-4f88-9ad3-eeac03c85b01,A,training,T20,,,TRUE,1347,medium,TRUE,Human,TRUE,TRUE
1007ed5e-6847-4f88-9ad3-eeac03c85b01,A,test,X01,,,TRUE,3951,easy,FALSE,,,
1007ed5e-6847-4f88-9ad3-eeac03c85b01,A,test,X02,,,TRUE,1159,easy,FALSE,,,
1007ed5e-6847-4f88-9ad3-eeac03c85b01,A,test,X03,,,TRUE,1292,medium,FALSE,,,
1007ed5e-6847-4f88-9ad3-eeac03c85b01,A,test,X04,,,TRUE,1185,medium,FALSE,,,
1007ed5e-6847-4f88-9ad3-eeac03c85b01,A,test,X05,,,TRUE,779,medium,FALSE,,,
1007ed5e-6847-4f88-9ad3-eeac03c85b01,A,test,X06,,,TRUE,2066,medium,FALSE,,,
1007ed5e-6847-4f88-9ad3-eeac03c85b01,A,test,X07,,,TRUE,2530,medium,FALSE,,,
1007ed5e-6847-4f88-9ad3-eeac03c85b01,A,test,X08,,,FALSE,1687,hard,FALSE,,,
1007ed5e-6847-4f88-9ad3-eeac03c85b01,A,test,X09,,,TRUE,3169,easy,FALSE,,,
1007ed5e-6847-4f88-9ad3-eeac03c85b01,A,test,X10,,,TRUE,2129,hard,FALSE,,,
66998a4d-1371-4901-96f5-94d4b3f220ac,B,training,T01,,,FALSE,32696,medium,TRUE,,TRUE,FALSE
66998a4d-1371-4901-96f5-94d4b3f220ac,B,training,T02,,,TRUE,23348,easy,TRUE,,TRUE,TRUE
66998a4d-1371-4901-96f5-94d4b3f220ac,B,training,T03,,,TRUE,53736,medium,FALSE,,,
66998a4d-1371-4901-96f5-94d4b3f220ac,B,training,T04,,,TRUE,43468,easy,TRUE,,TRUE,TRUE
66998a4d-1371-4901-96f5-94d4b3f220ac,B,training,T05,,,TRUE,4848,medium,TRUE,,TRUE,TRUE
66998a4d-1371-4901-96f5-94d4b3f220ac,B,training,T06,,,TRUE,168451,easy,FALSE,,,
66998a4d-1371-4901-96f5-94d4b3f220ac,B,training,T07,,,TRUE,46654,medium,TRUE,,TRUE,TRUE
66998a4d-1371-4901-96f5-94d4b3f220ac,B,training,T08,,,TRUE,26511,medium,TRUE,,TRUE,TRUE
66998a4d-1371-4901-96f5-94d4b3f220ac,B,training,T09,,,TRUE,98130,medium,FALSE,,,
66998a4d-1371-4901-96f5-94d4b3f220ac,B,training,T10,,,TRUE,4990,medium,TRUE,,TRUE,TRUE
66998a4d-1371-4901-96f5-94d4b3f220ac,B,training,T11,,,TRUE,3835,medium,TRUE,,TRUE,TRUE
66998a4d-1371-4901-96f5-94d4b3f220ac,B,training,T12,,,TRUE,109419,medium,FALSE,,,
66998a4d-1371-4901-96f5-94d4b3f220ac,B,training,T13,,,FALSE,7574,medium,TRUE,,FALSE,TRUE
66998a4d-1371-4901-96f5-94d4b3f220ac,B,training,T14,,,FALSE,7551,medium,TRUE,,FALSE,TRUE
66998a4d-1371-4901-96f5-94d4b3f220ac,B,training,T15,,,TRUE,105630,easy,FALSE,,,
66998a4d-1371-4901-96f5-94d4b3f220ac,B,training,T16,,,FALSE,11139,medium,TRUE,,FALSE,TRUE
66998a4d-1371-4901-96f5-94d4b3f220ac,B,training,T17,,,TRUE,5131,easy,TRUE,,TRUE,TRUE
66998a4d-1371-4901-96f5-94d4b3f220ac,B,training,T18,,,TRUE,62299,medium,FALSE,,,
66998a4d-1371-4901-96f5-94d4b3f220ac,B,training,T19,,,TRUE,3898,easy,TRUE,,TRUE,TRUE
66998a4d-1371-4901-96f5-94d4b3f220ac,B,training,T20,,,TRUE,2954,medium,TRUE,,TRUE,TRUE
66998a4d-1371-4901-96f5-94d4b3f220ac,B,test,X01,,,TRUE,48786,easy,FALSE,,,
66998a4d-1371-4901-96f5-94d4b3f220ac,B,test,X02,,,TRUE,27923,easy,FALSE,,,
66998a4d-1371-4901-96f5-94d4b3f220ac,B,test,X03,,,TRUE,41658,medium,FALSE,,,
66998a4d-1371-4901-96f5-94d4b3f220ac,B,test,X04,,,TRUE,108757,medium,FALSE,,,
66998a4d-1371-4901-96f5-94d4b3f220ac,B,test,X05,,,TRUE,61440,medium,FALSE,,,
66998a4d-1371-4901-96f5-94d4b3f220ac,B,test,X06,,,TRUE,45011,medium,FALSE,,,
66998a4d-1371-4901-96f5-94d4b3f220ac,B,test,X07,,,TRUE,49484,medium,FALSE,,,
66998a4d-1371-4901-96f5-94d4b3f220ac,B,test,X08,,,TRUE,51547,hard,FALSE,,,
66998a4d-1371-4901-96f5-94d4b3f220ac,B,test,X09,,,TRUE,30249,easy,FALSE,,,
66998a4d-1371-4901-96f5-94d4b3f220ac,B,test,X10,,,FALSE,76302,hard,FALSE,,,
db39396d-dd73-40a9-bd9d-918ff8131b54,A,training,T01,,,FALSE,6584,medium,TRUE,,TRUE,FALSE
db39396d-dd73-40a9-bd9d-918ff8131b54,A,training,T02,,,FALSE,2626,easy,TRUE,,TRUE,FALSE
db39396d-dd73-40a9-bd9d-918ff8131b54,A,training,T03,,,TRUE,24792,medium,TRUE,,TRUE,TRUE
db39396d-dd73-40a9-bd9d-918ff8131b54,A,training,T04,,,TRUE,2463,easy,TRUE,,TRUE,TRUE
db39396d-dd73-40a9-bd9d-918ff8131b54,A,training,T05,,,TRUE,2860,medium,TRUE,,TRUE,TRUE
db39396d-dd73-40a9-bd9d-918ff8131b54,A,training,T06,,,FALSE,4715,easy,TRUE,,FALSE,TRUE
db39396d-dd73-40a9-bd9d-918ff8131b54,A,training,T07,,,FALSE,4549,medium,TRUE,,TRUE,FALSE
db39396d-dd73-40a9-bd9d-918ff8131b54,A,training,T08,,,TRUE,7280,medium,TRUE,,TRUE,TRUE
db39396d-dd73-40a9-bd9d-918ff8131b54,A,training,T09,,,TRUE,7711,medium,TRUE,,TRUE,TRUE
db39396d-dd73-40a9-bd9d-918ff8131b54,A,training,T10,,,TRUE,5276,medium,TRUE,,TRUE,TRUE
db39396d-dd73-40a9-bd9d-918ff8131b54,A,training,T11,,,TRUE,2259,medium,TRUE,,TRUE,TRUE
db39396d-dd73-40a9-bd9d-918ff8131b54,A,training,T12,,,FALSE,6763,medium,TRUE,,FALSE,TRUE
db39396d-dd73-40a9-bd9d-918ff8131b54,A,training,T13,,,FALSE,1969,medium,TRUE,,FALSE,TRUE
db39396d-dd73-40a9-bd9d-918ff8131b54,A,training,T14,,,FALSE,4708,medium,TRUE,,FALSE,TRUE
db39396d-dd73-40a9-bd9d-918ff8131b54,A,training,T15,,,TRUE,5528,easy,TRUE,,TRUE,TRUE
db39396d-dd73-40a9-bd9d-918ff8131b54,A,training,T16,,,FALSE,3388,medium,TRUE,,FALSE,TRUE
db39396d-dd73-40a9-bd9d-918ff8131b54,A,training,T17,,,TRUE,2176,easy,TRUE,,TRUE,TRUE
db39396d-dd73-40a9-bd9d-918ff8131b54,A,training,T18,,,TRUE,5600,medium,TRUE,,TRUE,TRUE
db39396d-dd73-40a9-bd9d-918ff8131b54,A,training,T19,,,TRUE,1766,easy,TRUE,,TRUE,TRUE
db39396d-dd73-40a9-bd9d-918ff8131b54,A,training,T20,,,TRUE,2284,medium,TRUE,,TRUE,TRUE
db39396d-dd73-40a9-bd9d-918ff8131b54,A,test,X01,,,TRUE,6065,easy,FALSE,,,
db39396d-dd73-40a9-bd9d-918ff8131b54,A,test,X02,,,TRUE,4860,easy,FALSE,,,
db39396d-dd73-40a9-bd9d-918ff8131b54,A,test,X03,,,TRUE,7252,medium,FALSE,,,
db39396d-dd73-40a9-bd9d-918ff8131b54,A,test,X04,,,FALSE,9196,medium,FALSE,,,
db39396d-dd73-40a9-bd9d-918ff8131b54,A,test,X05,,,FALSE,6402,medium,FALSE,,,
db39396d-dd73-40a9-bd9d-918ff8131b54,A,test,X06,,,TRUE,6189,medium,FALSE,,,
db39396d-dd73-40a9-bd9d-918ff8131b54,A,test,X07,,,TRUE,6508,medium,FALSE,,,
db39396d-dd73-40a9-bd9d-918ff8131b54,A,test,X08,,,FALSE,10309,hard,FALSE,,,
db39396d-dd73-40a9-bd9d-918ff8131b54,A,test,X09,,,FALSE,6777,easy,FALSE,,,
db39396d-dd73-40a9-bd9d-918ff8131b54,A,test,X10,,,FALSE,9888,hard,FALSE,,,
081f724a-2190-49ab-9294-4ebe751ff87e,B,training,T01,,,TRUE,17769,medium,TRUE,,TRUE,TRUE
081f724a-2190-49ab-9294-4ebe751ff87e,B,training,T02,,,TRUE,7509,easy,TRUE,,TRUE,TRUE
081f724a-2190-49ab-9294-4ebe751ff87e,B,training,T03,,,FALSE,8369,medium,FALSE,,,
081f724a-2190-49ab-9294-4ebe751ff87e,B,training,T04,,,TRUE,2438,easy,TRUE,,TRUE,TRUE
081f724a-2190-49ab-9294-4ebe751ff87e,B,training,T05,,,TRUE,6419,medium,TRUE,,TRUE,TRUE
081f724a-2190-49ab-9294-4ebe751ff87e,B,training,T06,,,TRUE,19356,easy,FALSE,,,
081f724a-2190-49ab-9294-4ebe751ff87e,B,training,T07,,,TRUE,5324,medium,TRUE,,TRUE,TRUE
081f724a-2190-49ab-9294-4ebe751ff87e,B,training,T08,,,TRUE,8067,medium,TRUE,,TRUE,TRUE
081f724a-2190-49ab-9294-4ebe751ff87e,B,training,T09,,,TRUE,4842,medium,FALSE,,,
081f724a-2190-49ab-9294-4ebe751ff87e,B,training,T10,,,TRUE,4573,medium,TRUE,,TRUE,TRUE
081f724a-2190-49ab-9294-4ebe751ff87e,B,training,T11,,,TRUE,5356,medium,TRUE,,TRUE,TRUE
081f724a-2190-49ab-9294-4ebe751ff87e,B,training,T12,,,FALSE,19927,medium,FALSE,,,
081f724a-2190-49ab-9294-4ebe751ff87e,B,training,T13,,,FALSE,5972,medium,TRUE,,FALSE,TRUE
081f724a-2190-49ab-9294-4ebe751ff87e,B,training,T14,,,FALSE,7189,medium,TRUE,,FALSE,TRUE
081f724a-2190-49ab-9294-4ebe751ff87e,B,training,T15,,,FALSE,13398,easy,FALSE,,,
081f724a-2190-49ab-9294-4ebe751ff87e,B,training,T16,,,FALSE,4751,medium,TRUE,,FALSE,TRUE
081f724a-2190-49ab-9294-4ebe751ff87e,B,training,T17,,,TRUE,7980,easy,TRUE,,TRUE,TRUE
081f724a-2190-49ab-9294-4ebe751ff87e,B,training,T18,,,FALSE,8445,medium,FALSE,,,
081f724a-2190-49ab-9294-4ebe751ff87e,B,training,T19,,,TRUE,9376,easy,TRUE,,TRUE,TRUE
081f724a-2190-49ab-9294-4ebe751ff87e,B,training,T20,,,FALSE,4803,medium,TRUE,,TRUE,FALSE
081f724a-2190-49ab-9294-4ebe751ff87e,B,test,X01,,,TRUE,5174,easy,FALSE,,,
081f724a-2190-49ab-9294-4ebe751ff87e,B,test,X02,,,TRUE,5068,easy,FALSE,,,
081f724a-2190-49ab-9294-4ebe751ff87e,B,test,X03,,,TRUE,7662,medium,FALSE,,,
081f724a-2190-49ab-9294-4ebe751ff87e,B,test,X04,,,TRUE,12280,medium,FALSE,,,
081f724a-2190-49ab-9294-4ebe751ff87e,B,test,X05,,,FALSE,15931,medium,FALSE,,,
081f724a-2190-49ab-9294-4ebe751ff87e,B,test,X06,,,FALSE,8183,medium,FALSE,,,
081f724a-2190-49ab-9294-4ebe751ff87e,B,test,X07,,,TRUE,9457,medium,FALSE,,,
081f724a-2190-49ab-9294-4ebe751ff87e,B,test,X08,,,FALSE,7887,hard,FALSE,,,
081f724a-2190-49ab-9294-4ebe751ff87e,B,test,X09,,,TRUE,4190,easy,FALSE,,,
081f724a-2190-49ab-9294-4ebe751ff87e,B,test,X10,,,FALSE,8146,hard,FALSE,,,
8190de89-9982-4975-bd56-88f84a888ecb,A,training,T01,,,TRUE,77858,medium,TRUE,,TRUE,TRUE
8190de89-9982-4975-bd56-88f84a888ecb,A,training,T02,,,TRUE,20088,easy,TRUE,,TRUE,TRUE
8190de89-9982-4975-bd56-88f84a888ecb,A,training,T03,,,TRUE,12980,medium,TRUE,,TRUE,TRUE
8190de89-9982-4975-bd56-88f84a888ecb,A,training,T04,,,TRUE,15224,easy,TRUE,,TRUE,TRUE
8190de89-9982-4975-bd56-88f84a888ecb,A,training,T05,,,TRUE,6931,medium,TRUE,,TRUE,TRUE
8190de89-9982-4975-bd56-88f84a888ecb,A,training,T06,,,FALSE,12551,easy,TRUE,,FALSE,TRUE
8190de89-9982-4975-bd56-88f84a888ecb,A,training,T07,,,TRUE,4017,medium,TRUE,,TRUE,TRUE
8190de89-9982-4975-bd56-88f84a888ecb,A,training,T08,,,TRUE,42262,medium,TRUE,,TRUE,TRUE
8190de89-9982-4975-bd56-88f84a888ecb,A,training,T09,,,TRUE,2556,medium,TRUE,,TRUE,TRUE
8190de89-9982-4975-bd56-88f84a888ecb,A,training,T10,,,TRUE,1884,medium,TRUE,,TRUE,TRUE
8190de89-9982-4975-bd56-88f84a888ecb,A,training,T11,,,TRUE,2445,medium,TRUE,,TRUE,TRUE
8190de89-9982-4975-bd56-88f84a888ecb,A,training,T12,,,FALSE,1915,medium,TRUE,,FALSE,TRUE
8190de89-9982-4975-bd56-88f84a888ecb,A,training,T13,,,FALSE,3094,medium,TRUE,,FALSE,TRUE
8190de89-9982-4975-bd56-88f84a888ecb,A,training,T14,,,FALSE,7859,medium,TRUE,,FALSE,TRUE
8190de89-9982-4975-bd56-88f84a888ecb,A,training,T15,,,TRUE,5134,easy,TRUE,,TRUE,TRUE
8190de89-9982-4975-bd56-88f84a888ecb,A,training,T16,,,FALSE,4258,medium,TRUE,,FALSE,TRUE
8190de89-9982-4975-bd56-88f84a888ecb,A,training,T17,,,TRUE,8578,easy,TRUE,,TRUE,TRUE
8190de89-9982-4975-bd56-88f84a888ecb,A,training,T18,,,TRUE,4898,medium,TRUE,,TRUE,TRUE
8190de89-9982-4975-bd56-88f84a888ecb,A,training,T19,,,TRUE,5184,easy,TRUE,,TRUE,TRUE
8190de89-9982-4975-bd56-88f84a888ecb,A,training,T20,,,TRUE,6752,medium,TRUE,,TRUE,TRUE
8190de89-9982-4975-bd56-88f84a888ecb,A,test,X01,,,TRUE,26011,easy,FALSE,,,
8190de89-9982-4975-bd56-88f84a888ecb,A,test,X02,,,TRUE,6767,easy,FALSE,,,
8190de89-9982-4975-bd56-88f84a888ecb,A,test,X03,,,TRUE,16469,medium,FALSE,,,
8190de89-9982-4975-bd56-88f84a888ecb,A,test,X04,,,TRUE,13976,medium,FALSE,,,
8190de89-9982-4975-bd56-88f84a888ecb,A,test,X05,,,TRUE,12075,medium,FALSE,,,
8190de89-9982-4975-bd56-88f84a888ecb,A,test,X06,,,TRUE,13102,medium,FALSE,,,
8190de89-9982-4975-bd56-88f84a888ecb,A,test,X07,,,TRUE,14140,medium,FALSE,,,
8190de89-9982-4975-bd56-88f84a888ecb,A,test,X08,,,TRUE,13610,hard,FALSE,,,
8190de89-9982-4975-bd56-88f84a888ecb,A,test,X09,,,TRUE,13555,easy,FALSE,,,
8190de89-9982-4975-bd56-88f84a888ecb,A,test,X10,,,TRUE,14583,hard,FALSE,,,
f861b8bb-60c3-479a-9015-82561ea019e6,B,training,T01,,,TRUE,6672,medium,TRUE,,TRUE,TRUE
f861b8bb-60c3-479a-9015-82561ea019e6,B,training,T02,,,FALSE,7529,easy,TRUE,,TRUE,FALSE
f861b8bb-60c3-479a-9015-82561ea019e6,B,training,T03,,,FALSE,7464,medium,FALSE,,,
f861b8bb-60c3-479a-9015-82561ea019e6,B,training,T04,,,FALSE,4669,easy,TRUE,,TRUE,FALSE
f861b8bb-60c3-479a-9015-82561ea019e6,B,training,T05,,,TRUE,2747,medium,TRUE,,TRUE,TRUE
f861b8bb-60c3-479a-9015-82561ea019e6,B,training,T06,,,TRUE,5806,easy,FALSE,,,
f861b8bb-60c3-479a-9015-82561ea019e6,B,training,T07,,,FALSE,5721,medium,TRUE,,TRUE,FALSE
f861b8bb-60c3-479a-9015-82561ea019e6,B,training,T08,,,TRUE,10360,medium,TRUE,,TRUE,TRUE
f861b8bb-60c3-479a-9015-82561ea019e6,B,training,T09,,,FALSE,13274,medium,FALSE,,,
f861b8bb-60c3-479a-9015-82561ea019e6,B,training,T10,,,FALSE,5414,medium,TRUE,,TRUE,FALSE
f861b8bb-60c3-479a-9015-82561ea019e6,B,training,T11,,,FALSE,4977,medium,TRUE,,TRUE,FALSE
f861b8bb-60c3-479a-9015-82561ea019e6,B,training,T12,,,FALSE,3570,medium,FALSE,,,
f861b8bb-60c3-479a-9015-82561ea019e6,B,training,T13,,,FALSE,6662,medium,TRUE,,FALSE,TRUE
f861b8bb-60c3-479a-9015-82561ea019e6,B,training,T14,,,FALSE,5846,medium,TRUE,,FALSE,FALSE
f861b8bb-60c3-479a-9015-82561ea019e6,B,training,T15,,,FALSE,4448,easy,FALSE,,,
f861b8bb-60c3-479a-9015-82561ea019e6,B,training,T16,,,FALSE,14943,medium,TRUE,,FALSE,TRUE
f861b8bb-60c3-479a-9015-82561ea019e6,B,training,T17,,,TRUE,20415,easy,TRUE,,TRUE,TRUE
f861b8bb-60c3-479a-9015-82561ea019e6,B,training,T18,,,FALSE,3359,medium,FALSE,,,
f861b8bb-60c3-479a-9015-82561ea019e6,B,training,T19,,,FALSE,13444,easy,TRUE,,TRUE,FALSE
f861b8bb-60c3-479a-9015-82561ea019e6,B,training,T20,,,TRUE,3381,medium,TRUE,,TRUE,TRUE
f861b8bb-60c3-479a-9015-82561ea019e6,B,test,X01,,,TRUE,4859,easy,FALSE,,,
f861b8bb-60c3-479a-9015-82561ea019e6,B,test,X02,,,TRUE,4221,easy,FALSE,,,
f861b8bb-60c3-479a-9015-82561ea019e6,B,test,X03,,,TRUE,4787,medium,FALSE,,,
f861b8bb-60c3-479a-9015-82561ea019e6,B,test,X04,,,FALSE,5338,medium,FALSE,,,
f861b8bb-60c3-479a-9015-82561ea019e6,B,test,X05,,,TRUE,3541,medium,FALSE,,,
f861b8bb-60c3-479a-9015-82561ea019e6,B,test,X06,,,TRUE,3411,medium,FALSE,,,
f861b8bb-60c3-479a-9015-82561ea019e6,B,test,X07,,,TRUE,3650,medium,FALSE,,,
f861b8bb-60c3-479a-9015-82561ea019e6,B,test,X08,,,FALSE,2150,hard,FALSE,,,
f861b8bb-60c3-479a-9015-82561ea019e6,B,test,X09,,,TRUE,2603,easy,FALSE,,,
f861b8bb-60c3-479a-9015-82561ea019e6,B,test,X10,,,FALSE,4319,hard,FALSE,,,
bc1e74f0-2e7b-43fc-8b77-429be149dc18,A,training,T01,,,FALSE,1152,medium,TRUE,,TRUE,FALSE
bc1e74f0-2e7b-43fc-8b77-429be149dc18,A,training,T02,,,FALSE,1028,easy,TRUE,,TRUE,FALSE
bc1e74f0-2e7b-43fc-8b77-429be149dc18,A,training,T03,,,FALSE,802,medium,TRUE,,TRUE,FALSE
bc1e74f0-2e7b-43fc-8b77-429be149dc18,A,training,T04,,,FALSE,859,easy,TRUE,,TRUE,FALSE
bc1e74f0-2e7b-43fc-8b77-429be149dc18,A,training,T05,,,TRUE,436,medium,TRUE,,TRUE,TRUE
bc1e74f0-2e7b-43fc-8b77-429be149dc18,A,training,T06,,,FALSE,265,easy,TRUE,,FALSE,TRUE
bc1e74f0-2e7b-43fc-8b77-429be149dc18,A,training,T07,,,FALSE,608,medium,TRUE,,TRUE,FALSE
bc1e74f0-2e7b-43fc-8b77-429be149dc18,A,training,T08,,,TRUE,850,medium,TRUE,,TRUE,TRUE
bc1e74f0-2e7b-43fc-8b77-429be149dc18,A,training,T09,,,FALSE,1161,medium,TRUE,,TRUE,FALSE
bc1e74f0-2e7b-43fc-8b77-429be149dc18,A,training,T10,,,TRUE,251,medium,TRUE,,TRUE,TRUE
bc1e74f0-2e7b-43fc-8b77-429be149dc18,A,training,T11,,,FALSE,1158,medium,TRUE,,TRUE,FALSE
bc1e74f0-2e7b-43fc-8b77-429be149dc18,A,training,T12,,,FALSE,465,medium,TRUE,,FALSE,TRUE
bc1e74f0-2e7b-43fc-8b77-429be149dc18,A,training,T13,,,FALSE,563,medium,TRUE,,FALSE,TRUE
bc1e74f0-2e7b-43fc-8b77-429be149dc18,A,training,T14,,,FALSE,520,medium,TRUE,,FALSE,TRUE
bc1e74f0-2e7b-43fc-8b77-429be149dc18,A,training,T15,,,FALSE,67,easy,TRUE,,TRUE,FALSE
bc1e74f0-2e7b-43fc-8b77-429be149dc18,A,training,T16,,,TRUE,458,medium,TRUE,,FALSE,FALSE
bc1e74f0-2e7b-43fc-8b77-429be149dc18,A,training,T17,,,TRUE,5017,easy,TRUE,,TRUE,TRUE
bc1e74f0-2e7b-43fc-8b77-429be149dc18,A,training,T18,,,TRUE,1496,medium,TRUE,,TRUE,TRUE
bc1e74f0-2e7b-43fc-8b77-429be149dc18,A,training,T19,,,FALSE,455,easy,TRUE,,TRUE,FALSE
bc1e74f0-2e7b-43fc-8b77-429be149dc18,A,training,T20,,,TRUE,1026,medium,TRUE,,TRUE,TRUE
bc1e74f0-2e7b-43fc-8b77-429be149dc18,A,test,X01,,,FALSE,1174,easy,FALSE,,,
bc1e74f0-2e7b-43fc-8b77-429be149dc18,A,test,X02,,,TRUE,1066,easy,FALSE,,,
bc1e74f0-2e7b-43fc-8b77-429be149dc18,A,test,X03,,,TRUE,981,medium,FALSE,,,
bc1e74f0-2e7b-43fc-8b77-429be149dc18,A,test,X04,,,FALSE,640,medium,FALSE,,,
bc1e74f0-2e7b-43fc-8b77-429be149dc18,A,test,X05,,,FALSE,598,medium,FALSE,,,
bc1e74f0-2e7b-43fc-8b77-429be149dc18,A,test,X06,,,FALSE,600,medium,FALSE,,,
bc1e74f0-2e7b-43fc-8b77-429be149dc18,A,test,X07,,,FALSE,546,medium,FALSE,,,
bc1e74f0-2e7b-43fc-8b77-429be149dc18,A,test,X08,,,FALSE,553,hard,FALSE,,,
bc1e74f0-2e7b-43fc-8b77-429be149dc18,A,test,X09,,,TRUE,514,easy,FALSE,,,
bc1e74f0-2e7b-43fc-8b77-429be149dc18,A,test,X10,,,FALSE,533,hard,FALSE,,,
d53c189d-266a-42ac-89f7-bef659565cc6,B,training,T01,,,TRUE,2544,medium,TRUE,,TRUE,TRUE
d53c189d-266a-42ac-89f7-bef659565cc6,B,training,T02,,,TRUE,5797,easy,TRUE,,TRUE,TRUE
d53c189d-266a-42ac-89f7-bef659565cc6,B,training,T03,,,TRUE,8331,medium,FALSE,,,
d53c189d-266a-42ac-89f7-bef659565cc6,B,training,T04,,,TRUE,4250,easy,TRUE,,TRUE,TRUE
d53c189d-266a-42ac-89f7-bef659565cc6,B,training,T05,,,TRUE,2672,medium,TRUE,,TRUE,TRUE
d53c189d-266a-42ac-89f7-bef659565cc6,B,training,T06,,,TRUE,9183,easy,FALSE,,,
d53c189d-266a-42ac-89f7-bef659565cc6,B,training,T07,,,TRUE,4963,medium,TRUE,,TRUE,TRUE
d53c189d-266a-42ac-89f7-bef659565cc6,B,training,T08,,,TRUE,4652,medium,TRUE,,TRUE,TRUE
d53c189d-266a-42ac-89f7-bef659565cc6,B,training,T09,,,TRUE,4973,medium,FALSE,,,
d53c189d-266a-42ac-89f7-bef659565cc6,B,training,T10,,,TRUE,2163,medium,TRUE,,TRUE,TRUE
d53c189d-266a-42ac-89f7-bef659565cc6,B,training,T11,,,TRUE,3463,medium,TRUE,,TRUE,TRUE
d53c189d-266a-42ac-89f7-bef659565cc6,B,training,T12,,,FALSE,4014,medium,FALSE,,,
d53c189d-266a-42ac-89f7-bef659565cc6,B,training,T13,,,FALSE,3962,medium,TRUE,,FALSE,TRUE
d53c189d-266a-42ac-89f7-bef659565cc6,B,training,T14,,,FALSE,8670,medium,TRUE,,FALSE,TRUE
d53c189d-266a-42ac-89f7-bef659565cc6,B,training,T15,,,FALSE,3737,easy,FALSE,,,
d53c189d-266a-42ac-89f7-bef659565cc6,B,training,T16,,,TRUE,3314,medium,TRUE,,FALSE,FALSE
d53c189d-266a-42ac-89f7-bef659565cc6,B,training,T17,,,TRUE,6576,easy,TRUE,,TRUE,TRUE
d53c189d-266a-42ac-89f7-bef659565cc6,B,training,T18,,,FALSE,2607,medium,FALSE,,,
d53c189d-266a-42ac-89f7-bef659565cc6,B,training,T19,,,FALSE,3263,easy,TRUE,,TRUE,FALSE
d53c189d-266a-42ac-89f7-bef659565cc6,B,training,T20,,,FALSE,3761,medium,TRUE,,TRUE,FALSE
d53c189d-266a-42ac-89f7-bef659565cc6,B,test,X01,,,TRUE,1079,easy,FALSE,,,
d53c189d-266a-42ac-89f7-bef659565cc6,B,test,X02,,,FALSE,607,easy,FALSE,,,
d53c189d-266a-42ac-89f7-bef659565cc6,B,test,X03,,,TRUE,439,medium,FALSE,,,
d53c189d-266a-42ac-89f7-bef659565cc6,B,test,X04,,,TRUE,396,medium,FALSE,,,
d53c189d-266a-42ac-89f7-bef659565cc6,B,test,X05,,,FALSE,235,medium,FALSE,,,
d53c189d-266a-42ac-89f7-bef659565cc6,B,test,X06,,,TRUE,174,medium,FALSE,,,
d53c189d-266a-42ac-89f7-bef659565cc6,B,test,X07,,,FALSE,266,medium,FALSE,,,
d53c189d-266a-42ac-89f7-bef659565cc6,B,test,X08,,,FALSE,231,hard,FALSE,,,
d53c189d-266a-42ac-89f7-bef659565cc6,B,test,X09,,,TRUE,9,easy,FALSE,,,
d53c189d-266a-42ac-89f7-bef659565cc6,B,test,X10,,,TRUE,171,hard,FALSE,,,
f5295444-eea4-4154-bf36-8e4686adc32d,A,training,T01,,,FALSE,7309,medium,TRUE,,TRUE,FALSE
f5295444-eea4-4154-bf36-8e4686adc32d,A,training,T02,,,FALSE,5704,easy,TRUE,,TRUE,FALSE
f5295444-eea4-4154-bf36-8e4686adc32d,A,training,T03,,,TRUE,8534,medium,TRUE,,TRUE,TRUE
f5295444-eea4-4154-bf36-8e4686adc32d,A,training,T04,,,TRUE,1623,easy,TRUE,,TRUE,TRUE
f5295444-eea4-4154-bf36-8e4686adc32d,A,training,T05,,,TRUE,1090,medium,TRUE,,TRUE,TRUE
f5295444-eea4-4154-bf36-8e4686adc32d,A,training,T06,,,FALSE,3546,easy,TRUE,,FALSE,TRUE
f5295444-eea4-4154-bf36-8e4686adc32d,A,training,T07,,,TRUE,4416,medium,TRUE,,TRUE,TRUE
f5295444-eea4-4154-bf36-8e4686adc32d,A,training,T08,,,TRUE,6388,medium,TRUE,,TRUE,TRUE
f5295444-eea4-4154-bf36-8e4686adc32d,A,training,T09,,,TRUE,1201,medium,TRUE,,TRUE,TRUE
f5295444-eea4-4154-bf36-8e4686adc32d,A,training,T10,,,TRUE,1370,medium,TRUE,,TRUE,TRUE
f5295444-eea4-4154-bf36-8e4686adc32d,A,training,T11,,,TRUE,1693,medium,TRUE,,TRUE,TRUE
f5295444-eea4-4154-bf36-8e4686adc32d,A,training,T12,,,FALSE,1398,medium,TRUE,,FALSE,TRUE
f5295444-eea4-4154-bf36-8e4686adc32d,A,training,T13,,,FALSE,2547,medium,TRUE,,FALSE,TRUE
f5295444-eea4-4154-bf36-8e4686adc32d,A,training,T14,,,FALSE,18873,medium,TRUE,,FALSE,TRUE
f5295444-eea4-4154-bf36-8e4686adc32d,A,training,T15,,,TRUE,1792,easy,TRUE,,TRUE,TRUE
f5295444-eea4-4154-bf36-8e4686adc32d,A,training,T16,,,FALSE,2161,medium,TRUE,,FALSE,TRUE
f5295444-eea4-4154-bf36-8e4686adc32d,A,training,T17,,,TRUE,3080,easy,TRUE,,TRUE,TRUE
f5295444-eea4-4154-bf36-8e4686adc32d,A,training,T18,,,TRUE,17211,medium,TRUE,,TRUE,TRUE
f5295444-eea4-4154-bf36-8e4686adc32d,A,training,T19,,,TRUE,1565,easy,TRUE,,TRUE,TRUE
f5295444-eea4-4154-bf36-8e4686adc32d,A,training,T20,,,TRUE,1627,medium,TRUE,,TRUE,TRUE
f5295444-eea4-4154-bf36-8e4686adc32d,A,test,X01,,,FALSE,1936,easy,FALSE,,,
f5295444-eea4-4154-bf36-8e4686adc32d,A,test,X02,,,FALSE,998,easy,FALSE,,,
f5295444-eea4-4154-bf36-8e4686adc32d,A,test,X03,,,FALSE,490,medium,FALSE,,,
f5295444-eea4-4154-bf36-8e4686adc32d,A,test,X04,,,FALSE,303,medium,FALSE,,,
f5295444-eea4-4154-bf36-8e4686adc32d,A,test,X05,,,FALSE,330,medium,FALSE,,,
f5295444-eea4-4154-bf36-8e4686adc32d,A,test,X06,,,FALSE,380,medium,FALSE,,,
f5295444-eea4-4154-bf36-8e4686adc32d,A,test,X07,,,FALSE,201,medium,FALSE,,,
f5295444-eea4-4154-bf36-8e4686adc32d,A,test,X08,,,FALSE,387,hard,FALSE,,,
f5295444-eea4-4154-bf36-8e4686adc32d,A,test,X09,,,FALSE,157,easy,FALSE,,,
f5295444-eea4-4154-bf36-8e4686adc32d,A,test,X10,,,FALSE,207,hard,FALSE,,,
8c3c92f1-c8a5-40a6-a949-ae69a25e062a,B,training,T01,,,FALSE,10264,medium,TRUE,,TRUE,FALSE
8c3c92f1-c8a5-40a6-a949-ae69a25e062a,B,training,T02,,,TRUE,10744,easy,TRUE,,TRUE,TRUE
8c3c92f1-c8a5-40a6-a949-ae69a25e062a,B,training,T03,,,FALSE,9030,medium,FALSE,,,
8c3c92f1-c8a5-40a6-a949-ae69a25e062a,B,training,T04,,,TRUE,2517,easy,TRUE,,TRUE,TRUE
8c3c92f1-c8a5-40a6-a949-ae69a25e062a,B,training,T05,,,TRUE,9029,medium,TRUE,,TRUE,TRUE
8c3c92f1-c8a5-40a6-a949-ae69a25e062a,B,training,T06,,,TRUE,10498,easy,FALSE,,,
8c3c92f1-c8a5-40a6-a949-ae69a25e062a,B,training,T07,,,TRUE,10285,medium,TRUE,,TRUE,TRUE
8c3c92f1-c8a5-40a6-a949-ae69a25e062a,B,training,T08,,,TRUE,3236,medium,TRUE,,TRUE,TRUE
8c3c92f1-c8a5-40a6-a949-ae69a25e062a,B,training,T09,,,FALSE,7046,medium,FALSE,,,
8c3c92f1-c8a5-40a6-a949-ae69a25e062a,B,training,T10,,,TRUE,2349,medium,TRUE,,TRUE,TRUE
8c3c92f1-c8a5-40a6-a949-ae69a25e062a,B,training,T11,,,FALSE,966,medium,TRUE,,TRUE,FALSE
8c3c92f1-c8a5-40a6-a949-ae69a25e062a,B,training,T12,,,FALSE,7517,medium,FALSE,,,
8c3c92f1-c8a5-40a6-a949-ae69a25e062a,B,training,T13,,,FALSE,2822,medium,TRUE,,FALSE,TRUE
8c3c92f1-c8a5-40a6-a949-ae69a25e062a,B,training,T14,,,FALSE,2412,medium,TRUE,,FALSE,FALSE
8c3c92f1-c8a5-40a6-a949-ae69a25e062a,B,training,T15,,,TRUE,4128,easy,FALSE,,,
8c3c92f1-c8a5-40a6-a949-ae69a25e062a,B,training,T16,,,FALSE,7759,medium,TRUE,,FALSE,FALSE
8c3c92f1-c8a5-40a6-a949-ae69a25e062a,B,training,T17,,,TRUE,3220,easy,TRUE,,TRUE,TRUE
8c3c92f1-c8a5-40a6-a949-ae69a25e062a,B,training,T18,,,FALSE,4848,medium,FALSE,,,
8c3c92f1-c8a5-40a6-a949-ae69a25e062a,B,training,T19,,,TRUE,3843,easy,TRUE,,TRUE,TRUE
8c3c92f1-c8a5-40a6-a949-ae69a25e062a,B,training,T20,,,TRUE,2737,medium,TRUE,,TRUE,TRUE
8c3c92f1-c8a5-40a6-a949-ae69a25e062a,B,test,X01,,,TRUE,6583,easy,FALSE,,,
8c3c92f1-c8a5-40a6-a949-ae69a25e062a,B,test,X02,,,TRUE,7862,easy,FALSE,,,
8c3c92f1-c8a5-40a6-a949-ae69a25e062a,B,test,X03,,,TRUE,4455,medium,FALSE,,,
8c3c92f1-c8a5-40a6-a949-ae69a25e062a,B,test,X04,,,FALSE,6259,medium,FALSE,,,
8c3c92f1-c8a5-40a6-a949-ae69a25e062a,B,test,X05,,,FALSE,4659,medium,FALSE,,,
8c3c92f1-c8a5-40a6-a949-ae69a25e062a,B,test,X06,,,FALSE,5200,medium,FALSE,,,
8c3c92f1-c8a5-40a6-a949-ae69a25e062a,B,test,X07,,,FALSE,5056,medium,FALSE,,,
8c3c92f1-c8a5-40a6-a949-ae69a25e062a,B,test,X08,,,FALSE,4183,hard,FALSE,,,
8c3c92f1-c8a5-40a6-a949-ae69a25e062a,B,test,X09,,,TRUE,4628,easy,FALSE,,,
8c3c92f1-c8a5-40a6-a949-ae69a25e062a,B,test,X10,,,FALSE,8159,hard,FALSE,,,
27a213a2-ae08-4480-a30c-a59d17ba1d7e,A,training,T01,,,TRUE,17129,medium,TRUE,,TRUE,TRUE
27a213a2-ae08-4480-a30c-a59d17ba1d7e,A,training,T02,,,TRUE,6685,easy,TRUE,,TRUE,TRUE
27a213a2-ae08-4480-a30c-a59d17ba1d7e,A,training,T03,,,TRUE,5367,medium,TRUE,,TRUE,TRUE
27a213a2-ae08-4480-a30c-a59d17ba1d7e,A,training,T04,,,TRUE,1981,easy,TRUE,,TRUE,TRUE
27a213a2-ae08-4480-a30c-a59d17ba1d7e,A,training,T05,,,TRUE,1596,medium,TRUE,,TRUE,TRUE
27a213a2-ae08-4480-a30c-a59d17ba1d7e,A,training,T06,,,FALSE,1528,easy,TRUE,,FALSE,TRUE
27a213a2-ae08-4480-a30c-a59d17ba1d7e,A,training,T07,,,TRUE,2231,medium,TRUE,,TRUE,TRUE
27a213a2-ae08-4480-a30c-a59d17ba1d7e,A,training,T08,,,TRUE,1554,medium,TRUE,,TRUE,TRUE
27a213a2-ae08-4480-a30c-a59d17ba1d7e,A,training,T09,,,TRUE,1775,medium,TRUE,,TRUE,TRUE
27a213a2-ae08-4480-a30c-a59d17ba1d7e,A,training,T10,,,TRUE,1159,medium,TRUE,,TRUE,TRUE
27a213a2-ae08-4480-a30c-a59d17ba1d7e,A,training,T11,,,TRUE,1393,medium,TRUE,,TRUE,TRUE
27a213a2-ae08-4480-a30c-a59d17ba1d7e,A,training,T12,,,FALSE,2893,medium,TRUE,,FALSE,TRUE
27a213a2-ae08-4480-a30c-a59d17ba1d7e,A,training,T13,,,TRUE,5111,medium,TRUE,,FALSE,FALSE
27a213a2-ae08-4480-a30c-a59d17ba1d7e,A,training,T14,,,FALSE,3540,medium,TRUE,,FALSE,TRUE
27a213a2-ae08-4480-a30c-a59d17ba1d7e,A,training,T15,,,TRUE,1838,easy,TRUE,,TRUE,TRUE
27a213a2-ae08-4480-a30c-a59d17ba1d7e,A,training,T16,,,FALSE,1213,medium,TRUE,,FALSE,TRUE
27a213a2-ae08-4480-a30c-a59d17ba1d7e,A,training,T17,,,TRUE,2300,easy,TRUE,,TRUE,TRUE
27a213a2-ae08-4480-a30c-a59d17ba1d7e,A,training,T18,,,TRUE,3885,medium,TRUE,,TRUE,TRUE
27a213a2-ae08-4480-a30c-a59d17ba1d7e,A,training,T19,,,TRUE,4008,easy,TRUE,,TRUE,TRUE
27a213a2-ae08-4480-a30c-a59d17ba1d7e,A,training,T20,,,TRUE,1534,medium,TRUE,,TRUE,TRUE
27a213a2-ae08-4480-a30c-a59d17ba1d7e,A,test,X01,,,TRUE,8874,easy,FALSE,,,
27a213a2-ae08-4480-a30c-a59d17ba1d7e,A,test,X02,,,TRUE,4103,easy,FALSE,,,
27a213a2-ae08-4480-a30c-a59d17ba1d7e,A,test,X03,,,TRUE,4252,medium,FALSE,,,
27a213a2-ae08-4480-a30c-a59d17ba1d7e,A,test,X04,,,TRUE,4363,medium,FALSE,,,
27a213a2-ae08-4480-a30c-a59d17ba1d7e,A,test,X05,,,TRUE,6250,medium,FALSE,,,
27a213a2-ae08-4480-a30c-a59d17ba1d7e,A,test,X06,,,FALSE,10698,medium,FALSE,,,
27a213a2-ae08-4480-a30c-a59d17ba1d7e,A,test,X07,,,FALSE,6777,medium,FALSE,,,
27a213a2-ae08-4480-a30c-a59d17ba1d7e,A,test,X08,,,FALSE,3754,hard,FALSE,,,
27a213a2-ae08-4480-a30c-a59d17ba1d7e,A,test,X09,,,TRUE,3052,easy,FALSE,,,
27a213a2-ae08-4480-a30c-a59d17ba1d7e,A,test,X10,,,FALSE,8740,hard,FALSE,,,
f16367ef-e72b-4789-9a11-62fbf99ce6e6,B,training,T01,,,TRUE,1892,medium,TRUE,,TRUE,TRUE
f16367ef-e72b-4789-9a11-62fbf99ce6e6,B,training,T02,,,TRUE,2191,easy,TRUE,,TRUE,TRUE
f16367ef-e72b-4789-9a11-62fbf99ce6e6,B,training,T03,,,FALSE,7878,medium,FALSE,,,
f16367ef-e72b-4789-9a11-62fbf99ce6e6,B,training,T04,,,TRUE,2006,easy,TRUE,,TRUE,TRUE
f16367ef-e72b-4789-9a11-62fbf99ce6e6,B,training,T05,,,TRUE,1386,medium,TRUE,,TRUE,TRUE
f16367ef-e72b-4789-9a11-62fbf99ce6e6,B,training,T06,,,TRUE,1811,easy,FALSE,,,
f16367ef-e72b-4789-9a11-62fbf99ce6e6,B,training,T07,,,TRUE,4258,medium,TRUE,,TRUE,TRUE
f16367ef-e72b-4789-9a11-62fbf99ce6e6,B,training,T08,,,TRUE,5847,medium,TRUE,,TRUE,TRUE
f16367ef-e72b-4789-9a11-62fbf99ce6e6,B,training,T09,,,TRUE,6942,medium,FALSE,,,
f16367ef-e72b-4789-9a11-62fbf99ce6e6,B,training,T10,,,TRUE,2116,medium,TRUE,,TRUE,TRUE
f16367ef-e72b-4789-9a11-62fbf99ce6e6,B,training,T11,,,TRUE,2373,medium,TRUE,,TRUE,TRUE
f16367ef-e72b-4789-9a11-62fbf99ce6e6,B,training,T12,,,FALSE,5074,medium,FALSE,,,
f16367ef-e72b-4789-9a11-62fbf99ce6e6,B,training,T13,,,TRUE,2905,medium,TRUE,,FALSE,FALSE
f16367ef-e72b-4789-9a11-62fbf99ce6e6,B,training,T14,,,TRUE,3561,medium,TRUE,,FALSE,FALSE
f16367ef-e72b-4789-9a11-62fbf99ce6e6,B,training,T15,,,TRUE,1713,easy,FALSE,,,
f16367ef-e72b-4789-9a11-62fbf99ce6e6,B,training,T16,,,TRUE,3715,medium,TRUE,,FALSE,FALSE
f16367ef-e72b-4789-9a11-62fbf99ce6e6,B,training,T17,,,TRUE,2360,easy,TRUE,,TRUE,TRUE
f16367ef-e72b-4789-9a11-62fbf99ce6e6,B,training,T18,,,TRUE,3606,medium,FALSE,,,
f16367ef-e72b-4789-9a11-62fbf99ce6e6,B,training,T19,,,TRUE,2560,easy,TRUE,,TRUE,TRUE
f16367ef-e72b-4789-9a11-62fbf99ce6e6,B,training,T20,,,TRUE,2247,medium,TRUE,,TRUE,TRUE
f16367ef-e72b-4789-9a11-62fbf99ce6e6,B,test,X01,,,FALSE,73,easy,FALSE,,,
f16367ef-e72b-4789-9a11-62fbf99ce6e6,B,test,X02,,,TRUE,3884,easy,FALSE,,,
f16367ef-e72b-4789-9a11-62fbf99ce6e6,B,test,X03,,,TRUE,2289,medium,FALSE,,,
f16367ef-e72b-4789-9a11-62fbf99ce6e6,B,test,X04,,,FALSE,3580,medium,FALSE,,,
f16367ef-e72b-4789-9a11-62fbf99ce6e6,B,test,X05,,,FALSE,3952,medium,FALSE,,,
f16367ef-e72b-4789-9a11-62fbf99ce6e6,B,test,X06,,,TRUE,3788,medium,FALSE,,,
f16367ef-e72b-4789-9a11-62fbf99ce6e6,B,test,X07,,,TRUE,1555,medium,FALSE,,,
f16367ef-e72b-4789-9a11-62fbf99ce6e6,B,test,X08,,,FALSE,1823,hard,FALSE,,,
f16367ef-e72b-4789-9a11-62fbf99ce6e6,B,test,X09,,,TRUE,1549,easy,FALSE,,,
f16367ef-e72b-4789-9a11-62fbf99ce6e6,B,test,X10,,,FALSE,1388,hard,FALSE,,,
5d49962b-e8e4-42c9-a063-899bc95cc096,A,training,T01,,,TRUE,6115,medium,TRUE,,TRUE,TRUE
5d49962b-e8e4-42c9-a063-899bc95cc096,A,training,T02,,,TRUE,4853,easy,TRUE,,TRUE,TRUE
5d49962b-e8e4-42c9-a063-899bc95cc096,A,training,T03,,,TRUE,6185,medium,TRUE,,TRUE,TRUE
5d49962b-e8e4-42c9-a063-899bc95cc096,A,training,T04,,,TRUE,5819,easy,TRUE,,TRUE,TRUE
5d49962b-e8e4-42c9-a063-899bc95cc096,A,training,T05,,,TRUE,1677,medium,TRUE,,TRUE,TRUE
5d49962b-e8e4-42c9-a063-899bc95cc096,A,training,T06,,,FALSE,4715,easy,TRUE,,FALSE,TRUE
5d49962b-e8e4-42c9-a063-899bc95cc096,A,training,T07,,,TRUE,9850,medium,TRUE,,TRUE,TRUE
5d49962b-e8e4-42c9-a063-899bc95cc096,A,training,T08,,,TRUE,3311,medium,TRUE,,TRUE,TRUE
5d49962b-e8e4-42c9-a063-899bc95cc096,A,training,T09,,,TRUE,4939,medium,TRUE,,TRUE,TRUE
5d49962b-e8e4-42c9-a063-899bc95cc096,A,training,T10,,,TRUE,3401,medium,TRUE,,TRUE,TRUE
5d49962b-e8e4-42c9-a063-899bc95cc096,A,training,T11,,,TRUE,3979,medium,TRUE,,TRUE,TRUE
5d49962b-e8e4-42c9-a063-899bc95cc096,A,training,T12,,,FALSE,4825,medium,TRUE,,FALSE,TRUE
5d49962b-e8e4-42c9-a063-899bc95cc096,A,training,T13,,,FALSE,5672,medium,TRUE,,FALSE,TRUE
5d49962b-e8e4-42c9-a063-899bc95cc096,A,training,T14,,,FALSE,23056,medium,TRUE,,FALSE,FALSE
5d49962b-e8e4-42c9-a063-899bc95cc096,A,training,T15,,,TRUE,2804,easy,TRUE,,TRUE,TRUE
5d49962b-e8e4-42c9-a063-899bc95cc096,A,training,T16,,,TRUE,6086,medium,TRUE,,FALSE,FALSE
5d49962b-e8e4-42c9-a063-899bc95cc096,A,training,T17,,,TRUE,4361,easy,TRUE,,TRUE,TRUE
5d49962b-e8e4-42c9-a063-899bc95cc096,A,training,T18,,,TRUE,2538,medium,TRUE,,TRUE,TRUE
5d49962b-e8e4-42c9-a063-899bc95cc096,A,training,T19,,,TRUE,5495,easy,TRUE,,TRUE,TRUE
5d49962b-e8e4-42c9-a063-899bc95cc096,A,training,T20,,,TRUE,4244,medium,TRUE,,TRUE,TRUE
5d49962b-e8e4-42c9-a063-899bc95cc096,A,test,X01,,,FALSE,12162,easy,FALSE,,,
5d49962b-e8e4-42c9-a063-899bc95cc096,A,test,X02,,,TRUE,5950,easy,FALSE,,,
5d49962b-e8e4-42c9-a063-899bc95cc096,A,test,X03,,,FALSE,5233,medium,FALSE,,,
5d49962b-e8e4-42c9-a063-899bc95cc096,A,test,X04,,,FALSE,23588,medium,FALSE,,,
5d49962b-e8e4-42c9-a063-899bc95cc096,A,test,X05,,,FALSE,8840,medium,FALSE,,,
5d49962b-e8e4-42c9-a063-899bc95cc096,A,test,X06,,,FALSE,8740,medium,FALSE,,,
5d49962b-e8e4-42c9-a063-899bc95cc096,A,test,X07,,,TRUE,8076,medium,FALSE,,,
5d49962b-e8e4-42c9-a063-899bc95cc096,A,test,X08,,,FALSE,8405,hard,FALSE,,,
5d49962b-e8e4-42c9-a063-899bc95cc096,A,test,X09,,,TRUE,3891,easy,FALSE,,,
5d49962b-e8e4-42c9-a063-899bc95cc096,A,test,X10,,,TRUE,8675,hard,FALSE,,,
043d6873-0849-4566-bd8d-bd431e81a493,A,training,T01,,,TRUE,1722,medium,TRUE,,TRUE,TRUE
043d6873-0849-4566-bd8d-bd431e81a493,A,training,T02,,,TRUE,1156,easy,TRUE,,TRUE,TRUE
043d6873-0849-4566-bd8d-bd431e81a493,A,training,T03,,,TRUE,18673,medium,TRUE,,TRUE,TRUE
043d6873-0849-4566-bd8d-bd431e81a493,A,training,T04,,,TRUE,12479,easy,TRUE,,TRUE,TRUE
043d6873-0849-4566-bd8d-bd431e81a493,A,training,T05,,,TRUE,16874,medium,TRUE,,TRUE,TRUE
043d6873-0849-4566-bd8d-bd431e81a493,A,training,T06,,,TRUE,15971,easy,TRUE,,FALSE,FALSE
043d6873-0849-4566-bd8d-bd431e81a493,A,training,T07,,,TRUE,10077,medium,TRUE,,TRUE,TRUE
043d6873-0849-4566-bd8d-bd431e81a493,A,training,T08,,,FALSE,17397,medium,TRUE,,TRUE,FALSE
043d6873-0849-4566-bd8d-bd431e81a493,A,training,T09,,,FALSE,5157,medium,TRUE,,TRUE,FALSE
043d6873-0849-4566-bd8d-bd431e81a493,A,training,T10,,,FALSE,15,medium,TRUE,,TRUE,FALSE
043d6873-0849-4566-bd8d-bd431e81a493,A,training,T11,,,TRUE,16691,medium,TRUE,,TRUE,TRUE
043d6873-0849-4566-bd8d-bd431e81a493,A,training,T12,,,FALSE,4600,medium,TRUE,,FALSE,FALSE
043d6873-0849-4566-bd8d-bd431e81a493,A,training,T13,,,TRUE,20950,medium,TRUE,,FALSE,FALSE
043d6873-0849-4566-bd8d-bd431e81a493,A,training,T14,,,TRUE,12969,medium,TRUE,,FALSE,FALSE
043d6873-0849-4566-bd8d-bd431e81a493,A,training,T15,,,FALSE,4641,easy,TRUE,,TRUE,FALSE
043d6873-0849-4566-bd8d-bd431e81a493,A,training,T16,,,TRUE,14194,medium,TRUE,,FALSE,FALSE
043d6873-0849-4566-bd8d-bd431e81a493,A,training,T17,,,TRUE,17207,easy,TRUE,,TRUE,TRUE
043d6873-0849-4566-bd8d-bd431e81a493,A,training,T18,,,TRUE,9251,medium,TRUE,,TRUE,TRUE
043d6873-0849-4566-bd8d-bd431e81a493,A,training,T19,,,TRUE,18911,easy,TRUE,,TRUE,TRUE
043d6873-0849-4566-bd8d-bd431e81a493,A,training,T20,,,TRUE,10188,medium,TRUE,,TRUE,TRUE
043d6873-0849-4566-bd8d-bd431e81a493,A,test,X01,,,TRUE,11090,easy,FALSE,,,
043d6873-0849-4566-bd8d-bd431e81a493,A,test,X02,,,TRUE,3280,easy,FALSE,,,
043d6873-0849-4566-bd8d-bd431e81a493,A,test,X03,,,TRUE,17726,medium,FALSE,,,
043d6873-0849-4566-bd8d-bd431e81a493,A,test,X04,,,TRUE,8553,medium,FALSE,,,
043d6873-0849-4566-bd8d-bd431e81a493,A,test,X05,,,TRUE,7578,medium,FALSE,,,
043d6873-0849-4566-bd8d-bd431e81a493,A,test,X06,,,TRUE,8427,medium,FALSE,,,
043d6873-0849-4566-bd8d-bd431e81a493,A,test,X07,,,TRUE,6709,medium,FALSE,,,
043d6873-0849-4566-bd8d-bd431e81a493,A,test,X08,,,FALSE,7788,hard,FALSE,,,
043d6873-0849-4566-bd8d-bd431e81a493,A,test,X09,,,TRUE,9609,easy,FALSE,,,
043d6873-0849-4566-bd8d-bd431e81a493,A,test,X10,,,TRUE,14965,hard,FALSE,,,
0a7ff933-7944-436b-a2d7-f9d4a3ed61bd,A,training,T01,,,FALSE,1715,medium,TRUE,,TRUE,FALSE
0a7ff933-7944-436b-a2d7-f9d4a3ed61bd,A,training,T02,,,FALSE,9833,easy,TRUE,,TRUE,FALSE
0a7ff933-7944-436b-a2d7-f9d4a3ed61bd,A,training,T03,,,FALSE,803,medium,TRUE,,TRUE,FALSE
0a7ff933-7944-436b-a2d7-f9d4a3ed61bd,A,training,T04,,,FALSE,1350,easy,TRUE,,TRUE,FALSE
0a7ff933-7944-436b-a2d7-f9d4a3ed61bd,A,training,T05,,,TRUE,652,medium,TRUE,,TRUE,TRUE
0a7ff933-7944-436b-a2d7-f9d4a3ed61bd,A,training,T06,,,FALSE,851,easy,TRUE,,FALSE,TRUE
0a7ff933-7944-436b-a2d7-f9d4a3ed61bd,A,training,T07,,,FALSE,542,medium,TRUE,,TRUE,FALSE
0a7ff933-7944-436b-a2d7-f9d4a3ed61bd,A,training,T08,,,FALSE,787,medium,TRUE,,TRUE,FALSE
0a7ff933-7944-436b-a2d7-f9d4a3ed61bd,A,training,T09,,,FALSE,924,medium,TRUE,,TRUE,FALSE
0a7ff933-7944-436b-a2d7-f9d4a3ed61bd,A,training,T10,,,FALSE,1388,medium,TRUE,,TRUE,FALSE
0a7ff933-7944-436b-a2d7-f9d4a3ed61bd,A,training,T11,,,FALSE,521,medium,TRUE,,TRUE,FALSE
0a7ff933-7944-436b-a2d7-f9d4a3ed61bd,A,training,T12,,,FALSE,1032,medium,TRUE,,FALSE,FALSE
0a7ff933-7944-436b-a2d7-f9d4a3ed61bd,A,training,T13,,,FALSE,412,medium,TRUE,,FALSE,TRUE
0a7ff933-7944-436b-a2d7-f9d4a3ed61bd,A,training,T14,,,TRUE,490,medium,TRUE,,FALSE,FALSE
0a7ff933-7944-436b-a2d7-f9d4a3ed61bd,A,training,T15,,,FALSE,7222,easy,TRUE,,TRUE,FALSE
0a7ff933-7944-436b-a2d7-f9d4a3ed61bd,A,training,T16,,,FALSE,2547,medium,TRUE,,FALSE,FALSE
0a7ff933-7944-436b-a2d7-f9d4a3ed61bd,A,training,T17,,,FALSE,5002,easy,TRUE,,TRUE,FALSE
0a7ff933-7944-436b-a2d7-f9d4a3ed61bd,A,training,T18,,,TRUE,467,medium,TRUE,,TRUE,TRUE
0a7ff933-7944-436b-a2d7-f9d4a3ed61bd,A,training,T19,,,FALSE,2128,easy,TRUE,,TRUE,FALSE
ae1a2844-c303-4e1c-93af-f7727364f955,A,training,T01,,,TRUE,2142,medium,TRUE,,TRUE,TRUE
ae1a2844-c303-4e1c-93af-f7727364f955,A,training,T02,,,FALSE,1168,easy,TRUE,,TRUE,FALSE
ae1a2844-c303-4e1c-93af-f7727364f955,A,training,T03,,,FALSE,910,medium,TRUE,,TRUE,FALSE
0a7ff933-7944-436b-a2d7-f9d4a3ed61bd,A,training,T20,,,FALSE,28009,medium,TRUE,,TRUE,FALSE
ae1a2844-c303-4e1c-93af-f7727364f955,A,training,T04,,,FALSE,836,easy,TRUE,,TRUE,FALSE
0a7ff933-7944-436b-a2d7-f9d4a3ed61bd,A,test,X01,,,FALSE,882580,easy,FALSE,,,
0a7ff933-7944-436b-a2d7-f9d4a3ed61bd,A,test,X02,,,FALSE,588,easy,FALSE,,,
ae1a2844-c303-4e1c-93af-f7727364f955,A,training,T05,,,TRUE,805,medium,TRUE,,TRUE,TRUE
0a7ff933-7944-436b-a2d7-f9d4a3ed61bd,A,test,X03,,,TRUE,384,medium,FALSE,,,
0a7ff933-7944-436b-a2d7-f9d4a3ed61bd,A,test,X04,,,TRUE,364,medium,FALSE,,,
0a7ff933-7944-436b-a2d7-f9d4a3ed61bd,A,test,X05,,,FALSE,344,medium,FALSE,,,
0a7ff933-7944-436b-a2d7-f9d4a3ed61bd,A,test,X06,,,TRUE,248,medium,FALSE,,,
ae1a2844-c303-4e1c-93af-f7727364f955,A,training,T06,,,FALSE,929,easy,TRUE,,FALSE,FALSE
ae1a2844-c303-4e1c-93af-f7727364f955,A,training,T07,,,FALSE,897,medium,TRUE,,TRUE,FALSE
0a7ff933-7944-436b-a2d7-f9d4a3ed61bd,A,test,X07,,,TRUE,355,medium,FALSE,,,
0a7ff933-7944-436b-a2d7-f9d4a3ed61bd,A,test,X08,,,FALSE,228,hard,FALSE,,,
ae1a2844-c303-4e1c-93af-f7727364f955,A,training,T08,,,FALSE,1107,medium,TRUE,,TRUE,FALSE
0a7ff933-7944-436b-a2d7-f9d4a3ed61bd,A,test,X09,,,FALSE,363,easy,FALSE,,,
0a7ff933-7944-436b-a2d7-f9d4a3ed61bd,A,test,X10,,,FALSE,275,hard,FALSE,,,
ae1a2844-c303-4e1c-93af-f7727364f955,A,training,T09,,,FALSE,737,medium,TRUE,,TRUE,FALSE
ae1a2844-c303-4e1c-93af-f7727364f955,A,training,T10,,,FALSE,830,medium,TRUE,,TRUE,FALSE
ae1a2844-c303-4e1c-93af-f7727364f955,A,training,T11,,,FALSE,678,medium,TRUE,,TRUE,FALSE
ae1a2844-c303-4e1c-93af-f7727364f955,A,training,T12,,,FALSE,697,medium,TRUE,,FALSE,FALSE
ae1a2844-c303-4e1c-93af-f7727364f955,A,training,T13,,,FALSE,785,medium,TRUE,,FALSE,TRUE
ae1a2844-c303-4e1c-93af-f7727364f955,A,training,T14,,,FALSE,768,medium,TRUE,,FALSE,FALSE
ae1a2844-c303-4e1c-93af-f7727364f955,A,training,T15,,,FALSE,837,easy,TRUE,,TRUE,FALSE
ae1a2844-c303-4e1c-93af-f7727364f955,A,training,T16,,,FALSE,999,medium,TRUE,,FALSE,FALSE
ae1a2844-c303-4e1c-93af-f7727364f955,A,training,T17,,,FALSE,946,easy,TRUE,,TRUE,FALSE
ae1a2844-c303-4e1c-93af-f7727364f955,A,training,T18,,,TRUE,939,medium,TRUE,,TRUE,TRUE
ae1a2844-c303-4e1c-93af-f7727364f955,A,training,T19,,,FALSE,909,easy,TRUE,,TRUE,FALSE
ae1a2844-c303-4e1c-93af-f7727364f955,A,training,T20,,,FALSE,859,medium,TRUE,,TRUE,FALSE
ae1a2844-c303-4e1c-93af-f7727364f955,A,test,X01,,,FALSE,1995,easy,FALSE,,,
ae1a2844-c303-4e1c-93af-f7727364f955,A,test,X02,,,FALSE,1187,easy,FALSE,,,
ae1a2844-c303-4e1c-93af-f7727364f955,A,test,X03,,,FALSE,742,medium,FALSE,,,
ae1a2844-c303-4e1c-93af-f7727364f955,A,test,X04,,,FALSE,557,medium,FALSE,,,
ae1a2844-c303-4e1c-93af-f7727364f955,A,test,X05,,,FALSE,591,medium,FALSE,,,
ae1a2844-c303-4e1c-93af-f7727364f955,A,test,X06,,,FALSE,502,medium,FALSE,,,
ae1a2844-c303-4e1c-93af-f7727364f955,A,test,X07,,,FALSE,462,medium,FALSE,,,
ae1a2844-c303-4e1c-93af-f7727364f955,A,test,X08,,,FALSE,440,hard,FALSE,,,
ae1a2844-c303-4e1c-93af-f7727364f955,A,test,X09,,,FALSE,403,easy,FALSE,,,
ae1a2844-c303-4e1c-93af-f7727364f955,A,test,X10,,,FALSE,469,hard,FALSE,,,
a46f5c94-7b18-4db4-83ea-405eb3fbc35f,A,training,T01,,,FALSE,3635,medium,TRUE,,TRUE,FALSE
a46f5c94-7b18-4db4-83ea-405eb3fbc35f,A,training,T02,,,TRUE,2286,easy,TRUE,,TRUE,TRUE
a46f5c94-7b18-4db4-83ea-405eb3fbc35f,A,training,T03,,,FALSE,9040,medium,TRUE,,TRUE,FALSE
a46f5c94-7b18-4db4-83ea-405eb3fbc35f,A,training,T04,,,FALSE,3938,easy,TRUE,,TRUE,FALSE
a46f5c94-7b18-4db4-83ea-405eb3fbc35f,A,training,T05,,,TRUE,1037,medium,TRUE,,TRUE,TRUE
a46f5c94-7b18-4db4-83ea-405eb3fbc35f,A,training,T06,,,FALSE,859,easy,TRUE,,FALSE,FALSE
a46f5c94-7b18-4db4-83ea-405eb3fbc35f,A,training,T07,,,FALSE,1492,medium,TRUE,,TRUE,FALSE
a46f5c94-7b18-4db4-83ea-405eb3fbc35f,A,training,T08,,,TRUE,7909,medium,TRUE,,TRUE,TRUE
a46f5c94-7b18-4db4-83ea-405eb3fbc35f,A,training,T09,,,FALSE,2698,medium,TRUE,,TRUE,FALSE
a46f5c94-7b18-4db4-83ea-405eb3fbc35f,A,training,T10,,,FALSE,4148,medium,TRUE,,TRUE,FALSE
a46f5c94-7b18-4db4-83ea-405eb3fbc35f,A,training,T11,,,FALSE,5913,medium,TRUE,,TRUE,FALSE
a46f5c94-7b18-4db4-83ea-405eb3fbc35f,A,training,T12,,,TRUE,844,medium,TRUE,,FALSE,FALSE
a46f5c94-7b18-4db4-83ea-405eb3fbc35f,A,training,T13,,,FALSE,649,medium,TRUE,,FALSE,TRUE
a46f5c94-7b18-4db4-83ea-405eb3fbc35f,A,training,T14,,,FALSE,1719,medium,TRUE,,FALSE,FALSE
a46f5c94-7b18-4db4-83ea-405eb3fbc35f,A,training,T15,,,FALSE,885,easy,TRUE,,TRUE,FALSE
a46f5c94-7b18-4db4-83ea-405eb3fbc35f,A,training,T16,,,TRUE,799,medium,TRUE,,FALSE,FALSE
a46f5c94-7b18-4db4-83ea-405eb3fbc35f,A,training,T17,,,FALSE,3415,easy,TRUE,,TRUE,FALSE
a46f5c94-7b18-4db4-83ea-405eb3fbc35f,A,training,T18,,,TRUE,2209,medium,TRUE,,TRUE,TRUE
a46f5c94-7b18-4db4-83ea-405eb3fbc35f,A,training,T19,,,TRUE,2373,easy,TRUE,,TRUE,TRUE
a46f5c94-7b18-4db4-83ea-405eb3fbc35f,A,training,T20,,,TRUE,1671,medium,TRUE,,TRUE,TRUE
a46f5c94-7b18-4db4-83ea-405eb3fbc35f,A,test,X01,,,FALSE,4068,easy,FALSE,,,
a46f5c94-7b18-4db4-83ea-405eb3fbc35f,A,test,X02,,,TRUE,2641,easy,FALSE,,,
a46f5c94-7b18-4db4-83ea-405eb3fbc35f,A,test,X03,,,TRUE,3760,medium,FALSE,,,
a46f5c94-7b18-4db4-83ea-405eb3fbc35f,A,test,X04,,,FALSE,5667,medium,FALSE,,,
a46f5c94-7b18-4db4-83ea-405eb3fbc35f,A,test,X05,,,TRUE,5984,medium,FALSE,,,
a46f5c94-7b18-4db4-83ea-405eb3fbc35f,A,test,X06,,,FALSE,9005,medium,FALSE,,,
a46f5c94-7b18-4db4-83ea-405eb3fbc35f,A,test,X07,,,TRUE,1437,medium,FALSE,,,
a46f5c94-7b18-4db4-83ea-405eb3fbc35f,A,test,X08,,,FALSE,628,hard,FALSE,,,
a46f5c94-7b18-4db4-83ea-405eb3fbc35f,A,test,X09,,,FALSE,664,easy,FALSE,,,
a46f5c94-7b18-4db4-83ea-405eb3fbc35f,A,test,X10,,,FALSE,631,hard,FALSE,,,
f24742da-2bb7-438c-9353-d3426afee72d,B,training,T01,,,TRUE,6462,medium,TRUE,,TRUE,TRUE
f24742da-2bb7-438c-9353-d3426afee72d,B,training,T02,,,TRUE,7102,easy,TRUE,,TRUE,TRUE
f24742da-2bb7-438c-9353-d3426afee72d,B,training,T03,,,FALSE,6710,medium,FALSE,,,
f24742da-2bb7-438c-9353-d3426afee72d,B,training,T04,,,TRUE,3098,easy,TRUE,,TRUE,TRUE
f24742da-2bb7-438c-9353-d3426afee72d,B,training,T05,,,TRUE,7831,medium,TRUE,,TRUE,TRUE
f24742da-2bb7-438c-9353-d3426afee72d,B,training,T06,,,TRUE,15233,easy,FALSE,,,
f24742da-2bb7-438c-9353-d3426afee72d,B,training,T07,,,TRUE,2808,medium,TRUE,,TRUE,TRUE
f24742da-2bb7-438c-9353-d3426afee72d,B,training,T08,,,FALSE,2125,medium,TRUE,,TRUE,FALSE
f24742da-2bb7-438c-9353-d3426afee72d,B,training,T09,,,TRUE,4329,medium,FALSE,,,
f24742da-2bb7-438c-9353-d3426afee72d,B,training,T10,,,TRUE,2411,medium,TRUE,,TRUE,TRUE
f24742da-2bb7-438c-9353-d3426afee72d,B,training,T11,,,TRUE,9974,medium,TRUE,,TRUE,TRUE
f24742da-2bb7-438c-9353-d3426afee72d,B,training,T12,,,TRUE,6236,medium,FALSE,,,
f24742da-2bb7-438c-9353-d3426afee72d,B,training,T13,,,FALSE,3191,medium,TRUE,,FALSE,TRUE
f24742da-2bb7-438c-9353-d3426afee72d,B,training,T14,,,FALSE,2593,medium,TRUE,,FALSE,TRUE
f24742da-2bb7-438c-9353-d3426afee72d,B,training,T15,,,FALSE,5320,easy,FALSE,,,
f24742da-2bb7-438c-9353-d3426afee72d,B,training,T16,,,FALSE,3168,medium,TRUE,,FALSE,TRUE
f24742da-2bb7-438c-9353-d3426afee72d,B,training,T17,,,TRUE,4801,easy,TRUE,,TRUE,TRUE
f24742da-2bb7-438c-9353-d3426afee72d,B,training,T18,,,TRUE,6665,medium,FALSE,,,
f24742da-2bb7-438c-9353-d3426afee72d,B,training,T19,,,FALSE,5186,easy,TRUE,,TRUE,FALSE
f24742da-2bb7-438c-9353-d3426afee72d,B,training,T20,,,TRUE,2579,medium,TRUE,,TRUE,TRUE
f24742da-2bb7-438c-9353-d3426afee72d,B,test,X01,,,FALSE,4936,easy,FALSE,,,
f24742da-2bb7-438c-9353-d3426afee72d,B,test,X02,,,TRUE,5208,easy,FALSE,,,
f24742da-2bb7-438c-9353-d3426afee72d,B,test,X03,,,TRUE,4556,medium,FALSE,,,
f24742da-2bb7-438c-9353-d3426afee72d,B,test,X04,,,FALSE,9416,medium,FALSE,,,
f24742da-2bb7-438c-9353-d3426afee72d,B,test,X05,,,TRUE,8972,medium,FALSE,,,
f24742da-2bb7-438c-9353-d3426afee72d,B,test,X06,,,FALSE,19721,medium,FALSE,,,
f24742da-2bb7-438c-9353-d3426afee72d,B,test,X07,,,TRUE,2958,medium,FALSE,,,
f24742da-2bb7-438c-9353-d3426afee72d,B,test,X08,,,FALSE,4150,hard,FALSE,,,
f24742da-2bb7-438c-9353-d3426afee72d,B,test,X09,,,TRUE,3803,easy,FALSE,,,
f24742da-2bb7-438c-9353-d3426afee72d,B,test,X10,,,FALSE,8327,hard,FALSE,,,
a2178ad0-3fc4-4d0c-bb35-4c9c65632477,B,training,T01,,,TRUE,8161,medium,TRUE,,TRUE,TRUE
a2178ad0-3fc4-4d0c-bb35-4c9c65632477,B,training,T02,,,FALSE,4482,easy,TRUE,,TRUE,FALSE
a2178ad0-3fc4-4d0c-bb35-4c9c65632477,B,training,T03,,,FALSE,14565,medium,FALSE,,,
a2178ad0-3fc4-4d0c-bb35-4c9c65632477,B,training,T04,,,TRUE,5085,easy,TRUE,,TRUE,TRUE
a2178ad0-3fc4-4d0c-bb35-4c9c65632477,B,training,T05,,,TRUE,5197,medium,TRUE,,TRUE,TRUE
a2178ad0-3fc4-4d0c-bb35-4c9c65632477,B,training,T06,,,TRUE,8539,easy,FALSE,,,
a2178ad0-3fc4-4d0c-bb35-4c9c65632477,B,training,T07,,,TRUE,9965,medium,TRUE,,TRUE,TRUE
a2178ad0-3fc4-4d0c-bb35-4c9c65632477,B,training,T08,,,TRUE,5072,medium,TRUE,,TRUE,TRUE
a2178ad0-3fc4-4d0c-bb35-4c9c65632477,B,training,T09,,,TRUE,8865,medium,FALSE,,,
a2178ad0-3fc4-4d0c-bb35-4c9c65632477,B,training,T10,,,TRUE,5628,medium,TRUE,,TRUE,TRUE
a2178ad0-3fc4-4d0c-bb35-4c9c65632477,B,training,T11,,,FALSE,6520,medium,TRUE,,TRUE,FALSE
a2178ad0-3fc4-4d0c-bb35-4c9c65632477,B,training,T12,,,TRUE,9058,medium,FALSE,,,
a2178ad0-3fc4-4d0c-bb35-4c9c65632477,B,training,T13,,,FALSE,6145,medium,TRUE,,FALSE,FALSE
a2178ad0-3fc4-4d0c-bb35-4c9c65632477,B,training,T14,,,FALSE,3542,medium,TRUE,,FALSE,TRUE
a2178ad0-3fc4-4d0c-bb35-4c9c65632477,B,training,T15,,,FALSE,5869,easy,FALSE,,,
a2178ad0-3fc4-4d0c-bb35-4c9c65632477,B,training,T16,,,TRUE,4030,medium,TRUE,,FALSE,FALSE
a2178ad0-3fc4-4d0c-bb35-4c9c65632477,B,training,T17,,,FALSE,3013,easy,TRUE,,TRUE,FALSE
a2178ad0-3fc4-4d0c-bb35-4c9c65632477,B,training,T18,,,FALSE,2681,medium,FALSE,,,
a2178ad0-3fc4-4d0c-bb35-4c9c65632477,B,training,T19,,,FALSE,4080,easy,TRUE,,TRUE,FALSE
a2178ad0-3fc4-4d0c-bb35-4c9c65632477,B,training,T20,,,FALSE,1854,medium,TRUE,,TRUE,FALSE
a2178ad0-3fc4-4d0c-bb35-4c9c65632477,B,test,X01,,,FALSE,4595,easy,FALSE,,,
a2178ad0-3fc4-4d0c-bb35-4c9c65632477,B,test,X02,,,TRUE,6662,easy,FALSE,,,
a2178ad0-3fc4-4d0c-bb35-4c9c65632477,B,test,X03,,,FALSE,6887,medium,FALSE,,,
a2178ad0-3fc4-4d0c-bb35-4c9c65632477,B,test,X04,,,TRUE,8529,medium,FALSE,,,
a2178ad0-3fc4-4d0c-bb35-4c9c65632477,B,test,X05,,,TRUE,6298,medium,FALSE,,,
a2178ad0-3fc4-4d0c-bb35-4c9c65632477,B,test,X06,,,FALSE,3205,medium,FALSE,,,
a2178ad0-3fc4-4d0c-bb35-4c9c65632477,B,test,X07,,,TRUE,1983,medium,FALSE,,,
a2178ad0-3fc4-4d0c-bb35-4c9c65632477,B,test,X08,,,FALSE,1479,hard,FALSE,,,
a2178ad0-3fc4-4d0c-bb35-4c9c65632477,B,test,X09,,,TRUE,3233,easy,FALSE,,,
a2178ad0-3fc4-4d0c-bb35-4c9c65632477,B,test,X10,,,TRUE,6059,hard,FALSE,,,